0	1.000000	0.000000	0.000000	0.000000	1.000000	0.000000	
1	0.998883	0.000197	-0.664921	-0.000197	0.998883	-3.882883	
2	0.998643	0.000920	-0.725593	-0.000920	0.998643	-1.640125	
3	0.998729	0.001157	-0.209933	-0.001157	0.998729	-3.290386	
4	0.998656	0.001184	-0.336782	-0.001184	0.998656	-4.975648	
5	0.999104	0.000829	-0.751088	-0.000829	0.999104	-5.339947	
6	0.998748	0.000478	-0.160179	-0.000478	0.998748	-5.185672	
7	0.999046	0.000792	-0.591743	-0.000792	0.999046	-3.719566	
8	0.998609	0.000584	-0.376003	-0.000584	0.998609	-2.946637	
9	0.998992	0.000864	-0.337755	-0.000864	0.998992	-2.497546	
10	0.998695	0.000615	-0.167097	-0.000615	0.998695	-1.521814	
11	0.999049	0.000957	-0.349293	-0.000957	0.999049	-1.774816	
12	0.998702	0.000761	-0.437475	-0.000761	0.998702	-1.359200	
13	0.999000	0.001046	-0.309427	-0.001046	0.999000	-1.288706	
14	0.998705	0.001174	0.261691	-0.001174	0.998705	-1.864160	
15	0.999227	0.001103	-0.551840	-0.001103	0.999227	-2.990352	
16	0.998722	0.001210	-0.274442	-0.001210	0.998722	-2.387807	
17	0.999254	0.000521	-0.295548	-0.000521	0.999254	-2.433055	
18	0.998691	0.000874	-0.448189	-0.000874	0.998691	-1.981862	
19	0.999247	0.000898	-0.267695	-0.000898	0.999247	-1.916570	
20	0.998729	0.000844	-0.336036	-0.000844	0.998729	-1.997821	
21	0.999263	0.000956	-0.444545	-0.000956	0.999263	-2.766204	
22	0.998790	0.000933	0.005626	-0.000933	0.998790	-2.028398	
23	0.999081	0.000681	0.209592	-0.000681	0.999081	-2.055635	
24	0.998687	0.000728	-0.222745	-0.000728	0.998687	-1.715036	
25	0.999057	0.000893	-0.315122	-0.000893	0.999057	-1.699295	
26	0.998627	0.000882	0.126220	-0.000882	0.998627	-1.183096	
27	0.999063	0.001317	-0.243269	-0.001317	0.999063	-1.349924	
28	0.998549	0.001295	0.233235	-0.001295	0.998549	-0.945478	
29	0.999050	0.000910	-0.016974	-0.000910	0.999050	-1.870319	
30	0.998731	0.001506	-0.770959	-0.001506	0.998731	-0.320453	
31	0.999038	0.000954	-0.031699	-0.000954	0.999038	-0.815374	
32	0.998677	0.001130	-0.098150	-0.001130	0.998677	-0.562624	
33	0.999084	0.001019	-0.065456	-0.001019	0.999084	-1.067312	
34	0.998685	0.001038	0.186787	-0.001038	0.998685	-0.654945	
35	0.999063	0.001061	-0.344360	-0.001061	0.999063	-0.781092	
36	0.998684	0.000973	0.375404	-0.000973	0.998684	-0.825629	
37	0.999151	0.001266	-0.020036	-0.001266	0.999151	-0.776422	
38	0.998785	0.000760	0.689949	-0.000760	0.998785	-0.683010	
39	0.999175	0.000879	-0.037983	-0.000879	0.999175	-0.651974	
40	0.998816	0.001200	0.227036	-0.001200	0.998816	-0.341654	
41	0.999351	0.001453	-0.184851	-0.001453	0.999351	-0.503292	
42	0.999016	0.001069	0.479874	-0.001069	0.999016	-0.590355	
43	0.999189	0.000816	0.127860	-0.000816	0.999189	-0.543035	
44	0.998914	0.001222	0.244894	-0.001222	0.998914	0.299033	
45	0.999178	0.001135	0.537735	-0.001135	0.999178	0.216738	
46	0.998784	0.001142	0.515605	-0.001142	0.998784	0.339063	
47	0.999282	0.001048	0.456079	-0.001048	0.999282	-0.488904	
48	0.998813	0.001258	0.496191	-0.001258	0.998813	-0.112946	
49	0.999085	0.001917	1.756339	-0.001917	0.999085	-1.217452	
50	0.999099	0.000476	1.532027	-0.000476	0.999099	-2.537022	
51	0.998863	0.001093	1.245566	-0.001093	0.998863	0.620582	
52	0.999138	0.001205	0.019374	-0.001205	0.999138	-0.335810	
53	0.999098	0.000833	0.389121	-0.000833	0.999098	-0.638937	
54	0.998599	0.000963	0.585511	-0.000963	0.998599	0.271097	
55	0.999177	0.000922	0.252479	-0.000922	0.999177	-0.064324	
56	0.998707	0.000986	0.615568	-0.000986	0.998707	0.055845	
57	0.999117	0.001315	0.100404	-0.001315	0.999117	0.003340	
58	0.998693	0.001397	1.176495	-0.001397	0.998693	0.145386	
59	0.999105	0.000991	0.425685	-0.000991	0.999105	0.141642	
60	0.998591	0.000861	0.392787	-0.000861	0.998591	0.726863	
61	0.999043	0.001259	0.525244	-0.001259	0.999043	0.622428	
62	0.998482	0.001002	0.946407	-0.001002	0.998482	0.683091	
63	0.999103	0.001048	0.329023	-0.001048	0.999103	0.285839	
64	0.998530	0.001093	1.085695	-0.001093	0.998530	0.426499	
65	0.998905	0.001051	0.750816	-0.001051	0.998905	-0.068940	
66	0.998626	0.000968	0.486938	-0.000968	0.998626	0.144187	
67	0.999016	0.000943	0.570470	-0.000943	0.999016	-0.064847	
68	0.998588	0.000902	0.811206	-0.000902	0.998588	0.051044	
69	0.999064	0.000972	0.380547	-0.000972	0.999064	0.239250	
70	0.998671	0.000805	0.779861	-0.000805	0.998671	0.356020	
71	0.999092	0.000808	0.784840	-0.000808	0.999092	-0.342861	
72	0.998655	0.001067	0.964055	-0.001067	0.998655	0.114424	
73	0.999158	0.001057	0.428613	-0.001057	0.999158	-0.247266	
74	0.998684	0.000962	0.742455	-0.000962	0.998684	0.472702	
75	0.999071	0.000704	0.593075	-0.000704	0.999071	0.329882	
76	0.998643	0.000928	0.522977	-0.000928	0.998643	0.745056	
77	0.999044	0.001088	0.432540	-0.001088	0.999044	0.599855	
78	0.998521	0.000894	1.344432	-0.000894	0.998521	0.326963	
79	0.998981	0.001203	0.503680	-0.001203	0.998981	-0.103863	
80	0.998632	0.000955	0.816381	-0.000955	0.998632	0.134851	
81	0.998942	0.000969	0.776421	-0.000969	0.998942	0.268723	
82	0.998452	0.000978	1.200352	-0.000978	0.998452	0.251945	
83	0.998927	0.000993	0.613953	-0.000993	0.998927	0.170379	
84	0.998335	0.000992	1.293655	-0.000992	0.998335	0.083054	
85	0.998818	0.001130	0.675725	-0.001130	0.998818	-0.345199	
86	0.998507	0.001046	0.575188	-0.001046	0.998507	0.314982	
87	0.998877	0.001034	0.815101	-0.001034	0.998877	-0.196684	
88	0.998536	0.000781	0.648209	-0.000781	0.998536	-0.083961	
89	0.998831	0.001260	0.709398	-0.001260	0.998831	-0.367061	
90	0.998503	0.001376	0.516492	-0.001376	0.998503	-0.058812	
91	0.998912	0.001035	0.716260	-0.001035	0.998912	-0.385778	
92	0.998226	0.001013	1.229848	-0.001013	0.998226	-0.192011	
93	0.999020	0.001105	0.801129	-0.001105	0.999020	-0.672115	
94	0.998489	0.001069	0.406032	-0.001069	0.998489	0.733408	
95	0.998978	0.000718	0.526919	-0.000718	0.998978	-0.526219	
96	0.998563	0.000768	0.787035	-0.000768	0.998563	0.274430	
97	0.999078	0.000783	0.718819	-0.000783	0.999078	-0.297874	
98	0.998600	0.001024	1.333810	-0.001024	0.998600	-0.194154	
99	0.999219	0.001220	0.600446	-0.001220	0.999219	-0.984015	
100	0.998742	0.000959	0.565244	-0.000959	0.998742	-0.800426	
101	0.999116	0.000757	0.239797	-0.000757	0.999116	-0.427392	
102	0.998767	0.000791	0.459963	-0.000791	0.998767	-0.001127	
103	0.999131	0.001143	0.982840	-0.001143	0.999131	-0.787180	
104	0.998811	0.001034	0.502485	-0.001034	0.998811	-0.615859	
105	0.999180	0.001164	0.241705	-0.001164	0.999180	-0.398357	
106	0.998810	0.001085	0.787761	-0.001085	0.998810	-0.163621	
107	0.999185	0.000835	0.186743	-0.000835	0.999185	-0.438119	
108	0.998912	0.001204	0.419497	-0.001204	0.998912	0.202260	
109	0.999137	0.000999	0.200963	-0.000999	0.999137	-0.492304	
110	0.998733	0.001368	0.449417	-0.001368	0.998733	-0.052396	
111	0.999289	0.000955	0.440154	-0.000955	0.999289	-0.627225	
112	0.998731	0.001369	0.549936	-0.001369	0.998731	0.632710	
113	0.999145	0.000623	0.519271	-0.000623	0.999145	0.004930	
114	0.998761	0.001189	0.688678	-0.001189	0.998761	0.675393	
115	0.999040	0.001042	0.331537	-0.001042	0.999040	0.211649	
116	0.998651	0.001290	0.339140	-0.001290	0.998651	-0.073999	
117	0.999126	0.001279	0.109912	-0.001279	0.999126	0.244021	
118	0.998747	0.001099	0.177475	-0.001099	0.998747	0.191692	
119	0.999241	0.001236	-0.043115	-0.001236	0.999241	0.285858	
120	0.998923	0.001395	0.087202	-0.001395	0.998923	0.564445	
121	0.999435	0.001490	-0.120335	-0.001490	0.999435	-0.020536	
122	0.999024	0.001240	0.263542	-0.001240	0.999024	0.144750	
123	0.999548	0.001333	0.011769	-0.001333	0.999548	0.310271	
124	0.999054	0.001049	0.334093	-0.001049	0.999054	0.503721	
125	0.999598	0.001352	0.020918	-0.001352	0.999598	0.227607	
126	0.999072	0.001273	0.114719	-0.001273	0.999072	0.552995	
127	0.999554	0.001101	-0.014084	-0.001101	0.999554	0.173697	
128	0.999133	0.000935	0.398064	-0.000935	0.999133	0.266937	
129	0.999595	0.001173	-0.035850	-0.001173	0.999595	0.510172	
130	0.999069	0.001005	0.291968	-0.001005	0.999069	0.831482	
131	0.999478	0.000883	0.213098	-0.000883	0.999478	0.314646	
132	0.999054	0.001026	0.370377	-0.001026	0.999054	0.590535	
133	0.999474	0.001251	0.069494	-0.001251	0.999474	0.689837	
134	0.998949	0.001182	0.489982	-0.001182	0.998949	0.940764	
135	0.999299	0.001226	-0.057384	-0.001226	0.999299	0.667464	
136	0.998971	0.001209	0.267370	-0.001209	0.998971	0.832163	
137	0.999362	0.001231	0.167815	-0.001231	0.999362	0.189963	
138	0.998992	0.001157	0.335604	-0.001157	0.998992	0.752369	
139	0.999333	0.000805	0.397151	-0.000805	0.999333	0.632484	
140	0.998787	0.001046	0.643497	-0.001046	0.998787	1.243927	
141	0.999120	0.000692	0.652595	-0.000692	0.999120	0.799497	
142	0.998745	0.000981	0.796436	-0.000981	0.998745	1.472606	
143	0.998994	0.000850	0.488033	-0.000850	0.998994	0.667429	
144	0.998859	0.000797	0.469100	-0.000797	0.998859	0.497802	
145	0.999195	0.000976	0.282343	-0.000976	0.999195	1.148228	
146	0.998684	0.001265	0.474406	-0.001265	0.998684	1.352545	
147	0.999211	0.000840	0.248478	-0.000840	0.999211	0.565138	
148	0.998949	0.001353	0.251190	-0.001353	0.998949	1.350344	
149	0.999339	0.001032	0.318668	-0.001032	0.999339	0.889001	
150	0.999008	0.001375	0.237274	-0.001375	0.999008	1.076444	
151	0.999378	0.000952	0.288929	-0.000952	0.999378	0.491892	
152	0.999018	0.001263	0.250366	-0.001263	0.999018	1.113320	
153	0.999756	0.000839	0.113701	-0.000839	0.999756	0.720429	
154	0.998912	0.001140	0.254921	-0.001140	0.998912	1.276272	
155	0.999324	0.001042	0.084675	-0.001042	0.999324	0.764184	
156	0.998926	0.000886	0.335742	-0.000886	0.998926	0.805278	
157	0.999467	0.001146	0.049828	-0.001146	0.999467	1.077744	
158	0.999043	0.000726	0.792758	-0.000726	0.999043	0.843422	
159	0.999396	0.000911	0.025793	-0.000911	0.999396	0.992726	
160	0.999012	0.000760	0.551804	-0.000760	0.999012	0.956018	
161	0.999389	0.000816	0.202452	-0.000816	0.999389	0.600030	
162	0.998960	0.000932	0.625430	-0.000932	0.998960	0.624967	
163	0.999283	0.000839	0.118201	-0.000839	0.999283	0.323227	
164	0.998818	0.000798	0.564396	-0.000798	0.998818	1.094427	
165	0.999187	0.000710	0.227150	-0.000710	0.999187	1.133855	
166	0.998822	0.000931	0.337724	-0.000931	0.998822	1.159329	
167	0.999275	0.001004	0.144881	-0.001004	0.999275	0.647651	
168	0.998844	0.000850	0.530226	-0.000850	0.998844	0.591487	
169	0.999254	0.001174	0.112830	-0.001174	0.999254	0.632799	
170	0.998810	0.000638	0.484957	-0.000638	0.998810	0.695349	
171	0.999243	0.000983	-0.123769	-0.000983	0.999243	0.961726	
172	0.998747	0.000705	0.661383	-0.000705	0.998747	0.911766	
173	0.999139	0.000878	0.020778	-0.000878	0.999139	0.463406	
174	0.998846	0.000871	0.478099	-0.000871	0.998846	0.869518	
175	0.999080	0.001142	0.230660	-0.001142	0.999080	1.206297	
176	0.998766	0.001283	0.104198	-0.001283	0.998766	1.555284	
177	0.999049	0.000871	0.510391	-0.000871	0.999049	0.806770	
178	0.998869	0.001087	0.117129	-0.001087	0.998869	0.814202	
179	0.999177	0.001058	0.055292	-0.001058	0.999177	0.569005	
180	0.998912	0.001033	0.009241	-0.001033	0.998912	0.734079	
181	0.999373	0.000725	0.028195	-0.000725	0.999373	0.230318	
182	0.998973	0.000673	0.292228	-0.000673	0.998973	0.921705	
183	0.999363	0.001148	-0.332717	-0.001148	0.999363	1.405060	
184	0.999067	0.000645	0.685724	-0.000645	0.999067	0.603661	
185	0.999382	0.001110	-0.191740	-0.001110	0.999382	0.513261	
186	0.999098	0.000836	0.541870	-0.000836	0.999098	0.461318	
187	0.999304	0.000912	-0.314937	-0.000912	0.999304	1.030351	
188	0.998948	0.000730	0.379888	-0.000730	0.998948	1.091494	
189	0.999115	0.000880	0.316396	-0.000880	0.999115	0.851180	
190	0.998884	0.001078	0.345205	-0.001078	0.998884	0.564912	
191	0.999426	0.001203	0.179146	-0.001203	0.999426	-0.023928	
192	0.998846	0.000541	0.489421	-0.000541	0.998846	0.366478	
193	0.999317	0.000490	0.063602	-0.000490	0.999317	0.517105	
194	0.998898	0.000851	0.116281	-0.000851	0.998898	1.194025	
195	0.999437	0.001067	-0.085860	-0.001067	0.999437	0.894750	
196	0.998963	0.001062	0.300473	-0.001062	0.998963	0.719630	
197	0.999331	0.000747	0.054780	-0.000747	0.999331	0.406369	
198	0.999047	0.000711	0.283932	-0.000711	0.999047	1.168237	
199	0.999344	0.001030	-0.077364	-0.001030	0.999344	1.247868	
200	0.998750	0.001239	0.234800	-0.001239	0.998750	1.248344	
201	0.999350	0.001142	-0.004528	-0.001142	0.999350	0.396747	
202	0.998904	0.001218	0.258296	-0.001218	0.998904	0.865427	
203	0.999160	0.001230	-0.091538	-0.001230	0.999160	0.810149	
204	0.998981	0.001241	0.237174	-0.001241	0.998981	1.284243	
205	0.999240	0.001235	-0.117609	-0.001235	0.999240	0.579209	
206	0.998903	0.001133	0.222828	-0.001133	0.998903	1.245457	
207	0.999476	0.000702	-0.048431	-0.000702	0.999476	0.011832	
208	0.999097	0.001306	0.143328	-0.001306	0.999097	0.571780	
209	0.999265	0.001315	0.245415	-0.001315	0.999265	0.557244	
210	0.998816	0.000864	0.291967	-0.000864	0.998816	0.186909	
211	0.999613	0.000701	0.000683	-0.000701	0.999613	0.430643	
212	0.998863	0.000864	0.068396	-0.000864	0.998863	1.193921	
213	0.999268	0.001054	0.189226	-0.001054	0.999268	0.999887	
214	0.998853	0.001069	0.717051	-0.001069	0.998853	0.905915	
215	0.999645	0.001083	-0.346690	-0.001083	0.999645	-0.080587	
216	0.998873	0.000824	0.239443	-0.000824	0.998873	1.436724	
217	0.999475	0.001369	-0.260084	-0.001369	0.999475	0.974532	
218	0.999263	0.001317	-0.057618	-0.001317	0.999263	1.057231	
219	0.999474	0.001240	-0.115410	-0.001240	0.999474	0.839067	
220	0.999013	0.001179	0.313274	-0.001179	0.999013	0.990549	
221	0.999760	0.001179	0.032646	-0.001179	0.999760	0.132858	
222	0.999285	0.001262	0.000284	-0.001262	0.999285	0.435540	
223	0.999904	0.001002	-0.047745	-0.001002	0.999904	-0.436467	
224	0.999288	0.001165	0.005299	-0.001165	0.999288	0.260785	
225	0.999750	0.000677	0.245432	-0.000677	0.999750	-0.175463	
226	0.999330	0.000740	0.041762	-0.000740	0.999330	0.527055	
227	0.999604	0.000984	-0.241043	-0.000984	0.999604	0.903868	
228	0.999196	0.001425	0.355504	-0.001425	0.999196	0.738323	
229	0.999664	0.001226	-0.018331	-0.001226	0.999664	-0.427670	
230	0.999507	0.001111	-0.949258	-0.001111	0.999507	0.085950	
231	0.999394	0.000823	-0.193874	-0.000823	0.999394	-0.103709	
232	0.999064	0.000818	0.154455	-0.000818	0.999064	0.775498	
233	0.999604	0.001000	0.115853	-0.001000	0.999604	0.714190	
234	0.999312	0.001373	-0.232085	-0.001373	0.999312	0.445817	
235	0.999628	0.001241	-0.217436	-0.001241	0.999628	-0.146415	
236	0.999563	0.001313	-0.316864	-0.001313	0.999563	0.001233	
237	0.999675	0.001038	-0.436827	-0.001038	0.999675	-0.111995	
238	0.999551	0.000735	0.116189	-0.000735	0.999551	0.514620	
239	0.999631	0.000891	-0.135529	-0.000891	0.999631	0.719695	
240	0.999051	0.001189	0.722764	-0.001189	0.999051	-0.153410	
241	0.999787	0.001583	0.220075	-0.001583	0.999787	0.279435	
242	0.999374	0.001064	0.379826	-0.001064	0.999374	-0.449290	
243	0.999856	0.001027	-0.515781	-0.001027	0.999856	-0.591692	
244	0.999566	0.000620	-0.265492	-0.000620	0.999566	0.613724	
245	0.999603	0.000990	-0.250394	-0.000990	0.999603	0.266761	
246	0.999444	0.001335	-0.249642	-0.001335	0.999444	0.460855	
247	0.999714	0.001200	-0.105078	-0.001200	0.999714	-0.540001	
248	0.999437	0.001188	-0.053525	-0.001188	0.999437	-0.387537	
249	1.000090	0.000906	-0.240573	-0.000906	1.000090	-0.873155	
250	0.999269	0.000978	-0.122123	-0.000978	0.999269	0.263832	
251	0.999795	0.000784	-0.460100	-0.000784	0.999795	-0.071828	
252	0.999519	0.000963	-0.037298	-0.000963	0.999519	0.187671	
253	0.999826	0.001251	0.258947	-0.001251	0.999826	-0.028029	
254	0.999444	0.000969	0.071598	-0.000969	0.999444	-0.469798	
255	1.000015	0.001410	-0.352963	-0.001410	1.000015	-0.386914	
256	0.999456	0.000928	-0.196240	-0.000928	0.999456	-0.114805	
257	1.000012	0.000839	-0.124646	-0.000839	1.000012	-0.242386	
258	0.999380	0.000625	0.252892	-0.000625	0.999380	0.281899	
259	1.000204	0.000530	-0.271547	-0.000530	1.000204	-0.338706	
260	0.999486	0.001184	0.088121	-0.001184	0.999486	0.043456	
261	0.999878	0.000964	0.245297	-0.000964	0.999878	-0.496072	
262	0.999509	0.001380	-0.219870	-0.001380	0.999509	0.355979	
263	0.999855	0.001193	-0.119920	-0.001193	0.999855	-0.342303	
264	0.999271	0.001009	1.108111	-0.001009	0.999271	-0.765557	
265	1.000121	0.001714	-0.721006	-0.001714	1.000121	-0.112574	
266	0.999341	0.000915	0.710206	-0.000915	0.999341	-0.158783	
267	1.000091	0.001016	-0.690450	-0.001016	1.000091	-0.841048	
268	0.999642	0.000500	0.364068	-0.000500	0.999642	-0.047849	
269	1.000131	0.000739	-0.269768	-0.000739	1.000131	-0.104675	
270	0.999768	0.000789	0.282888	-0.000789	0.999768	0.167831	
271	1.000232	0.001281	-0.697146	-0.001281	1.000232	-0.139752	
272	0.999822	0.000605	-0.104415	-0.000605	0.999822	-0.421369	
273	1.000201	0.000855	-0.290288	-0.000855	1.000201	-0.095274	
274	0.999983	0.001330	-0.634049	-0.001330	0.999983	0.492354	
275	1.000042	0.000847	-0.449357	-0.000847	1.000042	0.226447	
276	0.999773	0.001024	0.031277	-0.001024	0.999773	0.412885	
277	1.000085	0.001034	-0.255378	-0.001034	1.000085	0.413307	
278	0.999718	0.001074	-0.092200	-0.001074	0.999718	0.582067	
279	1.000148	0.001262	-0.336175	-0.001262	1.000148	0.263612	
280	0.999795	0.001330	-0.110564	-0.001330	0.999795	0.280241	
281	1.000198	0.000964	-0.459757	-0.000964	1.000198	-0.020885	
282	0.999701	0.001040	-0.102682	-0.001040	0.999701	0.741308	
283	1.000074	0.001026	-0.666152	-0.001026	1.000074	0.543883	
284	0.999636	0.001361	-0.400602	-0.001361	0.999636	1.149266	
285	1.000227	0.001156	-0.397591	-0.001156	1.000227	0.074699	
286	0.999785	0.001162	-0.109282	-0.001162	0.999785	0.130376	
287	1.000186	0.000839	-0.410703	-0.000839	1.000186	0.118337	
288	0.999808	0.000920	-0.127871	-0.000920	0.999808	0.712750	
289	1.000079	0.000913	-0.182865	-0.000913	1.000079	0.621358	
290	0.999515	0.001019	-0.127788	-0.001019	0.999515	0.730538	
291	1.000079	0.001233	-0.401987	-0.001233	1.000079	0.551344	
292	0.999717	0.001001	-0.299942	-0.001001	0.999717	0.344879	
293	1.000095	0.001030	-0.454887	-0.001030	1.000095	0.347126	
294	0.999627	0.000932	0.071880	-0.000932	0.999627	0.597053	
295	1.000134	0.001065	-0.270052	-0.001065	1.000134	0.446721	
296	0.999731	0.000815	0.060831	-0.000815	0.999731	0.469108	
297	1.000141	0.000884	-0.239840	-0.000884	1.000141	0.632247	
298	0.999572	0.000768	0.460619	-0.000768	0.999572	0.608313	
299	1.000061	0.001193	-0.629281	-0.001193	1.000061	0.452213	
300	0.999609	0.001318	-0.658810	-0.001318	0.999609	0.576838	
301	1.000238	0.000843	-0.292634	-0.000843	1.000238	-0.108856	
302	0.999771	0.001207	-0.222746	-0.001207	0.999771	1.150642	
303	1.000061	0.000957	-0.394677	-0.000957	1.000061	0.163480	
304	0.999667	0.001095	-0.441954	-0.001095	0.999667	0.548732	
305	1.000101	0.000892	-0.391141	-0.000892	1.000101	0.085114	
306	0.999716	0.001025	0.036540	-0.001025	0.999716	0.660343	
307	0.999971	0.000596	-0.078228	-0.000596	0.999971	0.041074	
308	0.999592	0.000838	0.022733	-0.000838	0.999592	0.671720	
309	0.999801	0.000777	-0.191190	-0.000777	0.999801	0.522036	
310	0.999578	0.000951	-0.002243	-0.000951	0.999578	0.773195	
311	0.999847	0.000790	-0.151950	-0.000790	0.999847	0.260980	
312	0.999452	0.000847	0.208715	-0.000847	0.999452	0.801693	
313	1.000017	0.001028	0.031473	-0.001028	1.000017	0.668200	
314	0.999491	0.000681	0.416258	-0.000681	0.999491	0.669770	
315	1.000025	0.001019	-0.319903	-0.001019	1.000025	0.430589	
316	0.999607	0.001018	-0.002926	-0.001018	0.999607	1.082886	
317	0.999988	0.000782	-0.019726	-0.000782	0.999988	0.661871	
318	0.999537	0.000786	0.171316	-0.000786	0.999537	0.546003	
319	0.999983	0.000853	-0.076971	-0.000853	0.999983	-0.105868	
320	0.999503	0.001146	-0.109676	-0.001146	0.999503	0.818041	
321	0.999799	0.000702	-0.052359	-0.000702	0.999799	0.238444	
322	0.999406	0.000655	0.617860	-0.000655	0.999406	1.045941	
323	0.999716	0.000893	0.161914	-0.000893	0.999716	0.683885	
324	0.999182	0.000898	0.335084	-0.000898	0.999182	0.903852	
325	0.999694	0.001172	-0.018670	-0.001172	0.999694	0.385405	
326	0.999505	0.001339	-0.030226	-0.001339	0.999505	0.623667	
327	0.999714	0.001077	-0.270337	-0.001077	0.999714	0.345997	
328	0.999441	0.000719	0.241637	-0.000719	0.999441	1.459706	
329	0.999776	0.000627	-0.200070	-0.000627	0.999776	1.299816	
330	0.999350	0.001067	0.230415	-0.001067	0.999350	0.868161	
331	0.999872	0.001422	-0.362590	-0.001422	0.999872	-0.210845	
332	0.999453	0.001208	0.190538	-0.001208	0.999453	0.143962	
333	0.999983	0.000443	-0.058326	-0.000443	0.999983	0.023092	
334	0.999508	0.000858	0.010325	-0.000858	0.999508	2.029365	
335	0.999728	0.001033	-0.061756	-0.001033	0.999728	1.666278	
336	0.999395	0.000971	0.286119	-0.000971	0.999395	0.392506	
337	0.999910	0.001666	-0.364513	-0.001666	0.999910	0.433533	
338	0.999491	0.001030	0.289236	-0.001030	0.999491	0.775819	
339	0.999978	0.000773	-0.221361	-0.000773	0.999978	0.907932	
340	0.999717	0.001130	-0.253850	-0.001130	0.999717	1.410341	
341	1.000005	0.001016	-0.177392	-0.001016	1.000005	0.412369	
342	0.999769	0.001392	-0.320830	-0.001392	0.999769	0.879895	
343	1.000043	0.000959	-0.217004	-0.000959	1.000043	0.281438	
344	0.999787	0.001005	-0.148151	-0.001005	0.999787	0.856416	
345	1.000230	0.000945	-0.495198	-0.000945	1.000230	0.978208	
346	0.999567	0.001105	-0.071035	-0.001105	0.999567	1.399760	
347	1.000084	0.001313	-0.207701	-0.001313	1.000084	0.633739	
348	0.999600	0.000991	0.051303	-0.000991	0.999600	0.775963	
349	0.999797	0.002206	-0.983832	-0.002206	0.999797	2.118637	
350	0.999544	0.000604	0.364915	-0.000604	0.999544	1.149501	
351	0.999741	0.001304	-0.367622	-0.001304	0.999741	1.629560	
352	0.999459	0.000806	0.226274	-0.000806	0.999459	0.616618	
353	1.000143	0.001014	-0.151463	-0.001014	1.000143	0.114579	
354	0.999710	0.000984	0.301757	-0.000984	0.999710	0.720959	
355	1.000134	0.001057	-0.347483	-0.001057	1.000134	0.936608	
356	0.999670	0.000887	0.085670	-0.000887	0.999670	1.372420	
357	1.000002	0.000805	0.150727	-0.000805	1.000002	0.728375	
358	0.999678	0.001236	-0.227419	-0.001236	0.999678	1.168820	
359	1.000021	0.001159	-0.354209	-0.001159	1.000021	0.217461	
360	0.999520	0.001295	-0.065443	-0.001295	0.999520	0.874919	
361	1.000116	0.000873	-0.278790	-0.000873	1.000116	0.108985	
362	0.999492	0.000712	0.047267	-0.000712	0.999492	1.519848	
363	0.999837	0.000948	0.025527	-0.000948	0.999837	1.032384	
364	0.999557	0.001108	0.056308	-0.001108	0.999557	0.744407	
365	0.999965	0.000983	-0.214018	-0.000983	0.999965	0.201256	
366	0.999859	0.000808	0.318961	-0.000808	0.999859	0.194595	
367	1.000094	0.000675	0.116677	-0.000675	1.000094	0.395592	
368	0.999568	0.000482	-0.017990	-0.000482	0.999568	-0.008115	
369	1.000281	0.000492	-0.129289	-0.000492	1.000281	-0.013507	
370	0.999786	0.000706	-0.218212	-0.000706	0.999786	0.693965	
371	1.000109	0.000973	-0.148096	-0.000973	1.000109	0.707837	
372	0.999823	0.000813	-0.066501	-0.000813	0.999823	0.223264	
373	1.000109	0.001167	-0.547755	-0.001167	1.000109	0.777835	
374	0.999894	0.000959	-0.200442	-0.000959	0.999894	1.058485	
375	1.000046	0.000809	-0.208349	-0.000809	1.000046	0.306677	
376	0.999867	0.001081	-0.325103	-0.001081	0.999867	0.702945	
377	0.999959	0.001176	0.367570	-0.001176	0.999959	0.403443	
378	0.999654	0.001025	-0.211993	-0.001025	0.999654	0.121801	
379	1.000132	0.000666	0.002925	-0.000666	1.000132	-0.035087	
380	0.999700	0.000910	-0.272798	-0.000910	0.999700	0.072474	
381	1.000120	0.000859	-0.256583	-0.000859	1.000120	0.192425	
382	0.999618	0.001010	-0.316885	-0.001010	0.999618	0.033538	
383	1.000448	0.000591	-0.037076	-0.000591	1.000448	-0.610530	
384	0.999731	0.000766	-0.164564	-0.000766	0.999731	0.154598	
385	1.000431	0.000697	-0.140751	-0.000697	1.000431	-0.271469	
386	0.999611	0.000866	0.089317	-0.000866	0.999611	0.510698	
387	1.000208	0.000920	-0.260605	-0.000920	1.000208	-0.178238	
388	0.999729	0.000908	-0.242933	-0.000908	0.999729	0.128482	
389	1.000076	0.000766	-0.267313	-0.000766	1.000076	-0.117430	
390	0.999818	0.000924	-0.045840	-0.000924	0.999818	0.255163	
391	1.000061	0.000766	-0.321822	-0.000766	1.000061	0.138472	
392	0.999647	0.000539	-0.104389	-0.000539	0.999647	0.284391	
393	1.000069	0.000691	-0.252249	-0.000691	1.000069	-0.046735	
394	0.999663	0.000691	-0.097343	-0.000691	0.999663	0.313261	
395	0.999957	0.000974	-0.125911	-0.000974	0.999957	0.323887	
396	0.999811	0.000962	-0.112709	-0.000962	0.999811	-0.229387	
397	1.000098	0.001109	-0.200536	-0.001109	1.000098	-0.093700	
398	0.999654	0.000671	-0.037955	-0.000671	0.999654	-0.413848	
399	1.000010	0.000656	-0.174033	-0.000656	1.000010	0.089501	
400	0.999671	0.000881	-0.252634	-0.000881	0.999671	0.423915	
401	1.000225	0.000820	-0.211181	-0.000820	1.000225	-0.055407	
402	0.999810	0.000943	-0.360292	-0.000943	0.999810	0.184029	
403	1.000054	0.000886	-0.160970	-0.000886	1.000054	0.165337	
404	0.999905	0.000966	-0.321775	-0.000966	0.999905	0.355368	
405	1.000367	0.001122	-0.366864	-0.001122	1.000367	0.173854	
406	1.000040	0.001085	-0.401373	-0.001085	1.000040	0.050363	
407	1.000292	0.000971	-0.510184	-0.000971	1.000292	-0.029573	
408	0.999845	0.000870	-0.270304	-0.000870	0.999845	0.313154	
409	1.000284	0.000904	-0.724978	-0.000904	1.000284	0.162803	
410	0.999987	0.001069	-0.267609	-0.001069	0.999987	0.278929	
411	1.000211	0.001212	-0.646124	-0.001212	1.000211	0.060223	
412	0.999766	0.000990	-0.078096	-0.000990	0.999766	-0.014620	
413	1.000301	0.000980	-0.683977	-0.000980	1.000301	-0.156392	
414	0.999580	0.000791	-0.029758	-0.000791	0.999580	0.550022	
415	1.000074	0.000574	-0.141912	-0.000574	1.000074	0.093989	
416	0.999785	0.001081	-0.252971	-0.001081	0.999785	0.395606	
417	1.000063	0.001083	0.164661	-0.001083	1.000063	-0.184599	
418	0.999742	0.000559	0.219495	-0.000559	0.999742	-0.350203	
419	1.000086	0.000749	-0.469048	-0.000749	1.000086	0.000566	
420	0.999880	0.001013	-0.357192	-0.001013	0.999880	0.326587	
421	1.000331	0.000832	-0.620828	-0.000832	1.000331	-0.227366	
422	0.999751	0.000864	0.062388	-0.000864	0.999751	0.149452	
423	1.000047	0.000745	-0.352885	-0.000745	1.000047	-0.060901	
424	0.999735	0.000713	-0.039406	-0.000713	0.999735	0.191348	
425	1.000108	0.000670	-0.287569	-0.000670	1.000108	-0.287559	
426	0.999647	0.000676	-0.199027	-0.000676	0.999647	0.575873	
427	1.000250	0.001057	-0.456803	-0.001057	1.000250	0.343282	
428	0.999826	0.000833	-0.223049	-0.000833	0.999826	0.164992	
429	1.000243	0.000816	-0.529956	-0.000816	1.000243	-0.518758	
430	0.999889	0.000791	-0.219700	-0.000791	0.999889	-0.088690	
431	1.000086	0.000806	-0.665566	-0.000806	1.000086	-0.073001	
432	0.999997	0.000933	-0.334214	-0.000933	0.999997	0.136177	
433	1.000335	0.000940	-0.667803	-0.000940	1.000335	-0.205258	
434	0.999643	0.000740	0.161367	-0.000740	0.999643	0.002788	
435	1.000104	0.000723	-0.337238	-0.000723	1.000104	-0.290396	
436	0.999662	0.000511	0.062368	-0.000511	0.999662	0.305357	
437	1.000038	0.001304	-0.676913	-0.001304	1.000038	0.221024	
438	0.999532	0.000484	0.356387	-0.000484	0.999532	-0.234069	
439	1.000278	0.001072	-0.489371	-0.001072	1.000278	-0.263177	
440	0.999536	0.000965	-0.030606	-0.000965	0.999536	0.055768	
441	1.000255	0.000721	-0.273524	-0.000721	1.000255	-0.307736	
442	0.999629	0.000531	-0.198410	-0.000531	0.999629	0.443069	
443	1.000191	0.000627	-0.589931	-0.000627	1.000191	0.297881	
444	0.999653	0.001120	-0.071167	-0.001120	0.999653	0.884211	
445	1.000146	0.001355	-0.424973	-0.001355	1.000146	-0.224824	
446	0.999876	0.000783	0.008154	-0.000783	0.999876	-0.772386	
447	1.000269	0.000609	-0.644150	-0.000609	1.000269	-0.457529	
448	0.999893	0.000455	-0.865957	-0.000455	0.999893	-0.169159	
449	1.000110	0.000658	-0.465659	-0.000658	1.000110	0.215963	
450	0.999802	0.001016	-0.539893	-0.001016	0.999802	0.443498	
451	1.000158	0.000828	-0.002384	-0.000828	1.000158	-0.349871	
452	0.999660	0.001052	-0.537010	-0.001052	0.999660	-0.311336	
453	1.000294	0.000662	-0.615549	-0.000662	1.000294	-0.353982	
454	0.999868	0.000523	-0.932212	-0.000523	0.999868	0.408868	
455	1.000035	0.000761	-0.621870	-0.000761	1.000035	0.487554	
456	0.999764	0.000990	-0.457264	-0.000990	0.999764	0.567652	
457	1.000218	0.000941	-0.632909	-0.000941	1.000218	-0.039737	
458	0.999746	0.001155	-0.521582	-0.001155	0.999746	0.164863	
459	1.000078	0.001134	-1.009793	-0.001134	1.000078	-0.147119	
460	0.999785	0.000641	-0.181884	-0.000641	0.999785	0.107465	
461	1.000040	0.000708	-0.523269	-0.000708	1.000040	0.231337	
462	0.999565	0.000690	-0.268043	-0.000690	0.999565	0.678485	
463	1.000163	0.000842	-0.836617	-0.000842	1.000163	0.692054	
464	0.999346	0.000838	-0.545910	-0.000838	0.999346	1.090001	
465	1.000135	0.000957	-0.308502	-0.000957	1.000135	0.103749	
466	0.999596	0.000866	-0.286811	-0.000866	0.999596	0.374449	
467	1.000019	0.000692	-0.527637	-0.000692	1.000019	0.319674	
468	0.999692	0.000497	-0.277172	-0.000497	0.999692	0.852287	
469	1.000000	0.000877	-0.549355	-0.000877	1.000000	0.273525	
470	0.999548	0.000949	-0.211529	-0.000949	0.999548	0.362986	
471	1.000068	0.001114	-0.419416	-0.001114	1.000068	-0.031356	
472	0.999691	0.000608	-0.120213	-0.000608	0.999691	0.218335	
473	0.999827	0.000678	-0.393384	-0.000678	0.999827	0.410942	
474	0.999721	0.000858	-0.284369	-0.000858	0.999721	0.689955	
475	0.999977	0.000756	-0.428777	-0.000756	0.999977	0.319843	
476	0.999590	0.000745	-0.250629	-0.000745	0.999590	0.538398	
477	1.000104	0.000860	-0.892237	-0.000860	1.000104	0.338234	
478	0.999668	0.000633	-0.052943	-0.000633	0.999668	0.415145	
479	1.000049	0.000550	-0.418073	-0.000550	1.000049	0.610939	
480	0.999690	0.000806	-0.383372	-0.000806	0.999690	0.290910	
481	1.000124	0.000967	-0.876724	-0.000967	1.000124	0.056837	
482	0.999676	0.000685	0.131651	-0.000685	0.999676	0.571372	
483	1.000020	0.000697	-0.442211	-0.000697	1.000020	-0.001056	
484	0.999618	0.000606	-0.059416	-0.000606	0.999618	0.440967	
485	0.999927	0.000940	-0.442895	-0.000940	0.999927	0.503636	
486	0.999688	0.000920	-0.488706	-0.000920	0.999688	0.369850	
487	0.999856	0.000805	-0.507328	-0.000805	0.999856	0.230322	
488	0.999567	0.000909	-0.505393	-0.000909	0.999567	0.439090	
489	0.999995	0.000605	-0.527063	-0.000605	0.999995	0.012676	
490	0.999731	0.000605	-0.148091	-0.000605	0.999731	0.135753	
491	0.999891	0.000781	-0.810443	-0.000781	0.999891	0.347885	
492	0.999690	0.000957	-0.265315	-0.000957	0.999690	1.001535	
493	0.999942	0.000849	-0.494230	-0.000849	0.999942	0.157034	
494	0.999568	0.000736	-0.271464	-0.000736	0.999568	0.330195	
495	0.999953	0.000756	-0.610806	-0.000756	0.999953	0.268256	
496	0.999617	0.000697	-0.353802	-0.000697	0.999617	0.140260	
497	0.999812	0.000829	-0.448888	-0.000829	0.999812	0.786353	
498	0.999482	0.000738	-0.089797	-0.000738	0.999482	0.426391	
499	0.999848	0.000930	-0.514057	-0.000930	0.999848	0.164561	
500	0.999386	0.000954	0.170327	-0.000954	0.999386	0.521490	
501	0.999996	0.000756	-0.833664	-0.000756	0.999996	-0.262843	
502	0.999414	0.000904	-0.123692	-0.000904	0.999414	0.906907	
503	0.999836	0.000990	-0.303912	-0.000990	0.999836	0.321637	
504	0.999324	0.000776	-0.276572	-0.000776	0.999324	0.731195	
505	0.999687	0.000651	-0.196583	-0.000651	0.999687	0.156363	
506	0.999466	0.000987	-0.225208	-0.000987	0.999466	0.902895	
507	0.999916	0.001125	-0.385845	-0.001125	0.999916	0.251865	
508	0.999518	0.000789	-0.094193	-0.000789	0.999518	0.286649	
509	0.999793	0.000818	-0.792233	-0.000818	0.999793	0.186798	
510	0.999547	0.000785	-0.202736	-0.000785	0.999547	0.426576	
511	0.999742	0.000853	-0.424861	-0.000853	0.999742	0.557535	
512	0.999509	0.001061	-0.376453	-0.001061	0.999509	0.507721	
513	0.999966	0.001141	-0.627205	-0.001141	0.999966	0.201125	
514	0.999509	0.000963	-0.001577	-0.000963	0.999509	0.047178	
515	0.999911	0.000914	-0.506242	-0.000914	0.999911	0.042591	
516	0.999480	0.000910	-0.374597	-0.000910	0.999480	0.594345	
517	0.999874	0.000929	-0.641129	-0.000929	0.999874	0.655456	
518	0.999582	0.001015	-0.319737	-0.001015	0.999582	0.392618	
519	0.999946	0.000846	-0.547241	-0.000846	0.999946	-0.054067	
520	0.999584	0.000849	-0.459383	-0.000849	0.999584	0.016674	
521	0.999710	0.000820	-0.474966	-0.000820	0.999710	0.175473	
522	0.999212	0.000525	-0.036615	-0.000525	0.999212	0.462864	
523	0.999637	0.000758	-0.387359	-0.000758	0.999637	0.358086	
524	0.999284	0.000884	-0.111549	-0.000884	0.999284	0.414629	
525	0.999610	0.001001	-0.435476	-0.001001	0.999610	0.422671	
526	0.999284	0.001010	-0.261376	-0.001010	0.999284	0.413057	
527	0.999633	0.000855	-0.576615	-0.000855	0.999633	0.403790	
528	0.999263	0.001132	-0.360570	-0.001132	0.999263	0.654713	
529	0.999663	0.001130	-0.440804	-0.001130	0.999663	0.210213	
530	0.999217	0.000924	-0.116648	-0.000924	0.999217	0.089740	
531	0.999619	0.000923	-0.700772	-0.000923	0.999619	0.203374	
532	0.999291	0.000804	-0.186218	-0.000804	0.999291	0.019886	
533	0.999724	0.000574	-0.289469	-0.000574	0.999724	0.292888	
534	0.999235	0.001146	-0.312236	-0.001146	0.999235	0.945848	
535	0.999700	0.000960	-0.260846	-0.000960	0.999700	0.164241	
536	0.999384	0.000852	0.021035	-0.000852	0.999384	0.331856	
537	0.999625	0.000818	-0.349092	-0.000818	0.999625	0.089481	
538	0.999265	0.000769	0.036227	-0.000769	0.999265	0.146796	
539	0.999656	0.000954	-0.263828	-0.000954	0.999656	-0.023756	
540	0.999377	0.000782	-0.306219	-0.000782	0.999377	0.121082	
541	0.999685	0.000775	-0.284814	-0.000775	0.999685	0.158965	
542	0.999344	0.000647	-0.360008	-0.000647	0.999344	0.557280	
543	0.999861	0.000729	-0.353309	-0.000729	0.999861	0.338468	
544	0.999424	0.001207	-0.192829	-0.001207	0.999424	0.935299	
545	0.999925	0.000574	-0.295376	-0.000574	0.999925	0.215629	
546	0.999525	0.001022	-0.495626	-0.001022	0.999525	0.681617	
547	0.999826	0.000839	-0.561100	-0.000839	0.999826	0.325680	
548	0.999375	0.000887	-0.219621	-0.000887	0.999375	0.413992	
549	0.999691	0.000945	-0.557699	-0.000945	0.999691	0.230509	
550	0.999377	0.000927	-0.465705	-0.000927	0.999377	0.391139	
551	0.999807	0.000761	-0.463722	-0.000761	0.999807	0.351304	
552	0.999475	0.000889	-0.404571	-0.000889	0.999475	0.539575	
553	0.999952	0.001071	-0.585816	-0.001071	0.999952	0.239365	
554	0.999343	0.000810	-0.208489	-0.000810	0.999343	0.361610	
555	0.999753	0.000642	-0.414630	-0.000642	0.999753	0.141344	
556	0.999320	0.000877	-0.324455	-0.000877	0.999320	1.305102	
557	0.999638	0.000746	-0.344815	-0.000746	0.999638	0.506257	
558	0.999247	0.000596	0.109906	-0.000596	0.999247	0.448388	
559	0.999652	0.000819	-0.547687	-0.000819	0.999652	0.379912	
560	0.999463	0.000564	-0.449121	-0.000564	0.999463	0.647513	
561	0.999747	0.000876	-0.243057	-0.000876	0.999747	0.912598	
562	0.999320	0.000892	-0.163179	-0.000892	0.999320	0.630863	
563	0.999839	0.000722	-0.250609	-0.000722	0.999839	0.218376	
564	0.999390	0.000848	-0.048606	-0.000848	0.999390	0.820001	
565	0.999790	0.000712	-0.027514	-0.000712	0.999790	0.571945	
566	0.999432	0.001090	-0.352926	-0.001090	0.999432	0.771432	
567	0.999787	0.000954	-0.515997	-0.000954	0.999787	0.389895	
568	0.999510	0.000864	-0.175176	-0.000864	0.999510	0.307973	
569	0.999842	0.000762	-0.265475	-0.000762	0.999842	0.128069	
570	0.999505	0.000964	0.004805	-0.000964	0.999505	0.701840	
571	0.999905	0.000705	-0.403231	-0.000705	0.999905	0.343300	
572	0.999511	0.000486	0.034726	-0.000486	0.999511	0.298887	
573	1.000128	0.000918	-0.463068	-0.000918	1.000128	0.288472	
574	0.999434	0.000961	-0.080919	-0.000961	0.999434	0.801199	
575	0.999978	0.000838	-0.296850	-0.000838	0.999978	0.256300	
576	0.999502	0.000752	-0.434239	-0.000752	0.999502	0.218603	
577	1.000071	0.000994	-0.060916	-0.000994	1.000071	-0.051126	
578	0.999721	0.001215	-0.327130	-0.001215	0.999721	0.197209	
579	0.999952	0.000842	-0.610949	-0.000842	0.999952	0.174672	
580	0.999539	0.000600	0.264157	-0.000600	0.999539	0.762151	
581	0.999989	0.000727	-0.615626	-0.000727	0.999989	0.543538	
582	0.999356	0.001190	-0.133610	-0.001190	0.999356	1.148578	
583	0.999957	0.001270	-0.504688	-0.001270	0.999957	-0.057234	
584	0.999279	0.000828	-0.506357	-0.000828	0.999279	0.232252	
585	0.999821	0.000705	-0.448181	-0.000705	0.999821	0.140699	
586	0.999441	0.000576	-0.103032	-0.000576	0.999441	0.532395	
587	0.999794	0.000715	-0.311834	-0.000715	0.999794	0.340071	
588	0.999336	0.000722	0.048912	-0.000722	0.999336	0.526945	
589	0.999922	0.000812	-0.336168	-0.000812	0.999922	-0.011262	
590	0.999311	0.000781	-0.183414	-0.000781	0.999311	0.423851	
591	0.999664	0.000573	-0.550217	-0.000573	0.999664	0.190297	
592	0.999284	0.000732	-0.122953	-0.000732	0.999284	0.556031	
593	0.999922	0.000837	-0.172516	-0.000837	0.999922	0.305678	
594	0.999385	0.000668	-0.316541	-0.000668	0.999385	0.323321	
595	0.999853	0.000467	-0.547673	-0.000467	0.999853	0.102428	
596	0.999412	0.000741	-0.105720	-0.000741	0.999412	0.595877	
597	0.999827	0.000873	-0.393360	-0.000873	0.999827	0.170304	
598	0.999440	0.001028	-0.149654	-0.001028	0.999440	0.424123	
599	0.999884	0.001004	-0.469825	-0.001004	0.999884	-0.097251	
600	0.999390	0.000643	-0.202337	-0.000643	0.999390	0.412697	
601	0.999945	0.000653	-0.612286	-0.000653	0.999945	0.404706	
602	0.999545	0.001058	-0.060648	-0.001058	0.999545	1.006834	
603	0.999862	0.000826	-0.432821	-0.000826	0.999862	0.421314	
604	0.999547	0.000709	-0.037908	-0.000709	0.999547	0.401717	
605	0.999811	0.000887	-0.494999	-0.000887	0.999811	0.360012	
606	0.999528	0.000641	-0.028174	-0.000641	0.999528	0.129387	
607	0.999795	0.000749	-0.278036	-0.000749	0.999795	0.580170	
608	0.999469	0.000507	-0.351456	-0.000507	0.999469	0.682436	
609	0.999700	0.000997	-0.054497	-0.000997	0.999700	0.524778	
610	0.999404	0.000549	0.171802	-0.000549	0.999404	0.149429	
611	0.999936	0.000804	-0.169604	-0.000804	0.999936	0.256652	
612	0.999360	0.000635	-0.031354	-0.000635	0.999360	0.407231	
613	0.999811	0.000744	-0.373811	-0.000744	0.999811	0.664214	
614	0.999360	0.000831	-0.056317	-0.000831	0.999360	0.668538	
615	0.999935	0.001012	-0.256729	-0.001012	0.999935	0.077622	
616	0.999616	0.000688	-0.163243	-0.000688	0.999616	0.390581	
617	0.999766	0.000637	-0.047046	-0.000637	0.999766	0.185535	
618	0.999428	0.000761	-0.472719	-0.000761	0.999428	0.793544	
619	0.999739	0.000634	0.299265	-0.000634	0.999739	0.301062	
620	0.999327	0.000813	-0.068172	-0.000813	0.999327	0.767538	
621	0.999762	0.000647	0.030651	-0.000647	0.999762	0.010184	
622	0.999254	0.000757	0.145486	-0.000757	0.999254	1.021552	
623	0.999802	0.000857	-0.299798	-0.000857	0.999802	0.527410	
624	0.999400	0.000770	-0.098557	-0.000770	0.999400	0.916434	
625	0.999634	0.001097	-0.237425	-0.001097	0.999634	0.855994	
626	0.999391	0.001158	-0.094050	-0.001158	0.999391	0.923942	
627	0.999810	0.000943	-0.388995	-0.000943	0.999810	0.194898	
628	0.999348	0.000963	-0.137298	-0.000963	0.999348	0.577975	
629	0.999839	0.000782	-0.305788	-0.000782	0.999839	0.386110	
630	0.999486	0.001107	-0.019450	-0.001107	0.999486	0.993590	
631	0.999952	0.000911	-0.095767	-0.000911	0.999952	0.606187	
632	0.999461	0.000831	0.113059	-0.000831	0.999461	0.488828	
633	0.999833	0.001058	-0.279895	-0.001058	0.999833	0.729242	
634	0.999312	0.000959	0.103711	-0.000959	0.999312	0.543832	
635	0.999693	0.000829	-0.171537	-0.000829	0.999693	0.221801	
636	0.999336	0.000678	0.015457	-0.000678	0.999336	0.589997	
637	0.999641	0.000726	-0.064197	-0.000726	0.999641	0.383427	
638	0.999461	0.000899	-0.113332	-0.000899	0.999461	1.098874	
639	0.999787	0.000784	-0.082536	-0.000784	0.999787	1.103248	
640	0.999313	0.000883	0.098110	-0.000883	0.999313	0.826490	
641	0.999751	0.001078	-0.235210	-0.001078	0.999751	0.708128	
642	0.999355	0.000811	0.223752	-0.000811	0.999355	0.765284	
643	0.999827	0.000932	-0.206799	-0.000932	0.999827	0.215860	
644	0.999372	0.000908	0.397258	-0.000908	0.999372	0.640086	
645	0.999718	0.000857	-0.130907	-0.000857	0.999718	0.618231	
646	0.999539	0.000931	-0.256842	-0.000931	0.999539	0.773662	
647	0.999659	0.000918	-0.118455	-0.000918	0.999659	0.691776	
648	0.999195	0.000838	0.004624	-0.000838	0.999195	1.071266	
649	0.999731	0.000862	-0.197701	-0.000862	0.999731	0.733027	
650	0.999283	0.000958	-0.032107	-0.000958	0.999283	1.193929	
651	0.999531	0.001032	-0.390187	-0.001032	0.999531	0.804381	
652	0.999237	0.001200	-0.156446	-0.001200	0.999237	0.992102	
653	0.999797	0.001194	-0.078832	-0.001194	0.999797	0.819382	
654	0.999316	0.000644	0.173878	-0.000644	0.999316	0.659621	
655	0.999690	0.001070	0.228235	-0.001070	0.999690	0.969786	
656	0.999679	0.001030	0.025224	-0.001030	0.999679	0.378829	
657	0.999551	0.000739	0.131396	-0.000739	0.999551	0.650423	
658	0.999550	0.000731	0.129107	-0.000731	0.999550	0.529229	
659	0.999573	0.000860	-0.375321	-0.000860	0.999573	0.751138	
660	0.999683	0.000818	-0.360815	-0.000818	0.999683	1.128265	
661	0.999529	0.001021	-0.071186	-0.001021	0.999529	1.107646	
662	0.999654	0.000782	-0.113443	-0.000782	0.999654	0.502519	
663	0.999581	0.001017	-0.085665	-0.001017	0.999581	0.665345	
664	0.999486	0.000988	0.058656	-0.000988	0.999486	0.819693	
665	0.999517	0.001100	-0.267948	-0.001100	0.999517	1.141926	
666	0.999538	0.000761	0.208790	-0.000761	0.999538	1.042325	
667	0.999461	0.001170	0.011031	-0.001170	0.999461	0.936544	
668	0.999487	0.001071	-0.187145	-0.001071	0.999487	1.016677	
669	0.999508	0.001220	-0.334983	-0.001220	0.999508	0.711696	
670	0.999483	0.000818	-0.012692	-0.000818	0.999483	0.723181	
671	0.999434	0.000835	0.240111	-0.000835	0.999434	0.858831	
672	0.999369	0.000732	-0.226409	-0.000732	0.999369	1.310299	
673	0.999411	0.000672	0.393385	-0.000672	0.999411	0.907128	
674	0.999348	0.000813	0.017554	-0.000813	0.999348	0.973227	
675	0.999435	0.000818	0.087980	-0.000818	0.999435	0.616697	
676	0.999387	0.000957	0.333951	-0.000957	0.999387	0.730618	
677	0.999534	0.001169	-0.378899	-0.001169	0.999534	0.637138	
678	0.999345	0.000803	0.310639	-0.000803	0.999345	0.592098	
679	0.999708	0.000881	-0.081602	-0.000881	0.999708	0.500684	
680	0.999413	0.000782	-0.068544	-0.000782	0.999413	0.762161	
681	0.999699	0.000782	-0.286129	-0.000782	0.999699	1.053147	
682	0.999395	0.000990	0.134160	-0.000990	0.999395	1.065331	
683	0.999747	0.001141	-0.112913	-0.001141	0.999747	0.920913	
684	0.999254	0.000923	0.121943	-0.000923	0.999254	0.639040	
685	0.999824	0.000582	0.116835	-0.000582	0.999824	0.091501	
686	0.999311	0.000954	-0.054654	-0.000954	0.999311	1.345396	
687	0.999593	0.001077	-0.114592	-0.001077	0.999593	0.557060	
688	0.999383	0.000958	0.204777	-0.000958	0.999383	0.506912	
689	0.999832	0.000992	-0.071430	-0.000992	0.999832	0.044069	
690	0.999465	0.000717	-0.064758	-0.000717	0.999465	0.621632	
691	0.999762	0.000890	-0.384790	-0.000890	0.999762	0.588041	
692	0.999528	0.000875	0.155638	-0.000875	0.999528	0.561566	
693	0.999866	0.001103	-0.468526	-0.001103	0.999866	0.312923	
694	0.999519	0.000935	0.152454	-0.000935	0.999519	0.184272	
695	0.999659	0.000688	-0.205988	-0.000688	0.999659	0.169773	
696	0.999337	0.000548	0.141862	-0.000548	0.999337	0.551477	
697	0.999664	0.000910	-0.211429	-0.000910	0.999664	0.341797	
698	0.999212	0.000883	-0.042668	-0.000883	0.999212	0.773799	
699	0.999643	0.000639	-0.108033	-0.000639	0.999643	0.257263	
700	0.999264	0.000931	-0.308202	-0.000931	0.999264	1.122075	
701	0.999681	0.000986	-0.223614	-0.000986	0.999681	0.440906	
702	0.999307	0.001214	-0.190557	-0.001214	0.999307	0.831793	
703	0.999621	0.000886	0.092020	-0.000886	0.999621	0.340210	
704	0.999316	0.001114	-0.483924	-0.001114	0.999316	0.315567	
705	0.999802	0.000846	-0.072375	-0.000846	0.999802	0.087620	
706	0.999394	0.000919	-0.345317	-0.000919	0.999394	0.718847	
707	0.999798	0.001117	-0.367355	-0.001117	0.999798	0.232107	
708	0.999463	0.000910	-0.024272	-0.000910	0.999463	0.390904	
709	0.999921	0.001097	-0.029719	-0.001097	0.999921	-0.221934	
710	0.999458	0.000797	-0.267980	-0.000797	0.999458	0.085920	
711	0.999903	0.000826	-0.300609	-0.000826	0.999903	0.202063	
712	0.999233	0.000763	-0.090718	-0.000763	0.999233	0.480942	
713	0.999754	0.000658	-0.187453	-0.000658	0.999754	0.332659	
714	0.999234	0.001273	-0.151775	-0.001273	0.999234	0.415843	
715	0.999694	0.001052	-0.412644	-0.001052	0.999694	0.049975	
716	0.999543	0.000808	-0.107109	-0.000808	0.999543	0.126718	
717	0.999747	0.000558	-0.314583	-0.000558	0.999747	0.310246	
718	0.999270	0.000997	-0.286036	-0.000997	0.999270	0.677110	
719	0.999779	0.000950	-0.178696	-0.000950	0.999779	0.568605	
720	0.999275	0.001302	-0.318246	-0.001302	0.999275	0.329982	
721	0.999707	0.000923	-0.176405	-0.000923	0.999707	0.354535	
722	0.999369	0.000948	0.138625	-0.000948	0.999369	0.396574	
723	0.999663	0.001042	-0.197643	-0.001042	0.999663	0.464782	
724	0.999111	0.000934	-0.054512	-0.000934	0.999111	0.155338	
725	0.999627	0.001036	-0.275087	-0.001036	0.999627	0.522943	
726	0.999134	0.001251	-0.180095	-0.001251	0.999134	0.699630	
727	0.999625	0.001036	-0.259606	-0.001036	0.999625	0.368861	
728	0.999138	0.000990	0.004108	-0.000990	0.999138	0.425628	
729	0.999582	0.001139	-0.225428	-0.001139	0.999582	0.322450	
730	0.999190	0.001009	-0.029623	-0.001009	0.999190	0.602172	
731	0.999516	0.000987	-0.216818	-0.000987	0.999516	0.224493	
732	0.999127	0.000873	-0.101061	-0.000873	0.999127	0.790287	
733	0.999659	0.001371	-0.105526	-0.001371	0.999659	0.413376	
734	0.999196	0.001185	0.313829	-0.001185	0.999196	0.587022	
735	0.999660	0.000886	-0.026271	-0.000886	0.999660	-0.018135	
736	0.999535	0.000819	-0.158201	-0.000819	0.999535	0.416202	
737	0.999735	0.001124	-0.277806	-0.001124	0.999735	0.261013	
738	0.999300	0.000938	0.001997	-0.000938	0.999300	0.294868	
739	1.000005	0.001026	-0.448542	-0.001026	1.000005	-0.205182	
740	0.999504	0.000938	-0.274915	-0.000938	0.999504	0.480827	
741	0.999811	0.001115	-0.287014	-0.001115	0.999811	0.223649	
742	0.999267	0.001042	0.187522	-0.001042	0.999267	0.574647	
743	0.999692	0.001056	-0.312588	-0.001056	0.999692	-0.276392	
744	0.999314	0.000635	0.297843	-0.000635	0.999314	0.262563	
745	0.999756	0.000728	-0.158794	-0.000728	0.999756	0.106146	
746	0.999385	0.000827	0.123479	-0.000827	0.999385	0.435092	
747	0.999656	0.000755	-0.258434	-0.000755	0.999656	0.097616	
748	0.999450	0.000958	0.177411	-0.000958	0.999450	0.088622	
749	0.999899	0.001143	-0.575555	-0.001143	0.999899	0.186112	
750	0.999366	0.000855	-0.102166	-0.000855	0.999366	0.542516	
751	0.999762	0.000987	-0.389606	-0.000987	0.999762	0.430470	
752	0.999349	0.001134	-0.265176	-0.001134	0.999349	0.652154	
753	0.999685	0.001001	-0.336675	-0.001001	0.999685	0.358545	
754	0.999367	0.001053	0.182213	-0.001053	0.999367	0.073963	
755	0.999569	0.000796	-0.423018	-0.000796	0.999569	0.087747	
756	0.999175	0.000938	-0.048271	-0.000938	0.999175	0.581569	
757	0.999506	0.000930	-0.232644	-0.000930	0.999506	0.306113	
758	0.999286	0.000946	-0.063006	-0.000946	0.999286	0.526667	
759	0.999415	0.001044	-0.153331	-0.001044	0.999415	0.142915	
760	0.999140	0.000938	-0.008076	-0.000938	0.999140	0.194422	
761	0.999636	0.000947	0.013733	-0.000947	0.999636	0.058910	
762	0.999152	0.000988	-0.262309	-0.000988	0.999152	0.598235	
763	0.999645	0.001017	-0.381202	-0.001017	0.999645	0.064881	
764	0.999610	0.001124	-0.392025	-0.001124	0.999610	0.474542	
765	0.999800	0.001117	-0.182586	-0.001117	0.999800	-0.134574	
766	0.999426	0.000961	-0.433229	-0.000961	0.999426	0.277684	
767	0.999791	0.001098	-0.512335	-0.001098	0.999791	0.429878	
768	0.999412	0.001211	-0.362202	-0.001211	0.999412	0.430618	
769	0.999735	0.001289	-0.448015	-0.001289	0.999735	0.379241	
770	0.999506	0.001039	-0.098543	-0.001039	0.999506	-0.006150	
771	0.999904	0.001131	-0.592819	-0.001131	0.999904	-0.067716	
772	0.999393	0.001148	-0.300862	-0.001148	0.999393	0.430295	
773	0.999761	0.001224	-0.689628	-0.001224	0.999761	0.318226	
774	0.999369	0.000944	-0.339922	-0.000944	0.999369	0.363062	
775	0.999652	0.000895	-0.132434	-0.000895	0.999652	0.310430	
776	0.999415	0.000980	-0.051164	-0.000980	0.999415	0.298953	
777	1.000010	0.000932	-0.440044	-0.000932	1.000010	-0.248348	
778	0.999378	0.000748	-0.136768	-0.000748	0.999378	0.062602	
779	0.999747	0.001142	-0.453527	-0.001142	0.999747	0.378758	
780	0.999517	0.001093	-0.211725	-0.001093	0.999517	0.282482	
781	0.999732	0.001029	-0.048164	-0.001029	0.999732	-0.330799	
782	0.999314	0.001006	-0.316443	-0.001006	0.999314	0.274217	
783	0.999653	0.001162	-0.407231	-0.001162	0.999653	0.187569	
784	0.999263	0.001200	-0.309232	-0.001200	0.999263	0.640373	
785	0.999583	0.001390	-0.437900	-0.001390	0.999583	-0.087708	
786	0.999006	0.001071	-0.065210	-0.001071	0.999006	0.334211	
787	0.999542	0.000606	-0.304755	-0.000606	0.999542	0.099978	
788	0.999040	0.000820	0.075084	-0.000820	0.999040	0.859314	
789	0.999652	0.001207	-0.531673	-0.001207	0.999652	0.480439	
790	0.998877	0.000977	-0.150803	-0.000977	0.998877	0.596935	
791	0.999607	0.001008	0.077749	-0.001008	0.999607	-0.001327	
792	0.998984	0.000930	0.067212	-0.000930	0.998984	0.473100	
793	0.999720	0.000681	-0.172730	-0.000681	0.999720	-0.029736	
794	0.999194	0.000894	0.533434	-0.000894	0.999194	0.312814	
795	0.999540	0.001091	-0.368361	-0.001091	0.999540	0.223745	
796	0.999219	0.000796	0.154544	-0.000796	0.999219	-0.000312	
797	0.999478	0.000843	0.011400	-0.000843	0.999478	0.049376	
798	0.999171	0.000855	0.121290	-0.000855	0.999171	0.353031	
799	0.999370	0.000857	0.017193	-0.000857	0.999370	0.150606	
800	0.999182	0.000732	-0.055623	-0.000732	0.999182	0.290834	
801	0.999293	0.000368	0.219431	-0.000368	0.999293	-0.010066	
802	0.999044	0.000840	0.180452	-0.000840	0.999044	0.513146	
803	0.999407	0.000579	0.173486	-0.000579	0.999407	0.175972	
804	0.998973	0.000702	0.280104	-0.000702	0.998973	0.237881	
805	0.999384	0.000593	-0.117271	-0.000593	0.999384	0.137866	
806	0.998995	0.000769	0.428893	-0.000769	0.998995	0.260166	
807	0.999496	0.000422	0.002026	-0.000422	0.999496	-0.129464	
808	0.998927	0.000443	-0.011901	-0.000443	0.998927	0.594795	
809	0.999407	0.000853	0.452806	-0.000853	0.999407	0.395457	
810	0.998904	0.000642	0.100599	-0.000642	0.998904	0.643098	
811	0.999185	0.000643	0.244099	-0.000643	0.999185	0.211427	
812	0.999336	0.000601	-0.027468	-0.000601	0.999336	0.073270	
813	0.999332	0.000467	0.425762	-0.000467	0.999332	0.142620	
814	0.998838	0.000327	0.264399	-0.000327	0.998838	0.298377	
815	0.999507	0.000714	-0.148637	-0.000714	0.999507	0.517817	
816	0.998915	0.000378	0.334517	-0.000378	0.998915	0.566882	
817	0.999854	0.000224	-0.014392	-0.000224	0.999854	-0.046128	
818	0.999042	0.000607	0.284709	-0.000607	0.999042	0.465527	
819	0.999818	0.000736	-0.312535	-0.000736	0.999818	0.094920	
820	0.999297	0.000594	0.359061	-0.000594	0.999297	0.038901	
821	0.999805	0.000361	-0.333696	-0.000361	0.999805	0.045123	
822	0.999283	0.000604	0.118970	-0.000604	0.999283	0.881038	
823	0.999546	0.000427	0.030312	-0.000427	0.999546	0.022065	
824	0.999167	0.000485	0.064372	-0.000485	0.999167	0.364023	
825	0.999636	0.000624	-0.183015	-0.000624	0.999636	-0.445502	
826	0.999217	0.000369	0.244641	-0.000369	0.999217	0.428948	
827	0.999498	0.000189	0.316589	-0.000189	0.999498	0.649905	
828	0.999113	0.000431	0.116088	-0.000431	0.999113	0.425960	
829	0.999459	0.000622	0.001719	-0.000622	0.999459	0.016884	
830	0.999526	0.000994	-0.431894	-0.000994	0.999526	0.355546	
831	0.999514	0.000369	0.075822	-0.000369	0.999514	-0.140261	
832	0.999028	0.000312	0.487935	-0.000312	0.999028	0.480568	
833	0.999487	0.000670	-0.122854	-0.000670	0.999487	0.618480	
834	0.998916	0.000677	0.386121	-0.000677	0.998916	0.468673	
835	0.999384	0.000348	0.238059	-0.000348	0.999384	-0.304214	
836	0.999062	0.000477	0.194389	-0.000477	0.999062	0.363221	
837	0.999506	0.000239	-0.029908	-0.000239	0.999506	-0.147481	
838	0.999091	0.000278	0.382578	-0.000278	0.999091	0.578066	
839	0.999601	0.000336	-0.196367	-0.000336	0.999601	0.184676	
840	0.999277	0.000300	0.600545	-0.000300	0.999277	-0.108685	
841	0.999602	0.000352	-0.160910	-0.000352	0.999602	-0.013457	
842	0.999203	0.000346	0.521737	-0.000346	0.999203	0.020647	
843	0.999566	0.000159	0.221972	-0.000159	0.999566	-0.120897	
844	0.999136	0.000404	0.334607	-0.000404	0.999136	0.200165	
845	0.999511	0.000265	0.361810	-0.000265	0.999511	-0.283552	
846	0.999056	0.000332	0.568191	-0.000332	0.999056	0.055410	
847	0.999525	0.000160	-0.044365	-0.000160	0.999525	-0.032814	
848	0.998991	0.000409	0.514592	-0.000409	0.998991	0.470686	
849	0.999415	0.000187	0.195296	-0.000187	0.999415	0.027461	
850	0.998938	0.000194	0.075841	-0.000194	0.998938	0.054220	
851	0.999547	0.000375	-0.020357	-0.000375	0.999547	0.085861	
852	0.999218	0.000371	0.296991	-0.000371	0.999218	0.147834	
853	0.999390	0.000297	-0.080321	-0.000297	0.999390	0.039603	
854	0.999045	0.000343	0.484400	-0.000343	0.999045	0.246182	
855	0.999415	0.000398	-0.038064	-0.000398	0.999415	-0.110098	
856	0.998993	0.000356	0.440317	-0.000356	0.998993	0.512448	
857	0.999537	0.000348	-0.031109	-0.000348	0.999537	-0.274894	
858	0.999072	0.000460	0.126433	-0.000460	0.999072	0.375778	
859	0.999330	0.000546	0.095135	-0.000546	0.999330	0.243262	
860	0.999159	0.000482	0.201609	-0.000482	0.999159	0.543761	
861	0.999542	0.000410	0.254658	-0.000410	0.999542	-0.165826	
862	0.999023	0.000273	0.099533	-0.000273	0.999023	0.336507	
863	0.999575	0.000624	-0.100073	-0.000624	0.999575	0.203419	
864	0.999084	0.000509	0.053719	-0.000509	0.999084	0.610658	
865	0.999525	0.000210	0.115033	-0.000210	0.999525	0.098023	
866	0.999216	0.000340	0.202663	-0.000340	0.999216	0.991583	
867	0.999699	0.000335	-0.040922	-0.000335	0.999699	0.467871	
868	0.999172	0.000354	0.452508	-0.000354	0.999172	0.644824	
869	0.999608	0.000359	-0.034135	-0.000359	0.999608	-0.072159	
870	0.999257	0.000229	0.112947	-0.000229	0.999257	0.277000	
871	0.999916	0.000745	-0.611067	-0.000745	0.999916	0.724668	
872	0.999016	0.000555	0.440526	-0.000555	0.999016	0.914974	
873	0.999643	0.000392	-0.143441	-0.000392	0.999643	0.126949	
874	0.999186	0.000722	0.157328	-0.000722	0.999186	0.479282	
875	0.999604	0.000390	0.102852	-0.000390	0.999604	-0.218013	
876	0.999365	0.000429	0.219610	-0.000429	0.999365	0.815444	
877	0.999565	0.000225	-0.250987	-0.000225	0.999565	0.775834	
878	0.999196	0.000341	0.326030	-0.000341	0.999196	0.720097	
879	0.999368	0.000460	-0.116216	-0.000460	0.999368	0.143694	
880	0.999232	0.000474	-0.049948	-0.000474	0.999232	0.156706	
881	0.999471	0.000406	0.027692	-0.000406	0.999471	0.411301	
882	0.999082	0.000497	0.336164	-0.000497	0.999082	0.785899	
883	0.999626	0.000474	-0.336508	-0.000474	0.999626	0.384474	
884	0.999131	0.000292	0.322887	-0.000292	0.999131	0.670100	
885	0.999597	0.000321	-0.196804	-0.000321	0.999597	0.390174	
886	0.999219	0.000311	0.032288	-0.000311	0.999219	0.994145	
887	0.999553	0.000295	0.230875	-0.000295	0.999553	0.770405	
888	0.999074	0.000492	-0.202103	-0.000492	0.999074	1.382139	
889	0.999382	0.000594	-0.072270	-0.000594	0.999382	1.202549	
890	0.999104	0.000505	0.235423	-0.000505	0.999104	0.848750	
891	0.999432	0.000554	-0.141249	-0.000554	0.999432	0.196222	
892	0.999081	0.000624	0.114448	-0.000624	0.999081	0.374876	
893	0.999435	0.000344	-0.163517	-0.000344	0.999435	0.489805	
894	0.999054	0.000443	0.171633	-0.000443	0.999054	0.644741	
895	0.999389	0.000594	-0.120089	-0.000594	0.999389	0.362207	
896	0.999260	0.000516	-0.138741	-0.000516	0.999260	0.379439	
897	0.999512	0.000428	-0.179734	-0.000428	0.999512	-0.132157	
898	0.999315	0.000466	0.314441	-0.000466	0.999315	0.068111	
899	0.999738	0.000123	-0.329128	-0.000123	0.999738	-0.182766	
900	0.999287	0.000054	-0.000468	-0.000054	0.999287	0.148186	
901	0.999666	0.000658	-0.103721	-0.000658	0.999666	0.639687	
902	0.999067	0.000588	0.393574	-0.000588	0.999067	0.138051	
903	0.999643	0.000723	-0.298112	-0.000723	0.999643	-0.283725	
904	0.999383	0.000384	-0.089046	-0.000384	0.999383	-0.292564	
905	0.999592	0.000287	-0.202380	-0.000287	0.999592	-0.044107	
906	0.999297	0.000472	-0.078145	-0.000472	0.999297	0.241670	
907	0.999551	0.000515	-0.245425	-0.000515	0.999551	0.001238	
908	0.999273	0.000644	-0.140393	-0.000644	0.999273	-0.035630	
909	0.999790	0.000378	-0.310813	-0.000378	0.999790	-0.909865	
910	0.999504	0.000401	-1.145071	-0.000401	0.999504	0.726232	
911	0.999585	0.000298	-0.911535	-0.000298	0.999585	0.527379	
912	0.999084	0.000556	-0.092227	-0.000556	0.999084	-0.063496	
913	0.999698	0.000157	-0.190290	-0.000157	0.999698	-0.640949	
914	0.999281	0.000513	0.043464	-0.000513	0.999281	-0.174928	
915	0.999720	0.000473	-0.456895	-0.000473	0.999720	-0.303920	
916	0.999337	0.000399	0.136024	-0.000399	0.999337	-0.269958	
917	0.999764	0.000527	-0.298461	-0.000527	0.999764	-0.284351	
918	0.999210	0.000479	-0.142525	-0.000479	0.999210	0.150739	
919	0.999705	0.000636	-0.270811	-0.000636	0.999705	0.003948	
920	0.999327	0.000435	0.170175	-0.000435	0.999327	-0.200212	
921	0.999777	0.000676	0.312977	-0.000676	0.999777	-0.745108	
922	0.999266	0.000699	0.000988	-0.000699	0.999266	-0.106458	
923	0.999723	0.000485	-0.197202	-0.000485	0.999723	-0.487945	
924	0.999273	0.000604	-0.125167	-0.000604	0.999273	-0.027982	
925	0.999677	0.000547	-0.257014	-0.000547	0.999677	-0.357387	
926	0.999239	0.000536	0.209293	-0.000536	0.999239	0.081527	
927	0.999354	0.000549	-0.125791	-0.000549	0.999354	-0.164039	
928	0.999231	0.000526	0.206291	-0.000526	0.999231	-0.380532	
929	0.999503	0.000654	-0.086680	-0.000654	0.999503	-0.097071	
930	0.999472	0.000200	0.164174	-0.000200	0.999472	-0.433028	
931	0.999708	0.000543	-0.201173	-0.000543	0.999708	-0.301417	
932	0.999195	0.000769	0.020376	-0.000769	0.999195	0.119745	
933	0.999729	0.000493	0.024982	-0.000493	0.999729	-0.241411	
934	0.999273	0.000534	0.136532	-0.000534	0.999273	-0.292511	
935	0.999719	0.000586	-0.292943	-0.000586	0.999719	-0.311630	
936	0.999438	0.000708	-0.332107	-0.000708	0.999438	-0.126038	
937	0.999755	0.000425	-0.128348	-0.000425	0.999755	-0.428818	
938	0.999395	0.000365	0.339868	-0.000365	0.999395	-0.172212	
939	0.999746	0.000468	-0.288882	-0.000468	0.999746	-0.389362	
940	0.999487	0.000464	-0.125492	-0.000464	0.999487	-0.093860	
941	0.999816	0.000365	-0.144948	-0.000365	0.999816	-0.244539	
942	0.999491	0.000239	0.423611	-0.000239	0.999491	0.137182	
943	0.999858	0.000613	-0.574319	-0.000613	0.999858	-0.116149	
944	0.999384	0.000759	-0.012816	-0.000759	0.999384	0.003433	
945	0.999996	0.000654	-0.089367	-0.000654	0.999996	-0.551761	
946	0.999472	0.000402	-0.130612	-0.000402	0.999472	-0.344088	
947	1.000054	0.000416	-0.458413	-0.000416	1.000054	-0.897264	
948	0.999491	0.000833	-0.359687	-0.000833	0.999491	0.155265	
949	1.000008	0.000168	-0.186234	-0.000168	1.000008	-0.615595	
950	0.999692	0.000416	-0.411737	-0.000416	0.999692	0.244257	
951	0.999793	0.000393	-0.154888	-0.000393	0.999793	-0.133014	
952	0.999460	0.000693	-0.072117	-0.000693	0.999460	-0.060963	
953	0.999843	0.000418	-0.175377	-0.000418	0.999843	-0.536508	
954	0.999403	0.000522	0.015583	-0.000522	0.999403	-0.015940	
955	0.999862	0.000524	-0.003770	-0.000524	0.999862	-0.155057	
956	0.999487	0.000810	-0.319861	-0.000810	0.999487	0.171352	
957	0.999857	0.000593	-0.391600	-0.000593	0.999857	-0.585453	
958	0.999633	0.000439	-0.065213	-0.000439	0.999633	-0.195535	
959	0.999896	0.000552	-0.620124	-0.000552	0.999896	-0.131395	
960	0.999626	0.000412	-0.272731	-0.000412	0.999626	-0.353526	
961	1.000008	0.000542	-0.323146	-0.000542	1.000008	-0.065587	
962	0.999637	0.000346	-0.216393	-0.000346	0.999637	-0.261935	
963	1.000025	0.000608	-0.464048	-0.000608	1.000025	-0.451036	
964	0.999613	0.000490	-0.006798	-0.000490	0.999613	0.045432	
965	0.999898	0.000353	-0.357459	-0.000353	0.999898	-0.215308	
966	0.999608	0.000376	0.030506	-0.000376	0.999608	-0.022769	
967	0.999887	0.000573	-0.270784	-0.000573	0.999887	-0.579076	
968	0.999678	0.000574	-0.471246	-0.000574	0.999678	-0.029460	
969	1.000017	0.000345	-0.777646	-0.000345	1.000017	-0.430789	
970	0.999577	0.000362	-0.094621	-0.000362	0.999577	-0.070865	
971	0.999926	0.000364	-0.289843	-0.000364	0.999926	-0.173923	
972	0.999708	0.000464	-0.175066	-0.000464	0.999708	-0.325977	
973	0.999995	0.000601	-0.551155	-0.000601	0.999995	-0.680723	
974	0.999621	0.000364	-0.073223	-0.000364	0.999621	-0.324601	
975	1.000048	0.000239	-0.372282	-0.000239	1.000048	-0.261698	
976	0.999683	0.000497	-0.129804	-0.000497	0.999683	-0.015170	
977	0.999999	0.000552	-0.249221	-0.000552	0.999999	-0.147564	
978	0.999596	0.000308	-0.448367	-0.000308	0.999596	-0.452318	
979	0.999943	0.000464	-0.324199	-0.000464	0.999943	-0.258361	
980	0.999594	0.000217	-0.223196	-0.000217	0.999594	-0.367285	
981	1.000015	0.000250	-0.252974	-0.000250	1.000015	-0.555420	
982	0.999603	0.000226	0.161630	-0.000226	0.999603	-0.181754	
983	1.000011	0.000047	-0.470502	-0.000047	1.000011	-0.293054	
984	0.999612	0.000310	0.097653	-0.000310	0.999612	0.049679	
985	0.999978	0.000441	-0.386352	-0.000441	0.999978	-0.204790	
986	0.999727	0.000243	-0.061788	-0.000243	0.999727	0.039218	
987	1.000070	0.000700	-0.264081	-0.000700	1.000070	-0.720363	
988	0.999780	0.000066	0.043867	-0.000066	0.999780	-1.124741	
989	1.000133	0.000246	-0.225296	-0.000246	1.000133	-0.302871	
990	0.999691	0.000440	0.093497	-0.000440	0.999691	0.169228	
991	1.000062	0.000403	-0.363150	-0.000403	1.000062	-0.068921	
992	0.999694	0.000228	-0.117317	-0.000228	0.999694	0.104280	
993	1.000084	0.000517	-0.527022	-0.000517	1.000084	-0.054587	
994	0.999727	0.000376	-0.100727	-0.000376	0.999727	0.060591	
995	1.000078	0.000287	-0.533615	-0.000287	1.000078	-0.073332	
996	0.999646	0.000305	-0.119857	-0.000305	0.999646	0.571921	
997	0.999992	0.000553	-0.416016	-0.000553	0.999992	-0.044688	
998	0.999796	0.000418	-0.116081	-0.000418	0.999796	-0.043082	
999	1.000122	0.000313	-0.311502	-0.000313	1.000122	-0.367273	
1000	0.999789	0.000174	-0.122042	-0.000174	0.999789	0.076271	
1001	1.000145	0.000255	-0.151544	-0.000255	1.000145	0.234024	
1002	0.999702	0.000449	-0.068122	-0.000449	0.999702	0.391144	
1003	1.000063	0.000334	-0.215078	-0.000334	1.000063	-0.196586	
1004	0.999771	0.000281	0.130001	-0.000281	0.999771	-0.173834	
1005	1.000115	0.000382	0.183400	-0.000382	1.000115	-0.203276	
1006	0.999632	0.000274	-0.006703	-0.000274	0.999632	0.372178	
1007	1.000091	0.000112	-0.040754	-0.000112	1.000091	-0.040765	
1008	0.999778	0.000498	-0.155011	-0.000498	0.999778	0.257552	
1009	1.000104	0.000188	-0.201505	-0.000188	1.000104	-0.210019	
1010	0.999689	0.000374	-0.065335	-0.000374	0.999689	0.389653	
1011	1.000050	0.000223	-0.165026	-0.000223	1.000050	-0.015313	
1012	0.999622	0.000502	0.315947	-0.000502	0.999622	0.517940	
1013	1.000178	-0.000012	-0.144704	0.000012	1.000178	-0.308412	
1014	0.999607	0.000299	-0.053662	-0.000299	0.999607	0.547453	
1015	0.999959	0.000230	-0.098149	-0.000230	0.999959	0.030476	
1016	0.999615	0.000403	0.084480	-0.000403	0.999615	0.162590	
1017	0.999935	0.000393	-0.231433	-0.000393	0.999935	0.112079	
1018	0.999619	0.000156	0.397115	-0.000156	0.999619	0.343325	
1019	1.000024	0.000612	-0.475817	-0.000612	1.000024	0.444521	
1020	0.999526	0.000654	0.345937	-0.000654	0.999526	0.391745	
1021	0.999947	0.000523	-0.416777	-0.000523	0.999947	0.085948	
1022	0.999622	0.000163	0.061440	-0.000163	0.999622	-0.001866	
1023	1.000052	0.000329	0.059888	-0.000329	1.000052	0.369859	
1024	0.999562	0.000643	-0.191097	-0.000643	0.999562	0.593323	
1025	0.999941	0.000395	0.209688	-0.000395	0.999941	-0.057424	
1026	0.999701	0.000470	-0.178694	-0.000470	0.999701	-0.081902	
1027	1.000085	0.000326	-0.478440	-0.000326	1.000085	-0.476044	
1028	0.999632	0.000496	0.316756	-0.000496	0.999632	0.564096	
1029	1.000068	0.000323	-0.018130	-0.000323	1.000068	0.088294	
1030	0.999712	0.000360	0.301591	-0.000360	0.999712	0.192475	
1031	1.000223	0.000334	-0.286619	-0.000334	1.000223	-0.565308	
1032	0.999720	0.000309	-0.155007	-0.000309	0.999720	-0.003650	
1033	1.000233	0.000214	-0.134988	-0.000214	1.000233	-0.512074	
1034	0.999666	0.000469	0.127447	-0.000469	0.999666	0.372387	
1035	1.000185	0.000349	-0.291979	-0.000349	1.000185	-0.202468	
1036	0.999820	0.000444	0.168238	-0.000444	0.999820	0.179127	
1037	1.000147	0.000211	-0.263447	-0.000211	1.000147	-0.485431	
1038	0.999745	0.000409	0.039167	-0.000409	0.999745	0.012651	
1039	1.000139	0.000241	-0.218311	-0.000241	1.000139	-0.657367	
1040	0.999592	0.000285	0.195286	-0.000285	0.999592	-0.270490	
1041	0.999926	0.000174	0.090480	-0.000174	0.999926	-0.685706	
1042	0.999486	0.000256	0.005920	-0.000256	0.999486	-0.014999	
1043	1.000012	0.000297	-0.009451	-0.000297	1.000012	-0.288496	
1044	0.999556	0.000349	0.189563	-0.000349	0.999556	0.119000	
1045	0.999860	0.000478	0.218342	-0.000478	0.999860	-0.160588	
1046	0.999520	0.000258	0.020418	-0.000258	0.999520	-0.166407	
1047	0.999889	0.000484	0.105454	-0.000484	0.999889	-0.117646	
1048	0.999414	0.000129	0.281551	-0.000129	0.999414	-0.583795	
1049	0.999837	0.000431	0.024395	-0.000431	0.999837	-0.089491	
1050	0.999613	0.000306	0.187662	-0.000306	0.999613	-0.422281	
1051	0.999785	0.000322	0.031344	-0.000322	0.999785	-0.319601	
1052	0.999693	0.000071	0.157693	-0.000071	0.999693	-0.381948	
1053	0.999967	0.000120	0.009675	-0.000120	0.999967	-0.295351	
1054	0.999641	0.000237	0.380710	-0.000237	0.999641	-0.105249	
1055	0.999793	0.000259	0.040991	-0.000259	0.999793	-0.230065	
1056	0.999623	0.000132	0.067252	-0.000132	0.999623	-0.095120	
1057	0.999911	0.000185	-0.049996	-0.000185	0.999911	-0.188220	
1058	0.999341	0.000363	0.242799	-0.000363	0.999341	0.096984	
1059	0.999698	0.000411	0.556134	-0.000411	0.999698	-0.662225	
1060	0.999439	0.000278	-0.017245	-0.000278	0.999439	-0.062426	
1061	0.999764	0.000177	-0.071326	-0.000177	0.999764	-0.496046	
1062	0.999419	0.000431	0.294938	-0.000431	0.999419	0.402767	
1063	0.999947	0.000337	0.128554	-0.000337	0.999947	-0.691444	
1064	0.999588	0.000363	0.240337	-0.000363	0.999588	-0.102821	
1065	0.999864	0.000311	-0.069604	-0.000311	0.999864	-0.335026	
1066	0.999585	0.000291	0.170322	-0.000291	0.999585	-0.057212	
1067	0.999832	0.000536	-0.234889	-0.000536	0.999832	-0.382417	
1068	0.999525	0.000009	0.332447	-0.000009	0.999525	-0.275700	
1069	0.999884	0.000231	-0.201192	-0.000231	0.999884	-0.181719	
1070	0.999418	0.000062	0.153441	-0.000062	0.999418	0.132913	
1071	0.999827	0.000260	0.085452	-0.000260	0.999827	-0.019901	
1072	0.999379	0.000370	0.322691	-0.000370	0.999379	0.220587	
1073	0.999885	0.000434	0.025675	-0.000434	0.999885	-0.125658	
1074	0.999642	0.000307	0.055209	-0.000307	0.999642	-0.084543	
1075	0.999947	0.000339	-0.274636	-0.000339	0.999947	-0.333277	
1076	0.999490	0.000380	0.441625	-0.000380	0.999490	-0.055458	
1077	1.000022	0.000362	-0.231088	-0.000362	1.000022	-0.187750	
1078	0.999537	0.000138	0.225399	-0.000138	0.999537	-0.043373	
1079	1.000057	0.000350	-0.070820	-0.000350	1.000057	-0.412038	
1080	0.999582	0.000346	0.203185	-0.000346	0.999582	0.121754	
1081	1.000012	0.000281	-0.249442	-0.000281	1.000012	-0.093199	
1082	0.999738	0.000230	0.280645	-0.000230	0.999738	-0.149469	
1083	0.999972	0.000342	-0.490078	-0.000342	0.999972	-0.078990	
1084	0.999710	0.000230	0.230181	-0.000230	0.999710	-0.222550	
1085	0.999961	0.000265	-0.140420	-0.000265	0.999961	-0.067693	
1086	0.999543	0.000148	0.154283	-0.000148	0.999543	-0.127719	
1087	1.000027	0.000226	0.009777	-0.000226	1.000027	-0.325087	
1088	0.999595	0.000101	-0.051984	-0.000101	0.999595	-0.384341	
1089	1.000016	0.000055	-0.066596	-0.000055	1.000016	-0.259613	
1090	0.999688	0.000264	-0.027494	-0.000264	0.999688	0.079330	
1091	0.999973	0.000004	0.036684	-0.000004	0.999973	-0.818635	
1092	0.999636	0.000229	0.056420	-0.000229	0.999636	-0.145364	
1093	0.999842	0.000200	0.084138	-0.000200	0.999842	-0.255961	
1094	0.999471	0.000338	0.032966	-0.000338	0.999471	-0.175910	
1095	0.999852	0.000107	0.134423	-0.000107	0.999852	-0.256858	
1096	0.999541	0.000207	-0.003118	-0.000207	0.999541	-0.027749	
1097	0.999835	-0.000083	0.177753	0.000083	0.999835	-0.506487	
1098	0.999540	0.000057	0.052172	-0.000057	0.999540	-0.098131	
1099	0.999834	-0.000065	0.144432	0.000065	0.999834	-0.369133	
1100	0.999504	0.000090	0.082133	-0.000090	0.999504	-0.060666	
1101	0.999889	-0.000046	0.032205	0.000046	0.999889	-0.873497	
1102	0.999515	0.000054	0.020798	-0.000054	0.999515	0.149568	
1103	0.999853	0.000115	-0.251445	-0.000115	0.999853	-0.081228	
1104	0.999433	-0.000052	0.061743	0.000052	0.999433	0.078674	
1105	0.999817	-0.000047	0.031439	0.000047	0.999817	-0.224252	
1106	0.999459	0.000029	0.298180	-0.000029	0.999459	-0.225390	
1107	0.999838	-0.000003	-0.095774	0.000003	0.999838	-0.590166	
1108	0.999421	-0.000050	0.258203	0.000050	0.999421	-0.078351	
1109	0.999786	-0.000056	-0.039568	0.000056	0.999786	-0.275541	
1110	0.999387	-0.000042	0.288298	0.000042	0.999387	-0.178084	
1111	0.999908	-0.000033	-0.073438	0.000033	0.999908	-0.518054	
1112	0.999479	-0.000212	0.326421	0.000212	0.999479	-0.525130	
1113	0.999979	0.000027	-0.137152	-0.000027	0.999979	-0.202755	
1114	0.999614	-0.000170	0.132953	0.000170	0.999614	-0.472079	
1115	0.999956	-0.000004	-0.115468	0.000004	0.999956	-0.474893	
1116	0.999569	-0.000057	0.408608	0.000057	0.999569	-0.279392	
1117	1.000034	-0.000024	-0.198481	0.000024	1.000034	-0.470198	
1118	0.999621	-0.000233	0.202777	0.000233	0.999621	-0.674657	
1119	0.999990	-0.000210	0.135665	0.000210	0.999990	-0.405521	
1120	0.999653	-0.000207	-0.030039	0.000207	0.999653	-0.256893	
1121	0.999947	-0.000051	-0.001449	0.000051	0.999947	-0.252825	
1122	0.999511	-0.000078	0.496876	0.000078	0.999511	-0.172823	
1123	0.999993	-0.000097	0.392016	0.000097	0.999993	-1.073622	
1124	0.999600	-0.000161	0.136534	0.000161	0.999600	-0.413392	
1125	0.999908	-0.000318	-0.239023	0.000318	0.999908	-0.408465	
1126	0.999649	0.000048	0.177092	-0.000048	0.999649	0.045005	
1127	0.999929	0.000006	-0.097538	-0.000006	0.999929	-0.280723	
1128	0.999603	0.000168	0.351346	-0.000168	0.999603	0.096850	
1129	0.999982	-0.000016	-0.264113	0.000016	0.999982	-0.344860	
1130	0.999623	-0.000024	-0.077126	0.000024	0.999623	-0.073051	
1131	0.999926	0.000062	-0.093802	-0.000062	0.999926	-0.064107	
1132	0.999529	-0.000062	0.028129	0.000062	0.999529	-0.049848	
1133	0.999905	0.000046	0.168797	-0.000046	0.999905	-0.259328	
1134	0.999533	-0.000124	0.088564	0.000124	0.999533	-0.150007	
1135	0.999884	-0.000015	0.036886	0.000015	0.999884	-0.201520	
1136	0.999481	-0.000041	0.267841	0.000041	0.999481	0.226352	
1137	0.999772	-0.000230	0.067001	0.000230	0.999772	-0.326921	
1138	0.999456	-0.000271	0.242400	0.000271	0.999456	0.373027	
1139	0.999824	-0.000197	-0.058760	0.000197	0.999824	0.003933	
1140	0.999321	-0.000027	0.653435	0.000027	0.999321	0.268802	
1141	0.999876	-0.000142	0.031946	0.000142	0.999876	-0.048996	
1142	0.999429	0.000170	0.582278	-0.000170	0.999429	0.173501	
1143	0.999839	-0.000080	-0.060465	0.000080	0.999839	-0.391625	
1144	0.999367	-0.000203	0.764865	0.000203	0.999367	-0.373651	
1145	0.999799	0.000022	-0.055033	-0.000022	0.999799	-0.258180	
1146	0.999489	-0.000216	0.409342	0.000216	0.999489	-0.171434	
1147	0.999711	0.000064	0.154873	-0.000064	0.999711	-0.290575	
1148	0.999500	0.000020	0.393930	-0.000020	0.999500	0.026247	
1149	0.999817	0.000098	0.695834	-0.000098	0.999817	-0.495813	
1150	0.999558	-0.000040	0.058128	0.000040	0.999558	-0.208596	
1151	0.999863	-0.000244	0.126640	0.000244	0.999863	-0.128593	
1152	0.999417	0.000318	0.202036	-0.000318	0.999417	0.561414	
1153	0.999955	-0.000144	0.416274	0.000144	0.999955	-0.473546	
1154	0.999441	-0.000148	0.229312	0.000148	0.999441	-0.223548	
1155	0.999902	0.000058	0.267007	-0.000058	0.999902	-0.578766	
1156	0.999493	-0.000061	0.372619	0.000061	0.999493	-0.415197	
1157	1.000058	0.000134	0.006524	-0.000134	1.000058	-0.237326	
1158	0.999295	0.000083	0.490602	-0.000083	0.999295	-0.223784	
1159	1.000015	-0.000133	-0.234002	0.000133	1.000015	-1.134750	
1160	0.999491	-0.000077	0.031589	0.000077	0.999491	-0.237581	
1161	1.000241	-0.000214	-0.030760	0.000214	1.000241	-0.928684	
1162	0.999458	-0.000261	0.245768	0.000261	0.999458	-0.253415	
1163	0.999939	0.000069	0.208274	-0.000069	0.999939	-0.417314	
1164	0.999487	-0.000135	0.393562	0.000135	0.999487	-0.576243	
1165	1.000096	0.000164	0.018139	-0.000164	1.000096	-0.794933	
1166	0.999526	-0.000083	0.185820	0.000083	0.999526	-0.438003	
1167	0.999950	-0.000078	0.026681	0.000078	0.999950	-0.531849	
1168	0.999538	-0.000182	0.220398	0.000182	0.999538	-0.289531	
1169	0.999863	-0.000006	0.089364	0.000006	0.999863	-0.426440	
1170	0.999553	-0.000244	0.669004	0.000244	0.999553	-0.564076	
1171	1.000357	0.000220	-0.390897	-0.000220	1.000357	-0.726383	
1172	0.999521	-0.000185	0.483492	0.000185	0.999521	-0.779690	
1173	1.000115	0.000042	-0.168000	-0.000042	1.000115	-0.468580	
1174	0.999670	0.000049	-0.139378	-0.000049	0.999670	-0.419352	
1175	0.999914	0.000179	0.337436	-0.000179	0.999914	-0.349000	
1176	0.999724	-0.000082	0.099554	0.000082	0.999724	-0.500225	
1177	1.000124	-0.000227	-0.182088	0.000227	1.000124	-0.978506	
1178	0.999649	-0.000184	0.313256	0.000184	0.999649	-0.220560	
1179	1.000062	-0.000137	0.369880	0.000137	1.000062	-0.847399	
1180	0.999596	-0.000115	0.132691	0.000115	0.999596	-0.605055	
1181	1.000164	-0.000096	-0.021469	0.000096	1.000164	-0.686733	
1182	0.999509	-0.000215	0.440913	0.000215	0.999509	-0.374687	
1183	1.000056	-0.000165	0.146910	0.000165	1.000056	-0.620557	
1184	0.999713	-0.000182	0.165588	0.000182	0.999713	-0.467595	
1185	1.000006	-0.000212	0.067517	0.000212	1.000006	-0.767198	
1186	0.999844	-0.000349	0.209014	0.000349	0.999844	-0.804511	
1187	0.999958	-0.000188	0.065001	0.000188	0.999958	-0.471739	
1188	0.999507	0.000013	0.196372	-0.000013	0.999507	-0.443691	
1189	0.999852	-0.000187	0.026859	0.000187	0.999852	-1.152138	
1190	0.999414	0.000037	0.343318	-0.000037	0.999414	-0.230067	
1191	0.999814	-0.000060	-0.238914	0.000060	0.999814	-0.592226	
1192	0.999342	-0.000255	0.339298	0.000255	0.999342	-0.116900	
1193	0.999713	-0.000102	0.281987	0.000102	0.999713	-0.364366	
1194	0.999253	-0.000366	0.530013	0.000366	0.999253	-0.336021	
1195	0.999691	-0.000090	0.336854	0.000090	0.999691	-0.391869	
1196	0.999281	-0.000267	0.362363	0.000267	0.999281	-0.844279	
1197	0.999600	-0.000041	0.154118	0.000041	0.999600	-0.285839	
1198	0.999254	-0.000185	0.300322	0.000185	0.999254	-0.335117	
1199	0.999724	-0.000037	-0.058432	0.000037	0.999724	-0.318463	
1200	0.999193	0.000162	0.182551	-0.000162	0.999193	0.061344	
1201	0.999557	-0.000057	0.185701	0.000057	0.999557	-0.769293	
1202	0.999313	-0.000027	0.323313	0.000027	0.999313	-0.243446	
1203	0.999687	-0.000242	0.001990	0.000242	0.999687	-0.326625	
1204	0.999268	-0.000144	0.599684	0.000144	0.999268	0.086972	
1205	0.999676	0.000065	0.133266	-0.000065	0.999676	-0.033645	
1206	0.999381	-0.000100	0.479939	0.000100	0.999381	0.143860	
1207	0.999730	0.000167	-0.162212	-0.000167	0.999730	0.206382	
1208	0.999224	0.000033	0.504587	-0.000033	0.999224	0.109901	
1209	0.999459	-0.000040	0.440778	0.000040	0.999459	-0.298113	
1210	0.999292	0.000146	0.373294	-0.000146	0.999292	-0.208281	
1211	0.999747	-0.000121	0.203310	0.000121	0.999747	-0.323107	
1212	0.999660	-0.000326	0.222865	0.000326	0.999660	-0.141183	
1213	0.999803	-0.000078	-0.063548	0.000078	0.999803	0.047174	
1214	0.999405	0.000127	0.111330	-0.000127	0.999405	0.248075	
1215	0.999835	0.000016	0.109609	-0.000016	0.999835	-0.312482	
1216	0.999575	0.000170	0.153343	-0.000170	0.999575	-0.165468	
1217	0.999690	0.000078	0.125264	-0.000078	0.999690	-0.170030	
1218	0.999742	0.000095	0.001821	-0.000095	0.999742	0.220163	
1219	0.999775	-0.000033	-0.130316	0.000033	0.999775	-0.166742	
1220	0.999299	-0.000217	0.558002	0.000217	0.999299	0.395835	
1221	0.999713	-0.000045	0.079035	0.000045	0.999713	-0.017431	
1222	0.999234	-0.000068	0.445123	0.000068	0.999234	0.165894	
1223	0.999713	0.000170	0.020017	-0.000170	0.999713	0.306861	
1224	0.999076	0.000055	0.625068	-0.000055	0.999076	0.847200	
1225	0.999489	0.000249	0.276311	-0.000249	0.999489	0.254344	
1226	0.999243	0.000276	0.534809	-0.000276	0.999243	0.435993	
1227	0.999846	0.000047	0.270771	-0.000047	0.999846	-0.165558	
1228	0.999439	0.000112	0.232535	-0.000112	0.999439	0.131516	
1229	0.999668	0.000266	0.136789	-0.000266	0.999668	0.475170	
1230	0.999405	0.000328	-0.062982	-0.000328	0.999405	0.411371	
1231	1.000019	0.000680	-0.509678	-0.000680	1.000019	0.435814	
1232	0.999481	0.000186	0.068018	-0.000186	0.999481	0.186626	
1233	0.999785	0.000013	0.147378	-0.000013	0.999785	-0.015615	
1234	0.999912	-0.000034	0.293223	0.000034	0.999912	-0.153665	
1235	1.000071	0.000118	-0.250389	-0.000118	1.000071	-0.058970	
1236	0.999528	-0.000024	0.550885	0.000024	0.999528	0.273522	
1237	0.999825	-0.000106	-0.228881	0.000106	0.999825	0.311517	
1238	0.999407	-0.000199	0.476020	0.000199	0.999407	0.049534	
1239	1.000008	0.000037	-0.147973	-0.000037	1.000008	-0.355958	
1240	0.999529	0.000315	0.040918	-0.000315	0.999529	0.160862	
1241	0.999974	0.000201	-0.097272	-0.000201	0.999974	-0.132035	
1242	0.999547	0.000088	0.123046	-0.000088	0.999547	0.062653	
1243	0.999697	-0.000069	-0.351397	0.000069	0.999697	0.123243	
1244	0.999408	0.000185	0.495747	-0.000185	0.999408	0.391540	
1245	0.999685	0.000172	0.020758	-0.000172	0.999685	-0.035810	
1246	0.999360	0.000241	0.321510	-0.000241	0.999360	0.097464	
1247	0.999679	-0.000029	0.058199	0.000029	0.999679	-0.332791	
1248	0.999135	-0.000203	0.349613	0.000203	0.999135	-0.137001	
1249	0.999445	0.000009	0.347608	-0.000009	0.999445	0.073858	
1250	0.999296	0.000033	0.546089	-0.000033	0.999296	-0.109325	
1251	0.999501	0.000028	0.169458	-0.000028	0.999501	-0.342233	
1252	0.999045	0.000092	0.463765	-0.000092	0.999045	0.013354	
1253	0.999496	-0.000039	0.091228	0.000039	0.999496	-0.104366	
1254	0.999223	0.000180	0.343275	-0.000180	0.999223	0.190315	
1255	0.999619	0.000017	0.292117	-0.000017	0.999619	-0.420581	
1256	0.999094	0.000142	0.315782	-0.000142	0.999094	0.298117	
1257	0.999561	0.000003	0.090005	-0.000003	0.999561	-0.126677	
1258	0.999148	0.000174	0.448530	-0.000174	0.999148	0.227303	
1259	0.999577	0.000353	-0.065788	-0.000353	0.999577	-0.013623	
1260	0.999110	0.000082	0.651601	-0.000082	0.999110	0.293739	
1261	0.999558	0.000138	-0.158134	-0.000138	0.999558	0.285131	
1262	0.999076	0.000252	0.439777	-0.000252	0.999076	0.541012	
1263	0.999659	0.000305	0.176180	-0.000305	0.999659	-0.149936	
1264	0.999170	0.000259	0.105363	-0.000259	0.999170	-0.001192	
1265	0.999881	-0.000070	-0.225245	0.000070	0.999881	-1.018069	
1266	0.999533	0.000099	0.026153	-0.000099	0.999533	0.162761	
1267	0.999626	0.000008	0.094899	-0.000008	0.999626	-0.195225	
1268	0.999321	0.000213	0.499310	-0.000213	0.999321	0.005256	
1269	0.999621	0.000175	-0.122698	-0.000175	0.999621	-0.723231	
1270	0.999249	0.000117	0.465904	-0.000117	0.999249	0.076380	
1271	0.999328	-0.000133	0.498477	0.000133	0.999328	0.126619	
1272	0.999134	0.000132	0.248851	-0.000132	0.999134	0.194416	
1273	0.999622	0.000242	0.446990	-0.000242	0.999622	0.264938	
1274	0.999230	0.000169	0.506951	-0.000169	0.999230	-0.086579	
1275	0.999451	0.000033	0.506107	-0.000033	0.999451	-0.111539	
1276	0.999244	-0.000108	0.325058	0.000108	0.999244	-0.122038	
1277	0.999339	0.000373	0.396220	-0.000373	0.999339	0.184912	
1278	0.999164	-0.000054	0.661515	0.000054	0.999164	-0.006443	
1279	0.999635	0.000191	0.052780	-0.000191	0.999635	0.163995	
1280	0.999039	0.000520	0.509890	-0.000520	0.999039	0.348669	
1281	0.999553	0.000181	0.139482	-0.000181	0.999553	-0.077007	
1282	0.999286	0.000284	0.402292	-0.000284	0.999286	0.365768	
1283	0.999405	0.000288	0.192164	-0.000288	0.999405	-0.130542	
1284	0.999380	-0.000030	0.254121	0.000030	0.999380	-0.100876	
1285	0.999512	0.000312	0.292252	-0.000312	0.999512	0.148134	
1286	0.999115	0.000287	0.627828	-0.000287	0.999115	0.214241	
1287	0.999604	0.000072	0.362662	-0.000072	0.999604	-0.561631	
1288	0.999274	-0.000005	0.542386	0.000005	0.999274	-0.104362	
1289	0.999606	0.000033	0.095214	-0.000033	0.999606	-0.236991	
1290	0.999057	0.000313	0.628308	-0.000313	0.999057	-0.017254	
1291	0.999406	0.000117	0.437244	-0.000117	0.999406	-0.022920	
1292	0.999079	-0.000106	0.814142	0.000106	0.999079	-0.100900	
1293	0.999450	0.000305	0.232180	-0.000305	0.999450	-0.248607	
1294	0.999113	-0.000015	0.383843	0.000015	0.999113	-0.388020	
1295	0.999593	-0.000025	0.287654	0.000025	0.999593	-0.177670	
1296	0.999146	0.000208	0.540101	-0.000208	0.999146	0.538396	
1297	0.999523	0.000359	0.153648	-0.000359	0.999523	0.148794	
1298	0.999377	0.000231	0.281071	-0.000231	0.999377	-0.142927	
1299	0.999778	0.000082	-0.097848	-0.000082	0.999778	-0.467023	
1300	0.999216	0.000216	0.443817	-0.000216	0.999216	-0.170182	
1301	0.999670	0.000278	-0.013527	-0.000278	0.999670	0.029727	
1302	0.999343	0.000326	0.267526	-0.000326	0.999343	0.259391	
1303	0.999616	0.000369	0.296756	-0.000369	0.999616	-0.124152	
1304	0.999189	0.000311	0.259034	-0.000311	0.999189	0.257526	
1305	0.999543	0.000238	0.339529	-0.000238	0.999543	-0.249005	
1306	0.999284	0.000136	0.407830	-0.000136	0.999284	0.076382	
1307	0.999650	0.000287	0.142856	-0.000287	0.999650	-0.031909	
1308	0.999294	0.000210	0.654877	-0.000210	0.999294	0.111978	
1309	0.999649	0.000167	0.034961	-0.000167	0.999649	-0.015271	
1310	0.999292	0.000097	0.465552	-0.000097	0.999292	-0.039564	
1311	0.999690	0.000281	0.136020	-0.000281	0.999690	-0.009637	
1312	0.999332	0.000212	0.273590	-0.000212	0.999332	0.138694	
1313	0.999454	0.000369	0.251177	-0.000369	0.999454	0.334469	
1314	0.999311	0.000485	0.200965	-0.000485	0.999311	0.729967	
1315	0.999456	0.000319	0.168547	-0.000319	0.999456	-0.048304	
1316	0.999263	0.000281	0.458181	-0.000281	0.999263	-0.056653	
1317	0.999714	0.000344	0.013718	-0.000344	0.999714	-0.131849	
1318	0.999270	0.000266	0.147644	-0.000266	0.999270	0.241488	
1319	0.999342	0.000194	0.385407	-0.000194	0.999342	0.125595	
1320	0.999124	0.000424	0.609320	-0.000424	0.999124	0.676769	
1321	0.999411	0.000220	0.349637	-0.000220	0.999411	-0.189699	
1322	0.998989	0.000248	0.390561	-0.000248	0.998989	0.145225	
1323	0.999416	0.000161	0.268325	-0.000161	0.999416	-0.222264	
1324	0.999031	0.000027	0.405334	-0.000027	0.999031	0.135930	
1325	0.999444	0.000150	-0.050012	-0.000150	0.999444	-0.143168	
1326	0.998857	-0.000172	0.771622	0.000172	0.998857	0.210821	
1327	0.999254	0.000208	0.285330	-0.000208	0.999254	-0.040865	
1328	0.999143	0.000023	0.562591	-0.000023	0.999143	-0.131302	
1329	0.999423	0.000085	0.145485	-0.000085	0.999423	-0.056766	
1330	0.999135	0.000163	0.301253	-0.000163	0.999135	0.201005	
1331	0.999365	0.000066	0.630493	-0.000066	0.999365	-0.065824	
1332	0.998964	0.000350	0.297748	-0.000350	0.998964	0.565350	
1333	0.999341	0.000362	0.279282	-0.000362	0.999341	0.099142	
1334	0.998950	0.000304	0.658102	-0.000304	0.998950	0.122294	
1335	0.999229	0.000127	0.011214	-0.000127	0.999229	0.182642	
1336	0.999193	0.000366	0.106241	-0.000366	0.999193	0.477707	
1337	0.999238	0.000403	0.411914	-0.000403	0.999238	0.235103	
1338	0.999302	0.000620	0.197893	-0.000620	0.999302	0.196586	
1339	0.999458	0.000465	0.103498	-0.000465	0.999458	0.051151	
1340	0.999190	0.000381	0.263164	-0.000381	0.999190	0.418324	
1341	0.999669	0.000091	-0.241746	-0.000091	0.999669	0.138633	
1342	0.999076	0.000553	0.467481	-0.000553	0.999076	0.499498	
1343	0.999460	0.000252	-0.033480	-0.000252	0.999460	-0.316171	
1344	0.998907	0.000201	0.525340	-0.000201	0.998907	-0.128034	
1345	0.999568	-0.000023	-0.081825	0.000023	0.999568	-0.121506	
1346	0.999173	0.000162	0.220395	-0.000162	0.999173	0.399528	
1347	0.999430	0.000211	0.071027	-0.000211	0.999430	0.035042	
1348	0.999045	0.000436	0.304696	-0.000436	0.999045	0.158435	
1349	0.999419	0.000410	0.234806	-0.000410	0.999419	-0.066141	
1350	0.999218	0.000232	0.359854	-0.000232	0.999218	0.104019	
1351	0.999436	0.000089	0.149033	-0.000089	0.999436	-0.048378	
1352	0.999319	0.000413	0.436224	-0.000413	0.999319	0.808192	
1353	0.999504	0.000305	0.139338	-0.000305	0.999504	-0.021901	
1354	0.999292	0.000242	0.200998	-0.000242	0.999292	0.013373	
1355	0.999504	0.000354	-0.367636	-0.000354	0.999504	-0.076265	
1356	0.999214	0.000112	0.080771	-0.000112	0.999214	0.171911	
1357	0.999468	0.000160	-0.084971	-0.000160	0.999468	0.070042	
1358	0.999523	-0.000226	0.395209	0.000226	0.999523	-0.036497	
1359	0.999682	0.000203	-0.696626	-0.000203	0.999682	-0.099836	
1360	0.999271	0.000298	0.330778	-0.000298	0.999271	0.112232	
1361	0.999691	0.000076	-0.535372	-0.000076	0.999691	-0.406585	
1362	0.999534	0.000191	0.020854	-0.000191	0.999534	0.050557	
1363	1.000001	-0.000059	-0.081524	0.000059	1.000001	-0.201139	
1364	0.999410	0.000272	-0.169335	-0.000272	0.999410	0.199677	
1365	0.999763	0.000251	-0.326285	-0.000251	0.999763	-0.157852	
1366	0.999566	0.000049	0.075780	-0.000049	0.999566	-0.038772	
1367	0.999597	0.000109	0.034791	-0.000109	0.999597	-0.061651	
1368	0.999379	0.000109	-0.105759	-0.000109	0.999379	0.145615	
1369	0.999807	0.000381	-0.828379	-0.000381	0.999807	-0.259607	
1370	0.999364	0.000011	1.022536	-0.000011	0.999364	0.010108	
1371	0.999810	0.000082	0.014769	-0.000082	0.999810	0.093069	
1372	0.999549	0.000160	0.112411	-0.000160	0.999549	0.507045	
1373	0.999469	0.000438	0.527469	-0.000438	0.999469	0.323278	
1374	0.999670	0.000154	0.043508	-0.000154	0.999670	0.048809	
1375	0.999694	0.000296	-0.315435	-0.000296	0.999694	0.057373	
1376	0.999645	0.000091	-0.096995	-0.000091	0.999645	-0.010430	
1377	0.999279	0.000656	-0.019094	-0.000656	0.999279	0.335543	
1378	0.999521	0.000524	0.191732	-0.000524	0.999521	0.306676	
1379	0.999207	0.000418	0.254207	-0.000418	0.999207	0.386724	
1380	0.999416	0.000619	0.044607	-0.000619	0.999416	0.120074	
1381	0.999516	0.000354	0.225266	-0.000354	0.999516	0.028123	
1382	0.999555	0.000405	-0.137045	-0.000405	0.999555	0.082520	
1383	0.999557	0.000328	0.038703	-0.000328	0.999557	0.089279	
1384	0.999514	0.000372	-0.243535	-0.000372	0.999514	0.064836	
1385	0.999290	0.000195	0.263345	-0.000195	0.999290	0.254000	
1386	0.999249	0.000729	0.133657	-0.000729	0.999249	0.553999	
1387	0.999538	0.000328	0.173741	-0.000328	0.999538	-0.031602	
1388	0.999295	0.000351	0.018175	-0.000351	0.999295	0.050992	
1389	0.999534	0.000429	0.049241	-0.000429	0.999534	0.292514	
1390	0.999469	0.000407	-0.101947	-0.000407	0.999469	0.180579	
1391	0.999537	0.000431	-0.063965	-0.000431	0.999537	0.053326	
1392	0.999268	0.000352	0.025450	-0.000352	0.999268	0.064796	
1393	0.999376	0.000016	0.201035	-0.000016	0.999376	-0.023738	
1394	0.999375	0.000400	-0.000014	-0.000400	0.999375	0.524126	
1395	0.999564	0.000442	0.021475	-0.000442	0.999564	0.185601	
1396	0.999340	0.000568	0.022958	-0.000568	0.999340	0.445016	
1397	0.999604	0.000483	-0.198007	-0.000483	0.999604	0.213561	
1398	0.999540	0.000380	-0.339716	-0.000380	0.999540	0.219245	
1399	0.999577	0.000332	-0.163292	-0.000332	0.999577	-0.055228	
1400	0.999630	0.000443	-0.341931	-0.000443	0.999630	0.161052	
1401	0.999382	0.000451	0.109964	-0.000451	0.999382	-0.004149	
1402	0.999646	0.000161	0.034311	-0.000161	0.999646	0.192729	
1403	0.999406	0.000510	-0.078696	-0.000510	0.999406	0.210689	
1404	0.999736	0.000494	-0.532877	-0.000494	0.999736	0.103363	
1405	0.999728	0.000379	-0.265638	-0.000379	0.999728	-0.034515	
1406	0.999457	0.000316	-0.125946	-0.000316	0.999457	0.370076	
1407	0.999361	0.000295	0.186495	-0.000295	0.999361	0.192515	
1408	0.999226	0.000563	-0.107102	-0.000563	0.999226	0.485497	
1409	0.999456	0.000412	0.215241	-0.000412	0.999456	0.383604	
1410	0.999232	0.000549	0.183283	-0.000549	0.999232	0.249779	
1411	0.999422	0.000602	-0.033401	-0.000602	0.999422	0.312752	
1412	0.999238	0.000522	0.112457	-0.000522	0.999238	0.394403	
1413	0.999060	0.000407	0.587243	-0.000407	0.999060	0.677530	
1414	0.999509	0.000374	-0.017379	-0.000374	0.999509	0.302328	
1415	0.999423	0.000559	-0.070113	-0.000559	0.999423	0.700468	
1416	0.999451	0.000453	0.129675	-0.000453	0.999451	0.272048	
1417	0.999210	0.000314	0.242759	-0.000314	0.999210	0.160916	
1418	0.999380	0.000528	0.212602	-0.000528	0.999380	0.238108	
1419	0.999632	0.000311	-0.202585	-0.000311	0.999632	-0.046059	
1420	0.999672	0.000269	-0.323461	-0.000269	0.999672	-0.023793	
1421	0.999766	0.000296	-0.088590	-0.000296	0.999766	-0.041956	
1422	0.999698	0.000240	-0.121578	-0.000240	0.999698	-0.046082	
1423	0.999381	0.000409	0.034541	-0.000409	0.999381	0.237577	
1424	0.999466	0.000255	0.041120	-0.000255	0.999466	0.100694	
1425	0.999520	0.000602	-0.015794	-0.000602	0.999520	0.327655	
1426	0.999542	-0.000006	0.396495	0.000006	0.999542	-0.364770	
1427	0.999718	0.000476	-0.486304	-0.000476	0.999718	-0.021877	
1428	0.999494	0.000402	0.060316	-0.000402	0.999494	0.323660	
1429	0.999821	0.000291	-0.011419	-0.000291	0.999821	-0.037934	
1430	0.999341	0.000534	0.060744	-0.000534	0.999341	0.146694	
1431	0.999640	0.000473	-0.161822	-0.000473	0.999640	0.299971	
1432	0.999234	0.000395	0.355790	-0.000395	0.999234	0.239601	
1433	0.999499	0.000238	-0.048290	-0.000238	0.999499	-0.087453	
1434	0.999216	0.000381	0.242796	-0.000381	0.999216	0.209061	
1435	0.999634	0.000330	-0.117657	-0.000330	0.999634	0.223743	
1436	0.999058	0.000354	0.194534	-0.000354	0.999058	0.772601	
1437	0.999434	0.000491	-0.020625	-0.000491	0.999434	0.372484	
1438	0.999231	0.000545	0.120655	-0.000545	0.999231	0.478506	
1439	0.999461	0.000609	-0.270914	-0.000609	0.999461	0.359477	
1440	0.999227	0.000485	0.045760	-0.000485	0.999227	0.230720	
1441	0.999545	0.000456	0.089993	-0.000456	0.999545	0.186092	
1442	0.999286	0.000401	-0.021143	-0.000401	0.999286	0.249616	
1443	0.999656	0.000304	0.019399	-0.000304	0.999656	0.055710	
1444	0.999160	0.000411	0.292072	-0.000411	0.999160	0.257916	
1445	0.999630	0.000465	-0.171418	-0.000465	0.999630	0.259343	
1446	0.999202	0.000455	0.284679	-0.000455	0.999202	0.211974	
1447	0.999531	0.000377	-0.136403	-0.000377	0.999531	0.188000	
1448	0.999060	0.000384	0.367077	-0.000384	0.999060	0.454553	
1449	0.999499	0.000325	-0.190505	-0.000325	0.999499	0.380480	
1450	0.999177	0.000311	0.268737	-0.000311	0.999177	0.434467	
1451	0.999612	0.000166	0.018610	-0.000166	0.999612	0.059095	
1452	0.999379	0.000608	-0.448261	-0.000608	0.999379	0.344184	
1453	0.999676	0.000424	-0.098524	-0.000424	0.999676	0.013289	
1454	0.999263	0.000553	0.340080	-0.000553	0.999263	0.462897	
1455	0.999903	0.000285	-0.768235	-0.000285	0.999903	0.153272	
1456	0.999313	0.000473	-0.148899	-0.000473	0.999313	0.805556	
1457	0.999608	0.000418	-0.158691	-0.000418	0.999608	0.320642	
1458	0.999392	0.000483	-0.071113	-0.000483	0.999392	0.391828	
1459	0.999686	0.000131	-0.085280	-0.000131	0.999686	-0.023848	
1460	0.999330	0.000265	0.140055	-0.000265	0.999330	0.258196	
1461	0.999726	0.000375	-0.376491	-0.000375	0.999726	0.166711	
1462	0.999336	0.000154	0.267870	-0.000154	0.999336	0.004880	
1463	0.999742	0.000099	-0.317638	-0.000099	0.999742	-0.105086	
1464	0.999519	-0.000192	-0.358069	0.000192	0.999519	0.146518	
1465	0.999696	0.000314	-0.195140	-0.000314	0.999696	0.716760	
1466	0.999455	0.000368	-0.305346	-0.000368	0.999455	0.218370	
1467	0.999831	0.000268	-0.167030	-0.000268	0.999831	-0.071263	
1468	0.999321	0.000268	0.267824	-0.000268	0.999321	0.638843	
1469	0.999791	0.000309	-0.047347	-0.000309	0.999791	0.242486	
1470	0.999766	0.000829	-0.762938	-0.000829	0.999766	0.977259	
1471	0.999889	0.000346	-0.300960	-0.000346	0.999889	-0.065523	
1472	0.999583	0.000319	-0.224919	-0.000319	0.999583	0.207508	
1473	0.999688	0.000594	-0.194046	-0.000594	0.999688	0.215926	
1474	0.999551	0.000407	-0.044584	-0.000407	0.999551	0.184814	
1475	0.999871	0.000019	-0.375762	-0.000019	0.999871	-0.087376	
1476	0.999469	0.000265	-0.134915	-0.000265	0.999469	0.704924	
1477	0.999850	0.000478	-0.231121	-0.000478	0.999850	0.317180	
1478	0.999536	0.000294	-0.001894	-0.000294	0.999536	0.024850	
1479	0.999917	0.000144	-0.112293	-0.000144	0.999917	-0.227378	
1480	0.999450	0.000224	0.143400	-0.000224	0.999450	0.215029	
1481	0.999946	0.000392	-0.329550	-0.000392	0.999946	0.088511	
1482	0.999562	0.000066	0.094421	-0.000066	0.999562	0.030284	
1483	0.999823	0.000227	-0.064254	-0.000227	0.999823	-0.227115	
1484	0.999480	0.000372	-0.004703	-0.000372	0.999480	0.383033	
1485	0.999903	0.000291	-0.149798	-0.000291	0.999903	-0.222907	
1486	0.999461	0.000529	0.003956	-0.000529	0.999461	0.232193	
1487	0.999862	0.000167	-0.172061	-0.000167	0.999862	-0.482836	
1488	0.999474	0.000498	-0.133534	-0.000498	0.999474	0.400470	
1489	0.999851	0.000091	0.047399	-0.000091	0.999851	-0.416524	
1490	0.999443	0.000060	0.178412	-0.000060	0.999443	0.204576	
1491	0.999789	0.000310	-0.167912	-0.000310	0.999789	0.022460	
1492	0.999371	0.000275	0.328155	-0.000275	0.999371	-0.480927	
1493	0.999843	0.000066	-0.442768	-0.000066	0.999843	-0.534538	
1494	0.999691	0.000080	0.141514	-0.000080	0.999691	-0.105413	
1495	0.999884	-0.000149	-0.242692	0.000149	0.999884	-0.186640	
1496	0.999638	0.000003	-0.033437	-0.000003	0.999638	0.289132	
1497	0.999814	0.000431	-0.159480	-0.000431	0.999814	0.084360	
1498	0.999461	0.000057	0.338839	-0.000057	0.999461	-0.295934	
1499	0.999934	0.000048	-0.236205	-0.000048	0.999934	-0.468953	
1500	0.999616	0.000202	-0.206095	-0.000202	0.999616	-0.190219	
1501	0.999915	0.000333	-0.196609	-0.000333	0.999915	-0.333399	
1502	0.999392	0.000393	0.607861	-0.000393	0.999392	0.313906	
1503	1.000032	0.000344	-0.743561	-0.000344	1.000032	-0.427760	
1504	0.999530	0.000085	0.034344	-0.000085	0.999530	0.079256	
1505	1.000018	0.000083	-0.271275	-0.000083	1.000018	-0.057751	
1506	0.999750	0.000388	-0.102717	-0.000388	0.999750	0.140286	
1507	0.999952	0.000101	-0.124561	-0.000101	0.999952	-0.178030	
1508	0.999918	-0.000224	-0.513848	0.000224	0.999918	0.402331	
1509	1.000043	-0.000709	-0.245643	0.000709	1.000043	1.688937	
1510	0.999403	0.000052	-0.140298	-0.000052	0.999403	1.400306	
1511	0.999796	0.000170	-0.278948	-0.000170	0.999796	0.458523	
1512	0.999608	0.000344	-0.484406	-0.000344	0.999608	-0.138587	
1513	0.999867	0.000366	-0.348600	-0.000366	0.999867	-0.268164	
1514	0.999509	0.000082	0.356190	-0.000082	0.999509	0.604571	
1515	0.999658	0.000260	0.027927	-0.000260	0.999658	0.744872	
1516	0.999442	0.000347	0.097596	-0.000347	0.999442	0.698349	
1517	0.999648	0.000539	-0.246415	-0.000539	0.999648	0.101036	
1518	0.999463	0.000142	0.168863	-0.000142	0.999463	-0.116858	
1519	0.999787	-0.000118	-0.045169	0.000118	0.999787	-0.119268	
1520	0.999401	0.000032	-0.063205	-0.000032	0.999401	0.780268	
1521	0.999827	0.000129	-0.093931	-0.000129	0.999827	0.297714	
1522	0.999637	0.000216	-0.225045	-0.000216	0.999637	0.600051	
1523	0.999740	0.000135	0.009270	-0.000135	0.999740	0.161778	
1524	0.999702	0.000070	-0.144860	-0.000070	0.999702	0.252348	
1525	0.999672	0.000366	0.011966	-0.000366	0.999672	0.340219	
1526	0.999513	0.000017	-0.111277	-0.000017	0.999513	0.540591	
1527	0.999745	0.000205	0.039624	-0.000205	0.999745	0.524087	
1528	0.999410	0.000431	-0.079436	-0.000431	0.999410	0.923861	
1529	0.999617	-0.000012	0.281986	0.000012	0.999617	-0.010339	
1530	0.999561	-0.000112	0.303139	0.000112	0.999561	0.205128	
1531	0.999789	0.000145	-0.402000	-0.000145	0.999789	0.589592	
1532	0.999487	-0.000001	0.195017	0.000001	0.999487	0.377053	
1533	0.999820	0.000135	-0.342997	-0.000135	0.999820	0.177586	
1534	0.999558	0.000230	0.254202	-0.000230	0.999558	0.287550	
1535	0.999971	0.000147	-0.120772	-0.000147	0.999971	-0.129111	
1536	0.999579	0.000125	0.023644	-0.000125	0.999579	0.152817	
1537	0.999947	0.000136	0.181708	-0.000136	0.999947	0.090065	
1538	0.999631	0.000276	0.077693	-0.000276	0.999631	0.155054	
1539	0.999787	0.000227	-0.189608	-0.000227	0.999787	0.121249	
1540	0.999370	0.000041	0.181218	-0.000041	0.999370	0.202590	
1541	0.999653	0.000127	0.167860	-0.000127	0.999653	0.413302	
1542	0.999285	0.000346	0.353331	-0.000346	0.999285	0.231102	
1543	0.999782	0.000150	-0.055397	-0.000150	0.999782	-0.307203	
1544	0.999453	0.000200	0.125647	-0.000200	0.999453	0.036569	
1545	0.999835	0.000287	0.111966	-0.000287	0.999835	-0.032913	
1546	0.999554	0.000078	0.240832	-0.000078	0.999554	0.003403	
1547	0.999654	0.000127	0.058998	-0.000127	0.999654	-0.068829	
1548	0.999463	0.000130	0.402872	-0.000130	0.999463	0.103738	
1549	1.000261	-0.000044	0.011088	0.000044	1.000261	-0.675138	
1550	0.999350	0.000266	0.459837	-0.000266	0.999350	-0.067441	
1551	0.999702	0.000032	-0.195786	-0.000032	0.999702	-0.179925	
1552	0.999522	0.000158	0.137014	-0.000158	0.999522	-0.046626	
1553	0.999741	0.000079	0.186076	-0.000079	0.999741	-0.322972	
1554	0.999573	0.000420	-0.131797	-0.000420	0.999573	0.057458	
1555	0.999819	0.000024	-0.321118	-0.000024	0.999819	-0.019405	
1556	0.999516	0.000248	-0.346460	-0.000248	0.999516	1.267553	
1557	0.999555	0.000188	0.081675	-0.000188	0.999555	-0.110661	
1558	0.999476	0.000214	0.473078	-0.000214	0.999476	-0.236636	
1559	0.999824	0.000220	0.155683	-0.000220	0.999824	-0.391402	
1560	0.999411	0.000090	0.314174	-0.000090	0.999411	-0.283825	
1561	0.999756	-0.000102	0.203444	0.000102	0.999756	-0.557062	
1562	0.999434	0.000254	0.253359	-0.000254	0.999434	0.000491	
1563	0.999769	0.000017	0.417297	-0.000017	0.999769	-0.317626	
1564	0.999341	-0.000136	0.388994	0.000136	0.999341	-0.334068	
1565	0.999617	0.000184	0.236030	-0.000184	0.999617	-0.360932	
1566	0.999313	0.000089	0.721653	-0.000089	0.999313	0.114306	
1567	0.999661	0.000233	0.414091	-0.000233	0.999661	-0.076285	
1568	0.999375	0.000434	0.158328	-0.000434	0.999375	0.170664	
1569	0.999480	0.000312	0.122262	-0.000312	0.999480	0.120847	
1570	0.999387	0.000301	0.176564	-0.000301	0.999387	-0.147736	
1571	0.999661	0.000373	0.120655	-0.000373	0.999661	-0.240976	
1572	0.999359	0.000499	0.152660	-0.000499	0.999359	0.173467	
1573	0.999598	0.000080	0.297368	-0.000080	0.999598	-0.203650	
1574	0.999266	0.000315	0.219961	-0.000315	0.999266	0.175646	
1575	0.999649	0.000201	0.312524	-0.000201	0.999649	0.048577	
1576	0.999381	0.000342	0.429565	-0.000342	0.999381	0.488097	
1577	0.999657	0.000188	0.359398	-0.000188	0.999657	0.028605	
1578	0.999339	0.000395	0.407925	-0.000395	0.999339	0.171758	
1579	0.999769	0.000386	0.131983	-0.000386	0.999769	0.105757	
1580	0.999697	0.000427	0.237706	-0.000427	0.999697	0.205627	
1581	0.999714	0.000057	0.140856	-0.000057	0.999714	-0.260290	
1582	0.999306	0.000342	0.311695	-0.000342	0.999306	0.467393	
1583	0.999504	0.000502	0.211120	-0.000502	0.999504	0.302271	
1584	0.999164	0.000776	0.230763	-0.000776	0.999164	0.580199	
1585	0.999480	0.000238	0.531434	-0.000238	0.999480	0.013041	
1586	0.999142	0.000404	0.515039	-0.000404	0.999142	0.448122	
1587	0.999249	0.000125	0.571167	-0.000125	0.999249	0.209424	
1588	0.998912	0.000484	0.646953	-0.000484	0.998912	0.506480	
1589	0.999356	0.000376	0.392396	-0.000376	0.999356	0.129282	
1590	0.999058	0.000356	0.595764	-0.000356	0.999058	0.267459	
1591	0.999263	0.000221	0.583178	-0.000221	0.999263	0.094162	
1592	0.998943	0.000401	0.852834	-0.000401	0.998943	0.447094	
1593	0.999367	0.000397	0.575069	-0.000397	0.999367	0.268670	
1594	0.998827	0.000470	0.666970	-0.000470	0.998827	0.470351	
1595	0.999218	0.000485	0.458204	-0.000485	0.999218	0.284381	
1596	0.998966	0.000205	0.812943	-0.000205	0.998966	0.400947	
1597	0.999280	0.000359	0.527362	-0.000359	0.999280	0.212774	
1598	0.998973	0.000225	0.705832	-0.000225	0.998973	0.238516	
1599	0.999265	0.000463	0.492316	-0.000463	0.999265	0.315119	
1600	0.998952	0.000394	0.579105	-0.000394	0.998952	0.420928	
1601	0.999374	0.000315	0.584705	-0.000315	0.999374	0.274538	
1602	0.998963	0.000517	0.915416	-0.000517	0.998963	0.743548	
1603	0.999417	0.000315	0.532700	-0.000315	0.999417	0.201121	
1604	0.998932	0.000586	0.435464	-0.000586	0.998932	0.754721	
1605	0.999429	0.000654	0.312397	-0.000654	0.999429	0.128700	
1606	0.999212	0.000570	0.483159	-0.000570	0.999212	0.156131	
1607	0.999500	0.000481	0.172206	-0.000481	0.999500	0.056543	
1608	0.999191	0.000428	0.468861	-0.000428	0.999191	0.190915	
1609	0.999595	0.000507	0.180317	-0.000507	0.999595	0.178773	
1610	0.999124	0.000395	0.693713	-0.000395	0.999124	-0.192229	
1611	0.999511	0.000243	0.328506	-0.000243	0.999511	0.093938	
1612	0.999128	0.000249	0.611273	-0.000249	0.999128	0.092507	
1613	0.999644	0.000478	0.310735	-0.000478	0.999644	-0.160366	
1614	0.999064	0.000354	0.677704	-0.000354	0.999064	0.166545	
1615	0.999514	0.000396	0.238953	-0.000396	0.999514	0.158724	
1616	0.999195	0.000241	0.093013	-0.000241	0.999195	0.092571	
1617	0.999419	0.000438	0.655056	-0.000438	0.999419	0.232427	
1618	0.999057	0.000233	0.425031	-0.000233	0.999057	-0.041523	
1619	0.999430	0.000306	0.320888	-0.000306	0.999430	-0.187982	
1620	0.999113	0.000256	0.628260	-0.000256	0.999113	0.370423	
1621	0.999402	0.000352	0.323704	-0.000352	0.999402	0.349692	
1622	0.999192	0.000311	0.419043	-0.000311	0.999192	0.359516	
1623	0.999393	0.000246	0.359259	-0.000246	0.999393	-0.039122	
1624	0.999246	0.000330	0.466429	-0.000330	0.999246	0.359786	
1625	0.999476	0.000247	0.246900	-0.000247	0.999476	-0.140945	
1626	0.999591	0.000039	0.550097	-0.000039	0.999591	-0.031941	
1627	0.999324	0.000348	0.531112	-0.000348	0.999324	0.098147	
1628	0.999093	0.000226	0.627579	-0.000226	0.999093	0.356461	
1629	0.999345	0.000355	0.428754	-0.000355	0.999345	0.076988	
1630	0.999134	0.000287	0.717595	-0.000287	0.999134	0.377624	
1631	0.999494	0.000148	-0.098933	-0.000148	0.999494	-0.052932	
1632	0.999279	0.000362	0.508184	-0.000362	0.999279	0.236505	
1633	0.999584	0.000279	0.293684	-0.000279	0.999584	0.173426	
1634	0.999211	0.000231	0.648220	-0.000231	0.999211	0.357669	
1635	0.999587	0.000253	0.338511	-0.000253	0.999587	0.049949	
1636	0.999194	0.000278	0.452197	-0.000278	0.999194	0.356895	
1637	0.999744	0.000468	-0.037918	-0.000468	0.999744	0.033480	
1638	0.999282	-0.000066	0.519954	0.000066	0.999282	0.089682	
1639	0.999760	0.000331	0.201060	-0.000331	0.999760	-0.070316	
1640	0.999342	0.000325	0.343621	-0.000325	0.999342	0.258183	
1641	0.999655	0.000226	0.145125	-0.000226	0.999655	0.149337	
1642	0.999318	0.000204	0.431668	-0.000204	0.999318	0.284460	
1643	0.999565	0.000326	0.601414	-0.000326	0.999565	0.241406	
1644	0.999246	0.000191	0.603621	-0.000191	0.999246	0.147883	
1645	0.999630	0.000290	0.172027	-0.000290	0.999630	-0.141341	
1646	0.999284	0.000285	0.358281	-0.000285	0.999284	0.096082	
1647	0.999632	0.000211	0.326021	-0.000211	0.999632	-0.050509	
1648	0.999068	0.000353	0.476394	-0.000353	0.999068	0.315902	
1649	0.999677	0.000271	0.133133	-0.000271	0.999677	-0.197999	
1650	0.999252	0.000258	0.775839	-0.000258	0.999252	-0.097379	
1651	0.999699	0.000255	0.030393	-0.000255	0.999699	-0.078353	
1652	0.999175	0.000230	0.396296	-0.000230	0.999175	0.277278	
1653	0.999547	0.000360	0.299666	-0.000360	0.999547	0.092235	
1654	0.999278	0.000445	0.782038	-0.000445	0.999278	-0.012131	
1655	0.999648	0.000290	0.263545	-0.000290	0.999648	-0.144165	
1656	0.999265	0.000272	0.587897	-0.000272	0.999265	-0.009448	
1657	0.999525	0.000158	0.258182	-0.000158	0.999525	-0.065923	
1658	0.999205	0.000260	0.466199	-0.000260	0.999205	0.441635	
1659	0.999577	0.000345	0.402286	-0.000345	0.999577	0.007154	
1660	0.999408	0.000298	0.461700	-0.000298	0.999408	-0.283141	
1661	0.999763	0.000477	0.072192	-0.000477	0.999763	-0.100334	
1662	0.999391	0.000163	0.625922	-0.000163	0.999391	0.051110	
1663	0.999797	0.000268	0.275793	-0.000268	0.999797	-0.117737	
1664	0.999361	0.000457	0.151626	-0.000457	0.999361	0.192982	
1665	0.999696	0.000415	0.276144	-0.000415	0.999696	0.043645	
1666	0.999351	0.000407	0.192155	-0.000407	0.999351	0.204962	
1667	0.999694	0.000370	0.532968	-0.000370	0.999694	-0.222307	
1668	0.999313	0.000390	0.539179	-0.000390	0.999313	-0.253678	
1669	0.999713	0.000391	0.291205	-0.000391	0.999713	-0.242521	
1670	0.999240	0.000241	0.529174	-0.000241	0.999240	0.152919	
1671	0.999600	0.000487	0.187859	-0.000487	0.999600	0.135807	
1672	0.999640	0.000130	0.528046	-0.000130	0.999640	-0.026538	
1673	0.999745	0.000394	0.242506	-0.000394	0.999745	-0.059832	
1674	0.999231	0.000241	0.521600	-0.000241	0.999231	0.234780	
1675	0.999623	0.000426	0.097550	-0.000426	0.999623	0.169453	
1676	0.999359	0.000461	0.408713	-0.000461	0.999359	0.484115	
1677	0.999734	0.000529	0.184085	-0.000529	0.999734	0.028221	
1678	0.999172	0.000590	0.543629	-0.000590	0.999172	0.470581	
1679	0.999493	0.000421	0.027871	-0.000421	0.999493	-0.026770	
1680	0.999210	0.000593	0.258167	-0.000593	0.999210	0.320990	
1681	0.999455	0.000608	0.306837	-0.000608	0.999455	0.042579	
1682	0.999289	0.000352	0.586771	-0.000352	0.999289	0.276016	
1683	0.999366	0.000659	0.093825	-0.000659	0.999366	0.291010	
1684	0.999133	0.000774	0.486632	-0.000774	0.999133	0.682597	
1685	0.999624	0.000538	0.104165	-0.000538	0.999624	0.366432	
1686	0.999135	0.000651	0.473343	-0.000651	0.999135	0.613564	
1687	0.999634	0.000554	-0.076457	-0.000554	0.999634	0.353114	
1688	0.999227	0.000456	0.577992	-0.000456	0.999227	0.248934	
1689	0.999591	0.000584	0.280666	-0.000584	0.999591	0.102192	
1690	0.999328	0.000623	0.427687	-0.000623	0.999328	0.348024	
1691	0.999605	0.000196	0.272383	-0.000196	0.999605	0.047307	
1692	0.999268	0.000475	0.405841	-0.000475	0.999268	0.629947	
1693	0.999589	0.000575	0.406391	-0.000575	0.999589	0.273123	
1694	0.999414	0.000671	0.312619	-0.000671	0.999414	0.243391	
1695	0.999596	0.000415	0.322518	-0.000415	0.999596	0.039607	
1696	0.999510	0.000363	0.255632	-0.000363	0.999510	0.159923	
1697	0.999776	0.000290	0.403576	-0.000290	0.999776	0.257258	
1698	0.999328	0.000594	0.198901	-0.000594	0.999328	0.234103	
1699	0.999677	0.000691	0.214643	-0.000691	0.999677	-0.117771	
1700	0.999371	0.000477	0.574107	-0.000477	0.999371	-0.123468	
1701	0.999807	0.000319	0.103361	-0.000319	0.999807	0.034069	
1702	0.999367	0.000307	0.404160	-0.000307	0.999367	0.522956	
1703	0.999659	0.000489	0.169493	-0.000489	0.999659	0.240467	
1704	0.999375	0.000507	0.341708	-0.000507	0.999375	0.339585	
1705	0.999858	0.000405	0.365526	-0.000405	0.999858	0.013614	
1706	0.999505	0.000237	0.360763	-0.000237	0.999505	0.099193	
1707	0.999728	0.000317	0.219136	-0.000317	0.999728	0.146399	
1708	0.999322	0.000653	0.363418	-0.000653	0.999322	0.557398	
1709	0.999741	0.000480	0.495583	-0.000480	0.999741	-0.060584	
1710	0.999328	0.000305	0.197356	-0.000305	0.999328	0.234974	
1711	0.999773	0.000344	0.079796	-0.000344	0.999773	-0.097409	
1712	0.999603	0.000437	0.187556	-0.000437	0.999603	0.380246	
1713	0.999713	0.000391	0.117230	-0.000391	0.999713	0.185641	
1714	0.999412	0.000493	0.370666	-0.000493	0.999412	0.314723	
1715	0.999923	0.000107	0.321031	-0.000107	0.999923	-0.139139	
1716	0.999255	0.000370	0.428114	-0.000370	0.999255	0.261478	
1717	0.999587	0.000759	0.444881	-0.000759	0.999587	0.527945	
1718	0.999323	0.000503	0.338659	-0.000503	0.999323	0.439737	
1719	0.999488	0.000507	0.286071	-0.000507	0.999488	0.060824	
1720	0.999373	0.000402	0.333640	-0.000402	0.999373	0.171824	
1721	0.999520	0.000232	0.272426	-0.000232	0.999520	0.253506	
1722	0.999310	0.000349	0.538249	-0.000349	0.999310	0.515871	
1723	0.999544	0.000550	0.021939	-0.000550	0.999544	0.532406	
1724	0.999388	0.000442	0.509484	-0.000442	0.999388	0.233129	
1725	0.999661	0.000578	0.010697	-0.000578	0.999661	0.250564	
1726	0.999483	0.000339	0.236494	-0.000339	0.999483	0.205181	
1727	0.999758	0.000229	0.370332	-0.000229	0.999758	-0.021246	
1728	0.999557	0.000418	0.281391	-0.000418	0.999557	0.207726	
1729	0.999861	0.000526	0.195517	-0.000526	0.999861	0.111428	
1730	0.999619	0.000589	0.100573	-0.000589	0.999619	-0.012923	
1731	0.999873	0.000793	-0.205824	-0.000793	0.999873	0.074206	
1732	0.999531	0.000304	0.279923	-0.000304	0.999531	0.027481	
1733	0.999855	0.000485	-0.013565	-0.000485	0.999855	0.218926	
1734	0.999363	0.000525	0.479539	-0.000525	0.999363	0.510760	
1735	0.999652	0.000684	0.007116	-0.000684	0.999652	0.167375	
1736	0.999421	0.000525	0.319240	-0.000525	0.999421	-0.191419	
1737	0.999625	0.000393	0.221803	-0.000393	0.999625	-0.167451	
1738	0.999460	0.000519	0.137727	-0.000519	0.999460	0.162197	
1739	0.999629	0.000425	0.271864	-0.000425	0.999629	0.203498	
1740	0.999301	0.000488	0.430191	-0.000488	0.999301	-0.046553	
1741	0.999676	0.000469	0.511229	-0.000469	0.999676	-0.015216	
1742	0.999319	0.000490	-0.001007	-0.000490	0.999319	-0.024295	
1743	0.999732	0.000561	0.074472	-0.000561	0.999732	0.070549	
1744	0.999427	0.000523	0.244230	-0.000523	0.999427	0.155255	
1745	0.999631	0.000365	0.394485	-0.000365	0.999631	-0.338483	
1746	0.999426	0.000430	0.301496	-0.000430	0.999426	-0.052019	
1747	0.999597	0.000320	0.297796	-0.000320	0.999597	-0.191880	
1748	0.999408	0.000064	0.524439	-0.000064	0.999408	-0.202777	
1749	0.999782	0.000470	0.044743	-0.000470	0.999782	-0.163346	
1750	0.999369	0.000401	0.238477	-0.000401	0.999369	-0.079743	
1751	0.999816	0.000398	0.138986	-0.000398	0.999816	-0.268001	
1752	0.999628	0.000341	0.003455	-0.000341	0.999628	0.034276	
1753	0.999729	0.000200	0.405028	-0.000200	0.999729	-0.351163	
1754	0.999502	0.000335	0.441753	-0.000335	0.999502	-0.315159	
1755	0.999972	0.000454	-0.183639	-0.000454	0.999972	-0.525999	
1756	0.999619	0.000207	0.160257	-0.000207	0.999619	-0.290697	
1757	0.999921	0.000335	-0.034794	-0.000335	0.999921	-0.161587	
1758	0.999625	0.000204	0.211410	-0.000204	0.999625	-0.091960	
1759	0.999785	0.000447	0.122832	-0.000447	0.999785	-0.054943	
1760	0.999494	0.000283	0.182693	-0.000283	0.999494	-0.095035	
1761	0.999926	0.000103	-0.159821	-0.000103	0.999926	-0.575788	
1762	0.999502	0.000622	0.187755	-0.000622	0.999502	0.258139	
1763	1.000079	0.000679	-0.273794	-0.000679	1.000079	0.034176	
1764	0.999573	0.000556	0.067229	-0.000556	0.999573	-0.004452	
1765	0.999742	0.000296	-0.092871	-0.000296	0.999742	-0.142205	
1766	0.999502	0.000455	0.203415	-0.000455	0.999502	-0.006018	
1767	0.999925	0.000507	0.064555	-0.000507	0.999925	-0.238254	
1768	0.999528	0.000547	-0.002541	-0.000547	0.999528	-0.041623	
1769	0.999786	-0.000046	0.595161	0.000046	0.999786	-0.738942	
1770	0.999553	0.000225	0.168975	-0.000225	0.999553	-0.178807	
1771	0.999786	-0.000051	0.191407	0.000051	0.999786	-0.443773	
1772	0.999716	0.000322	0.158525	-0.000322	0.999716	0.105059	
1773	1.000001	0.000343	-0.109039	-0.000343	1.000001	-0.410827	
1774	0.999587	0.000121	0.279616	-0.000121	0.999587	-0.129147	
1775	0.999996	0.000226	-0.034831	-0.000226	0.999996	-0.210357	
1776	0.999531	0.000364	-0.111402	-0.000364	0.999531	-0.155572	
1777	0.999964	0.000331	0.057422	-0.000331	0.999964	-0.221954	
1778	0.999733	0.000325	0.034461	-0.000325	0.999733	-0.220816	
1779	1.000107	0.000224	-0.479799	-0.000224	1.000107	-0.382591	
1780	0.999756	0.000402	-0.023841	-0.000402	0.999756	-0.182607	
1781	0.999994	0.000425	-0.220418	-0.000425	0.999994	-0.028996	
1782	0.999658	0.000263	0.308799	-0.000263	0.999658	-0.043495	
1783	0.999938	0.000258	-0.020775	-0.000258	0.999938	-0.228762	
1784	0.999924	0.000453	0.038843	-0.000453	0.999924	-0.175314	
1785	1.000019	0.000357	-0.104730	-0.000357	1.000019	-0.085597	
1786	0.999803	0.000521	-0.443576	-0.000521	0.999803	-0.055760	
1787	0.999978	0.000334	-0.021550	-0.000334	0.999978	-0.113125	
1788	0.999645	0.000405	0.184946	-0.000405	0.999645	0.194085	
1789	1.000103	0.000241	-0.157228	-0.000241	1.000103	-0.344796	
1790	1.000005	0.000504	-0.350260	-0.000504	1.000005	0.246441	
1791	1.000207	0.000290	0.025125	-0.000290	1.000207	-0.380186	
1792	0.999735	0.000481	-0.100772	-0.000481	0.999735	0.146510	
1793	0.999997	0.000222	-0.107484	-0.000222	0.999997	-0.490454	
1794	0.999834	0.000099	0.234969	-0.000099	0.999834	-0.023982	
1795	0.999957	0.000289	0.052030	-0.000289	0.999957	-0.190451	
1796	0.999573	0.000306	0.395030	-0.000306	0.999573	0.030193	
1797	1.000085	0.000462	-0.265689	-0.000462	1.000085	0.060256	
1798	0.999338	0.000410	1.064993	-0.000410	0.999338	-0.495491	
1799	1.000097	0.000778	-0.323792	-0.000778	1.000097	0.368397	
1800	0.999796	0.000590	-0.030275	-0.000590	0.999796	0.221653	
1801	1.000012	0.000540	-0.360692	-0.000540	1.000012	0.007126	
1802	0.999651	0.000449	0.024920	-0.000449	0.999651	0.178686	
1803	0.999807	0.000608	-0.314088	-0.000608	0.999807	0.437624	
1804	0.999706	0.000362	0.075546	-0.000362	0.999706	0.041970	
1805	0.999945	0.000588	-0.381357	-0.000588	0.999945	0.243898	
1806	0.999737	0.000721	-0.008513	-0.000721	0.999737	0.155022	
1807	0.999981	0.000415	-0.215565	-0.000415	0.999981	-0.028218	
1808	0.999797	0.000231	-0.116487	-0.000231	0.999797	0.268092	
1809	1.000038	0.000485	-0.460312	-0.000485	1.000038	0.963283	
1810	0.999571	0.000355	0.111272	-0.000355	0.999571	0.197867	
1811	1.000092	0.000732	-0.499445	-0.000732	1.000092	-0.092269	
1812	0.999650	0.000094	0.402131	-0.000094	0.999650	0.175109	
1813	0.999979	0.000494	-0.084795	-0.000494	0.999979	0.466242	
1814	0.999724	0.000653	0.295433	-0.000653	0.999724	0.763939	
1815	1.000001	0.000750	-0.024038	-0.000750	1.000001	0.099375	
1816	0.999430	0.000323	0.272663	-0.000323	0.999430	0.496697	
1817	0.999854	0.000311	0.127806	-0.000311	0.999854	0.111494	
1818	0.999503	0.000397	0.525146	-0.000397	0.999503	0.577213	
1819	0.999978	0.000390	-0.026506	-0.000390	0.999978	0.519598	
1820	0.999492	0.000186	0.597588	-0.000186	0.999492	0.479696	
1821	0.999817	0.000104	0.066256	-0.000104	0.999817	0.129118	
1822	0.999505	0.000380	0.370525	-0.000380	0.999505	0.537118	
1823	1.000020	0.000234	0.095556	-0.000234	1.000020	-0.015260	
1824	0.999532	0.000212	0.033014	-0.000212	0.999532	0.773417	
1825	0.999770	0.000228	0.092264	-0.000228	0.999770	0.836346	
1826	0.999403	0.000118	0.412544	-0.000118	0.999403	1.025074	
1827	0.999553	0.000127	0.075204	-0.000127	0.999553	0.307416	
1828	0.999231	0.000280	0.224417	-0.000280	0.999231	0.039566	
1829	0.999689	0.000384	0.230116	-0.000384	0.999689	-0.549552	
1830	0.999521	0.000001	0.253275	-0.000001	0.999521	-0.169846	
1831	0.999710	0.000163	-0.170776	-0.000163	0.999710	0.821564	
1832	0.999390	-0.000034	0.496161	0.000034	0.999390	0.270595	
1833	0.999703	0.000391	0.326483	-0.000391	0.999703	0.210845	
1834	0.999456	0.000300	0.546473	-0.000300	0.999456	0.028417	
1835	0.999588	0.000330	0.191086	-0.000330	0.999588	-0.013315	
1836	0.999440	-0.000057	0.388195	0.000057	0.999440	0.076398	
1837	0.999717	0.000168	0.100550	-0.000168	0.999717	0.620821	
1838	0.999161	0.000347	0.405139	-0.000347	0.999161	0.850012	
1839	0.999658	0.000392	0.221237	-0.000392	0.999658	0.037013	
1840	0.999320	0.000410	0.263044	-0.000410	0.999320	0.465968	
1841	0.999650	0.000014	0.536270	-0.000014	0.999650	-0.358521	
1842	0.999414	0.000145	0.375073	-0.000145	0.999414	0.237177	
1843	0.999858	0.000104	-0.218690	-0.000104	0.999858	-0.298834	
1844	0.999479	0.000253	0.481320	-0.000253	0.999479	0.114744	
1845	0.999886	0.000134	-0.059335	-0.000134	0.999886	-0.244709	
1846	0.999714	-0.000007	0.542968	0.000007	0.999714	-0.539633	
1847	0.999971	0.000065	-0.011481	-0.000065	0.999971	-0.210478	
1848	0.999687	0.000154	0.109583	-0.000154	0.999687	-0.256868	
1849	0.999892	0.000099	0.173603	-0.000099	0.999892	-0.478584	
1850	0.999623	0.000022	0.485240	-0.000022	0.999623	-0.625627	
1851	0.999915	0.000098	0.030240	-0.000098	0.999915	-0.408096	
1852	0.999498	-0.000061	0.423486	0.000061	0.999498	-0.148785	
1853	0.999881	0.000004	0.369190	-0.000004	0.999881	-0.569870	
1854	0.999566	0.000288	0.427221	-0.000288	0.999566	-0.070606	
1855	0.999890	0.000218	-0.318942	-0.000218	0.999890	-0.242849	
1856	0.999613	-0.000233	0.515786	0.000233	0.999613	-1.085912	
1857	1.000191	0.000127	0.136479	-0.000127	1.000191	-0.205311	
1858	0.999341	-0.000162	0.036513	0.000162	0.999341	-0.379845	
1859	0.999820	-0.000020	0.002378	0.000020	0.999820	-0.575151	
1860	0.999480	0.000103	0.080853	-0.000103	0.999480	-0.095971	
1861	0.999791	0.000106	0.037121	-0.000106	0.999791	-0.317217	
1862	0.999478	0.000104	0.270711	-0.000104	0.999478	-0.699674	
1863	0.999844	0.000026	0.326103	-0.000026	0.999844	-0.632169	
1864	0.999392	-0.000022	0.219314	0.000022	0.999392	-0.575696	
1865	1.000208	0.000274	-0.529332	-0.000274	1.000208	-0.272000	
1866	0.999249	-0.000049	0.634964	0.000049	0.999249	-0.449354	
1867	0.999827	0.000200	-0.283973	-0.000200	0.999827	-0.579012	
1868	0.999755	0.000238	0.110090	-0.000238	0.999755	-0.185562	
1869	0.999709	-0.000007	0.009389	0.000007	0.999709	-0.902164	
1870	0.999644	-0.000037	0.236266	0.000037	0.999644	-0.274250	
1871	1.000051	-0.000091	0.158555	0.000091	1.000051	-0.664603	
1872	0.999560	-0.000096	-0.108681	0.000096	0.999560	-0.552746	
1873	0.999934	0.000033	0.420995	-0.000033	0.999934	-0.363086	
1874	0.999589	0.000011	0.349309	-0.000011	0.999589	-0.681158	
1875	1.000157	-0.000134	-0.278907	0.000134	1.000157	-1.055722	
1876	0.999545	0.000048	0.247151	-0.000048	0.999545	-0.095489	
1877	1.000043	0.000142	-0.156093	-0.000142	1.000043	-0.708584	
1878	0.999588	0.000006	0.227674	-0.000006	0.999588	-0.425479	
1879	1.000085	0.000021	0.192283	-0.000021	1.000085	-0.916157	
1880	0.999592	0.000100	0.230663	-0.000100	0.999592	-0.742566	
1881	1.000097	0.000212	-0.115674	-0.000212	1.000097	-0.737112	
1882	0.999582	0.000127	0.725812	-0.000127	0.999582	-0.423116	
1883	1.000056	0.000101	-0.034487	-0.000101	1.000056	-0.443730	
1884	0.999644	0.000181	0.189478	-0.000181	0.999644	-0.294905	
1885	1.000206	0.000153	-0.051019	-0.000153	1.000206	-1.041904	
1886	0.999765	0.000171	-0.058839	-0.000171	0.999765	-0.249238	
1887	1.000063	0.000198	-0.168419	-0.000198	1.000063	-0.559058	
1888	0.999782	0.000148	0.284818	-0.000148	0.999782	-0.476088	
1889	1.000067	0.000112	0.056963	-0.000112	1.000067	-0.276860	
1890	0.999792	0.000002	0.296558	-0.000002	0.999792	-0.742371	
1891	1.000181	-0.000001	-0.119598	0.000001	1.000181	-0.870761	
1892	0.999728	0.000067	0.187190	-0.000067	0.999728	-0.447411	
1893	1.000056	0.000309	-0.014426	-0.000309	1.000056	-0.336520	
1894	0.999757	0.000315	0.115743	-0.000315	0.999757	-0.367813	
1895	1.000169	-0.000025	-0.088004	0.000025	1.000169	-0.971224	
1896	0.999824	0.000136	0.028430	-0.000136	0.999824	-0.534403	
1897	0.999964	0.000116	-0.205601	-0.000116	0.999964	-0.464470	
1898	0.999684	0.000079	0.217941	-0.000079	0.999684	-0.499409	
1899	1.000074	-0.000053	-0.004012	0.000053	1.000074	-0.870280	
1900	0.999875	0.000061	-0.031959	-0.000061	0.999875	-0.628060	
1901	0.999986	-0.000151	0.038027	0.000151	0.999986	-1.016201	
1902	0.999786	-0.000013	0.005310	0.000013	0.999786	-0.792272	
1903	1.000014	0.000047	-0.238867	-0.000047	1.000014	-0.434626	
1904	0.999902	0.000068	-0.041748	-0.000068	0.999902	-0.440976	
1905	1.000075	-0.000106	-0.073321	0.000106	1.000075	-1.090265	
1906	0.999704	-0.000024	0.185867	0.000024	0.999704	-0.582381	
1907	1.000123	-0.000011	-0.126168	0.000011	1.000123	-0.835971	
1908	0.999808	-0.000161	0.306442	0.000161	0.999808	-0.930980	
1909	1.000005	-0.000063	0.152672	0.000063	1.000005	-0.656741	
1910	0.999609	0.000024	0.270948	-0.000024	0.999609	-0.427066	
1911	1.000056	-0.000299	0.116616	0.000299	1.000056	-1.414177	
1912	0.999658	0.000210	0.348638	-0.000210	0.999658	-0.591065	
1913	1.000030	-0.000225	0.306212	0.000225	1.000030	-1.012412	
1914	0.999708	-0.000215	0.048585	0.000215	0.999708	-1.071786	
1915	1.000055	-0.000019	-0.002357	0.000019	1.000055	-0.708289	
1916	0.999647	-0.000051	0.384630	0.000051	0.999647	-0.290459	
1917	0.999956	-0.000083	-0.033672	0.000083	0.999956	-1.053470	
1918	0.999783	0.000076	0.120262	-0.000076	0.999783	-0.434648	
1919	1.000046	0.000042	-0.121354	-0.000042	1.000046	-0.372317	
1920	0.999678	0.000016	0.263473	-0.000016	0.999678	-0.927438	
1921	1.000017	0.000079	-0.059105	-0.000079	1.000017	-0.523480	
1922	0.999718	0.000184	0.094828	-0.000184	0.999718	-0.236032	
1923	0.999789	0.000240	-0.037712	-0.000240	0.999789	-0.331989	
1924	0.999896	0.000269	-0.012289	-0.000269	0.999896	-0.496655	
1925	1.000106	0.000185	-0.159396	-0.000185	1.000106	-0.304518	
1926	0.999855	0.000195	0.036625	-0.000195	0.999855	-0.352963	
1927	0.999961	0.000002	0.162357	-0.000002	0.999961	-0.559639	
1928	0.999658	-0.000013	0.311246	0.000013	0.999658	-0.613427	
1929	1.000117	0.000107	-0.250279	-0.000107	1.000117	-1.059155	
1930	0.999693	0.000198	0.307536	-0.000198	0.999693	-0.199083	
1931	1.000039	0.000267	-0.387187	-0.000267	1.000039	-0.513854	
1932	0.999795	0.000284	0.263966	-0.000284	0.999795	-0.000663	
1933	1.000054	0.000201	-0.148152	-0.000201	1.000054	-0.465770	
1934	0.999947	-0.000037	-0.067988	0.000037	0.999947	-0.426976	
1935	0.999921	0.000139	0.168526	-0.000139	0.999921	-0.439557	
1936	0.999844	0.000157	0.053081	-0.000157	0.999844	-0.436218	
1937	0.999943	0.000192	0.288702	-0.000192	0.999943	-0.653257	
1938	0.999745	0.000031	0.099482	-0.000031	0.999745	-0.400252	
1939	1.000003	-0.000245	0.167499	0.000245	1.000003	-0.706985	
1940	0.999560	0.000107	0.049632	-0.000107	0.999560	0.008425	
1941	0.999622	-0.000037	0.485548	0.000037	0.999622	-0.358439	
1942	0.999745	0.000172	0.144808	-0.000172	0.999745	-0.357908	
1943	0.999739	0.000108	0.030738	-0.000108	0.999739	-0.445546	
1944	0.999702	-0.000018	0.246044	0.000018	0.999702	-0.331269	
1945	0.999779	-0.000078	0.377143	0.000078	0.999779	-0.136420	
1946	0.999469	0.000216	0.268154	-0.000216	0.999469	-0.007297	
1947	0.999637	0.000231	0.188282	-0.000231	0.999637	-0.109506	
1948	0.999678	0.000171	0.147034	-0.000171	0.999678	-0.453247	
1949	0.999571	-0.000092	0.902791	0.000092	0.999571	-0.376032	
1950	0.999611	-0.000142	-0.065048	0.000142	0.999611	-0.235938	
1951	0.999609	0.000013	0.454797	-0.000013	0.999609	-0.078156	
1952	0.999531	-0.000126	0.515562	0.000126	0.999531	-0.357823	
1953	0.999540	0.000100	0.502966	-0.000100	0.999540	-0.331116	
1954	0.999877	0.000154	0.060360	-0.000154	0.999877	-0.151253	
1955	0.999508	0.000114	0.368772	-0.000114	0.999508	0.005893	
1956	0.999565	0.000079	0.346826	-0.000079	0.999565	-0.257416	
1957	0.999713	0.000250	0.299482	-0.000250	0.999713	-0.121795	
1958	0.999688	-0.000042	0.253825	0.000042	0.999688	-0.354263	
1959	0.999678	0.000179	0.175716	-0.000179	0.999678	0.011300	
1960	0.999637	0.000234	0.253280	-0.000234	0.999637	-0.000183	
1961	0.999499	0.000210	0.450918	-0.000210	0.999499	-0.113452	
1962	0.999760	0.000308	0.171695	-0.000308	0.999760	-0.122791	
1963	0.999579	0.000274	0.322325	-0.000274	0.999579	0.247100	
1964	0.999628	0.000250	0.189612	-0.000250	0.999628	0.017526	
1965	0.999489	0.000414	0.426134	-0.000414	0.999489	-0.077031	
1966	0.999567	0.000357	0.061660	-0.000357	0.999567	0.004489	
1967	0.999582	0.000312	0.348009	-0.000312	0.999582	-0.236944	
1968	0.999707	0.000160	0.065282	-0.000160	0.999707	-0.259740	
1969	0.999694	0.000211	0.224518	-0.000211	0.999694	-0.108251	
1970	0.999598	0.000345	0.394425	-0.000345	0.999598	0.122024	
1971	0.999567	0.000279	0.266760	-0.000279	0.999567	-0.157284	
1972	0.999631	0.000141	0.259951	-0.000141	0.999631	0.015911	
1973	0.999647	0.000181	0.324593	-0.000181	0.999647	0.007243	
1974	0.999563	0.000161	0.317627	-0.000161	0.999563	-0.007572	
1975	0.999558	0.000228	0.228628	-0.000228	0.999558	-0.326314	
1976	0.999541	0.000297	0.373209	-0.000297	0.999541	-0.213416	
1977	0.999595	0.000188	0.303132	-0.000188	0.999595	-0.140042	
1978	0.999490	0.000227	0.143960	-0.000227	0.999490	-0.111902	
1979	0.999513	0.000419	0.356793	-0.000419	0.999513	0.327927	
1980	0.999266	0.000314	0.470526	-0.000314	0.999266	-0.034036	
1981	0.999430	0.000233	0.505516	-0.000233	0.999430	-0.411526	
1982	0.999419	0.000041	0.327017	-0.000041	0.999419	-0.393206	
1983	0.999502	0.000163	0.285014	-0.000163	0.999502	0.055716	
1984	0.999538	0.000115	0.221819	-0.000115	0.999538	-0.212328	
1985	0.999524	0.000312	0.272200	-0.000312	0.999524	0.088980	
1986	0.999485	0.000120	0.450658	-0.000120	0.999485	-0.340434	
1987	0.999616	0.000211	0.119538	-0.000211	0.999616	-0.145331	
1988	0.999730	0.000188	0.152025	-0.000188	0.999730	-0.219043	
1989	0.999727	0.000234	0.334557	-0.000234	0.999727	0.001827	
1990	0.999692	0.000188	0.127618	-0.000188	0.999692	-0.184607	
1991	0.999782	0.000243	-0.024242	-0.000243	0.999782	-0.198209	
1992	0.999857	0.000349	-0.070938	-0.000349	0.999857	-0.031303	
1993	0.999671	0.000104	0.103122	-0.000104	0.999671	-0.309655	
1994	0.999858	0.000310	0.078029	-0.000310	0.999858	0.030350	
1995	0.999620	0.000413	0.049344	-0.000413	0.999620	-0.151190	
1996	0.999886	0.000273	-0.157603	-0.000273	0.999886	-0.443284	
1997	0.999878	0.000571	-0.235349	-0.000571	0.999878	-0.095267	
1998	0.999919	0.000078	-0.085609	-0.000078	0.999919	-0.385593	
1999	0.999931	0.000211	-0.217326	-0.000211	0.999931	0.117352	
2000	0.999684	0.000407	0.175333	-0.000407	0.999684	0.332811	
2001	0.999945	0.000515	-0.135304	-0.000515	0.999945	0.082656	
2002	0.999794	0.000444	-0.266926	-0.000444	0.999794	-0.092039	
2003	0.999753	0.000439	-0.087362	-0.000439	0.999753	-0.034317	
2004	0.999508	0.000766	-0.018950	-0.000766	0.999508	0.278975	
2005	0.999785	0.000376	-0.012895	-0.000376	0.999785	-0.249744	
2006	0.999807	0.000479	-0.015767	-0.000479	0.999807	-0.034437	
2007	0.999544	0.000539	-0.110571	-0.000539	0.999544	0.006277	
2008	0.999800	0.000325	-0.107446	-0.000325	0.999800	-0.220660	
2009	0.999821	0.000577	0.204784	-0.000577	0.999821	0.013953	
2010	0.999811	0.000420	-0.605350	-0.000420	0.999811	-0.063382	
2011	0.999834	0.000473	-0.000826	-0.000473	0.999834	0.035595	
2012	0.999898	0.000451	-0.224754	-0.000451	0.999898	-0.061990	
2013	0.999683	0.000566	0.115619	-0.000566	0.999683	0.204497	
2014	0.999720	0.000368	0.042050	-0.000368	0.999720	-0.195236	
2015	0.999731	0.000262	0.063127	-0.000262	0.999731	-0.231119	
2016	0.999615	0.000225	0.173969	-0.000225	0.999615	-0.526896	
2017	0.999655	0.000482	0.233675	-0.000482	0.999655	-0.005220	
2018	0.999820	0.000092	0.086223	-0.000092	0.999820	-0.601891	
2019	0.999688	0.000490	0.015004	-0.000490	0.999688	0.259686	
2020	0.999531	0.000346	0.100683	-0.000346	0.999531	0.248162	
2021	0.999922	0.000750	-0.105477	-0.000750	0.999922	0.259498	
2022	0.999520	0.000451	0.209205	-0.000451	0.999520	0.183258	
2023	0.999991	0.000374	-0.339253	-0.000374	0.999991	-0.243438	
2024	0.999698	0.000436	-0.335230	-0.000436	0.999698	0.036326	
2025	0.999995	0.000463	-0.343117	-0.000463	0.999995	-0.094973	
2026	0.999630	0.000728	0.193833	-0.000728	0.999630	0.011599	
2027	1.000133	0.000272	-0.440389	-0.000272	1.000133	-0.551308	
2028	0.999831	0.000420	-0.411129	-0.000420	0.999831	-0.086995	
2029	1.000175	0.000417	-0.481063	-0.000417	1.000175	-0.181762	
2030	0.999808	0.000461	0.028856	-0.000461	0.999808	0.103796	
2031	1.000201	0.000294	-0.525840	-0.000294	1.000201	-0.771912	
2032	0.999890	0.000364	-0.408280	-0.000364	0.999890	-0.209073	
2033	1.000431	0.000205	-0.264422	-0.000205	1.000431	-0.846208	
2034	0.999979	0.000288	-0.114698	-0.000288	0.999979	-0.302659	
2035	1.000175	0.000416	-0.278682	-0.000416	1.000175	-0.184506	
2036	1.000008	0.000379	0.012739	-0.000379	1.000008	-0.361359	
2037	1.000422	0.000816	-0.738048	-0.000816	1.000422	-0.019700	
2038	0.999842	0.000480	-0.097794	-0.000480	0.999842	-0.144999	
2039	1.000232	0.000412	-0.251918	-0.000412	1.000232	-0.305862	
2040	0.999852	0.000678	-0.201147	-0.000678	0.999852	0.248953	
2041	1.000565	0.000343	-0.402334	-0.000343	1.000565	-0.796739	
2042	0.999974	0.000261	-0.138247	-0.000261	0.999974	-0.278780	
2043	1.000419	0.000493	-0.677894	-0.000493	1.000419	-0.437382	
2044	1.000068	0.000356	-0.245982	-0.000356	1.000068	-0.279547	
2045	1.000288	0.000431	-0.177303	-0.000431	1.000288	-0.537289	
2046	0.999732	0.000473	-0.082506	-0.000473	0.999732	-0.137902	
2047	1.000242	0.000453	-0.534521	-0.000453	1.000242	-0.563265	
2048	0.999755	0.000437	-0.039811	-0.000437	0.999755	-0.199640	
2049	1.000136	0.000321	-0.089905	-0.000321	1.000136	-0.272791	
2050	0.999982	0.000003	0.139520	-0.000003	0.999982	-0.812663	
2051	0.999993	0.000634	-0.084367	-0.000634	0.999993	0.058013	
2052	0.999636	0.000386	0.186828	-0.000386	0.999636	-0.721157	
2053	1.000172	0.000404	-0.405040	-0.000404	1.000172	-0.500751	
2054	0.999883	0.000283	0.013892	-0.000283	0.999883	-0.286983	
2055	1.000053	0.000460	-0.611526	-0.000460	1.000053	-0.216806	
2056	0.999835	0.000613	0.123702	-0.000613	0.999835	-0.004174	
2057	1.000139	0.000470	-0.340790	-0.000470	1.000139	-0.550227	
2058	1.000133	-0.000140	0.242500	0.000140	1.000133	-0.676752	
2059	0.999971	0.000326	-0.433308	-0.000326	0.999971	-0.101125	
2060	0.999915	0.000392	0.070993	-0.000392	0.999915	-0.121441	
2061	1.000099	0.000622	0.017908	-0.000622	1.000099	-0.126635	
2062	0.999961	0.000267	-0.025101	-0.000267	0.999961	-0.277725	
2063	1.000261	0.000362	-0.415423	-0.000362	1.000261	-0.521614	
2064	0.999904	0.000506	-0.271118	-0.000506	0.999904	-0.147028	
2065	1.000368	0.000581	-0.650859	-0.000581	1.000368	-0.322685	
2066	1.000004	0.000478	-0.100592	-0.000478	1.000004	-0.583316	
2067	1.000325	0.000743	-0.684103	-0.000743	1.000325	-0.640827	
2068	1.000011	-0.000054	-0.119200	0.000054	1.000011	-0.923450	
2069	1.000354	0.000449	-0.487924	-0.000449	1.000354	-0.412873	
2070	0.999990	0.000222	-0.303534	-0.000222	0.999990	-0.137120	
2071	1.000303	0.000095	-0.341179	-0.000095	1.000303	-0.432863	
2072	1.000045	0.000406	-0.378248	-0.000406	1.000045	-0.242387	
2073	1.000394	0.000436	-0.383397	-0.000436	1.000394	-0.583092	
2074	0.999890	0.000267	-0.111566	-0.000267	0.999890	-0.413695	
2075	1.000305	0.000214	-0.496363	-0.000214	1.000305	-0.816999	
2076	1.000060	0.000248	-0.230407	-0.000248	1.000060	-0.436488	
2077	1.000328	0.000058	-0.228063	-0.000058	1.000328	-0.861040	
2078	0.999927	0.000255	-0.413032	-0.000255	0.999927	-0.403485	
2079	1.000350	0.000241	-0.503690	-0.000241	1.000350	-0.433902	
2080	0.999940	0.000240	-0.315376	-0.000240	0.999940	-0.254982	
2081	1.000227	0.000086	-0.148627	-0.000086	1.000227	-0.418580	
2082	1.000047	0.000319	-0.339471	-0.000319	1.000047	-0.214721	
2083	1.000434	0.000329	-0.467951	-0.000329	1.000434	-0.369372	
2084	0.999810	0.000265	0.151045	-0.000265	0.999810	-0.119252	
2085	1.000257	0.000403	-0.310849	-0.000403	1.000257	-0.361332	
2086	0.999857	0.000487	-0.217714	-0.000487	0.999857	-0.134058	
2087	1.000322	0.000265	-0.003101	-0.000265	1.000322	-0.977577	
2088	0.999916	0.000521	-0.543728	-0.000521	0.999916	-0.041507	
2089	1.000694	0.000525	-0.974829	-0.000525	1.000694	-0.183980	
2090	0.999843	-0.000014	0.082648	0.000014	0.999843	-0.133442	
2091	1.000170	0.000008	-0.267470	-0.000008	1.000170	-0.205432	
2092	1.000030	0.000066	0.001464	-0.000066	1.000030	-0.244430	
2093	1.000038	0.000437	-0.310402	-0.000437	1.000038	-0.268528	
2094	0.999878	0.000226	0.202118	-0.000226	0.999878	-0.401133	
2095	1.000183	0.000166	-0.327871	-0.000166	1.000183	-0.518462	
2096	0.999807	0.000522	0.211511	-0.000522	0.999807	-0.156312	
2097	0.999984	0.000287	0.011951	-0.000287	0.999984	-0.001832	
2098	0.999792	0.000246	0.201206	-0.000246	0.999792	-0.097042	
2099	0.999924	0.000282	0.048107	-0.000282	0.999924	-0.123712	
2100	0.999639	0.000459	0.421062	-0.000459	0.999639	0.094097	
2101	1.000033	0.000359	0.385423	-0.000359	1.000033	-0.004990	
2102	0.999626	0.000242	0.274144	-0.000242	0.999626	0.061436	
2103	1.000006	-0.000002	0.202236	0.000002	1.000006	-0.315043	
2104	0.999740	0.000305	0.345256	-0.000305	0.999740	0.365389	
2105	1.000030	0.000199	0.064025	-0.000199	1.000030	-0.380288	
2106	0.999541	0.000141	0.438485	-0.000141	0.999541	0.017272	
2107	1.000000	0.000081	-0.065587	-0.000081	1.000000	-0.201808	
2108	0.999816	0.000123	0.184017	-0.000123	0.999816	-0.159311	
2109	1.000016	0.000097	0.061070	-0.000097	1.000016	-0.460219	
2110	0.999682	0.000233	0.278199	-0.000233	0.999682	-0.217750	
2111	0.999844	0.000158	0.414780	-0.000158	0.999844	-0.550872	
2112	0.999859	0.000174	-0.002170	-0.000174	0.999859	-0.383581	
2113	1.000099	0.000075	-0.016859	-0.000075	1.000099	-0.533385	
2114	1.000394	0.000590	-0.201079	-0.000590	1.000394	-0.445307	
2115	1.000173	0.000126	-0.262758	-0.000126	1.000173	-1.216050	
2116	1.000116	-0.000078	0.214473	0.000078	1.000116	-0.622970	
2117	1.000125	-0.000292	-0.197823	0.000292	1.000125	-0.250437	
2118	0.999918	0.000051	0.156015	-0.000051	0.999918	-0.021589	
2119	1.000115	-0.000067	0.303525	0.000067	1.000115	-0.591617	
2120	0.999799	0.000029	0.496267	-0.000029	0.999799	-0.729315	
2121	1.000375	-0.000036	-0.147972	0.000036	1.000375	-1.020987	
2122	0.999821	0.000157	-0.092632	-0.000157	0.999821	-0.107148	
2123	1.000106	0.000050	0.036476	-0.000050	1.000106	-0.468378	
2124	0.999959	0.000189	0.076632	-0.000189	0.999959	-0.300887	
2125	1.000285	0.000473	-0.021812	-0.000473	1.000285	-0.396089	
2126	0.999969	0.000371	-0.314167	-0.000371	0.999969	-0.417828	
2127	1.000272	0.000014	-0.290248	-0.000014	1.000272	-0.583944	
2128	0.999957	0.000339	-0.333653	-0.000339	0.999957	0.137382	
2129	1.000031	0.000581	0.001404	-0.000581	1.000031	-0.363547	
2130	1.000010	0.000261	0.027655	-0.000261	1.000010	-0.760559	
2131	1.000230	0.000017	-0.334539	-0.000017	1.000230	-0.866155	
2132	0.999768	0.000294	0.038448	-0.000294	0.999768	-0.075764	
2133	1.000090	0.000340	0.001992	-0.000340	1.000090	-0.228342	
2134	0.999698	0.000461	0.141272	-0.000461	0.999698	-0.349608	
2135	1.000160	0.000181	-0.272677	-0.000181	1.000160	-0.789297	
2136	0.999776	0.000274	-0.176180	-0.000274	0.999776	0.045087	
2137	1.000054	0.000155	0.120387	-0.000155	1.000054	-0.320186	
2138	0.999631	0.000425	-0.000054	-0.000425	0.999631	0.161391	
2139	0.999669	0.000385	0.460502	-0.000385	0.999669	-0.024847	
2140	0.999800	0.000271	-0.093629	-0.000271	0.999800	-0.405635	
2141	1.000129	0.000341	-0.183284	-0.000341	1.000129	-0.269704	
2142	0.999660	0.000343	0.582245	-0.000343	0.999660	-0.177880	
2143	1.000321	0.000415	-0.147453	-0.000415	1.000321	-0.584552	
2144	0.999716	0.000080	0.125919	-0.000080	0.999716	-0.527532	
2145	0.999729	0.000237	0.267800	-0.000237	0.999729	-0.072882	
2146	0.999878	0.000301	0.238353	-0.000301	0.999878	-0.222718	
2147	0.999795	0.000146	0.311697	-0.000146	0.999795	-0.924097	
2148	0.999847	0.000212	0.235892	-0.000212	0.999847	-0.296377	
2149	1.000104	0.000078	-0.165382	-0.000078	1.000104	-0.332247	
2150	0.999795	0.000134	0.174989	-0.000134	0.999795	-0.280087	
2151	0.999952	0.000206	0.417458	-0.000206	0.999952	-0.286099	
2152	0.999582	0.000449	0.094836	-0.000449	0.999582	-0.366543	
2153	1.000257	0.000064	-0.116069	-0.000064	1.000257	-0.708322	
2154	0.999857	0.000222	0.001639	-0.000222	0.999857	-0.155328	
2155	0.999923	0.000270	0.258267	-0.000270	0.999923	-0.413684	
2156	0.999606	0.000254	0.643815	-0.000254	0.999606	0.005401	
2157	1.000000	0.000214	0.058112	-0.000214	1.000000	-0.564831	
2158	0.999432	0.000140	0.635502	-0.000140	0.999432	-0.206067	
2159	0.999990	0.000254	-0.080460	-0.000254	0.999990	-0.339504	
2160	0.999534	0.000220	0.369650	-0.000220	0.999534	-0.062234	
2161	0.999859	0.000337	0.228862	-0.000337	0.999859	-0.485941	
2162	0.999482	0.000312	0.342003	-0.000312	0.999482	-0.175408	
2163	1.000022	0.000082	0.066458	-0.000082	1.000022	-1.005322	
2164	0.999795	0.000203	0.450860	-0.000203	0.999795	-0.314632	
2165	0.999821	0.000267	-0.249293	-0.000267	0.999821	-0.219866	
2166	0.999645	0.000202	0.422824	-0.000202	0.999645	-0.172583	
2167	0.999964	0.000304	-0.140185	-0.000304	0.999964	-0.478613	
2168	0.999644	0.000289	0.136566	-0.000289	0.999644	0.181111	
2169	0.999918	0.000251	-0.065868	-0.000251	0.999918	-0.310916	
2170	0.999670	0.000540	-0.019906	-0.000540	0.999670	-0.130492	
2171	1.000171	0.000040	0.068295	-0.000040	1.000171	-0.559171	
2172	0.999428	0.000220	0.122384	-0.000220	0.999428	0.038349	
2173	0.999852	0.000221	0.259457	-0.000221	0.999852	-0.202131	
2174	0.999599	0.000055	0.341581	-0.000055	0.999599	-0.055306	
2175	0.999954	0.000220	-0.118886	-0.000220	0.999954	-0.471201	
2176	0.999809	0.000397	-0.084485	-0.000397	0.999809	-0.317728	
2177	0.999960	0.000146	0.023049	-0.000146	0.999960	-0.378795	
2178	0.999789	0.000072	0.421716	-0.000072	0.999789	-0.666141	
2179	1.000080	0.000416	-0.288519	-0.000416	1.000080	-0.250104	
2180	0.999910	-0.000187	0.332188	0.000187	0.999910	-0.782805	
2181	1.000076	0.000185	-0.170619	-0.000185	1.000076	-0.257803	
2182	0.999841	0.000343	-0.027459	-0.000343	0.999841	-0.107740	
2183	1.000114	0.000262	0.025252	-0.000262	1.000114	-0.463703	
2184	0.999634	-0.000025	0.360873	0.000025	0.999634	-0.651562	
2185	0.999992	-0.000008	-0.006853	0.000008	0.999992	-0.612513	
2186	0.999718	0.000120	0.187824	-0.000120	0.999718	-0.172778	
2187	1.000072	0.000219	-0.044845	-0.000219	1.000072	-0.318416	
2188	0.999641	0.000146	0.437892	-0.000146	0.999641	-0.314980	
2189	1.000293	0.000117	-0.330654	-0.000117	1.000293	-0.677878	
2190	0.999498	-0.000065	0.539190	0.000065	0.999498	-0.352792	
2191	1.000096	0.000386	-0.198595	-0.000386	1.000096	-0.304973	
2192	0.999655	0.000191	0.165095	-0.000191	0.999655	-0.144047	
2193	1.000130	0.000128	0.173763	-0.000128	1.000130	-0.910010	
2194	0.999442	-0.000016	0.495873	0.000016	0.999442	-0.122084	
2195	1.000181	0.000447	-0.285880	-0.000447	1.000181	-0.484630	
2196	0.999639	0.000138	0.195662	-0.000138	0.999639	-0.142353	
2197	0.999992	0.000053	0.118341	-0.000053	0.999992	-0.185862	
2198	0.999729	0.000141	-0.025304	-0.000141	0.999729	-0.101331	
2199	1.000132	0.000344	0.011189	-0.000344	1.000132	-0.153975	
2200	0.999707	0.000211	0.119498	-0.000211	0.999707	-0.352517	
2201	1.000126	0.000108	0.405527	-0.000108	1.000126	-1.060190	
2202	0.999828	0.000144	-0.040948	-0.000144	0.999828	-0.560788	
2203	1.000152	0.000077	-0.096254	-0.000077	1.000152	-0.588476	
2204	0.999666	0.000119	0.327963	-0.000119	0.999666	-0.429793	
2205	1.000124	0.000172	-0.073873	-0.000172	1.000124	-0.452599	
2206	0.999585	0.000036	0.419601	-0.000036	0.999585	-0.453776	
2207	1.000266	0.000209	-0.047945	-0.000209	1.000266	-0.565184	
2208	0.999820	0.000210	-0.092054	-0.000210	0.999820	-0.460052	
2209	1.000181	0.000102	-0.166318	-0.000102	1.000181	-0.481078	
2210	0.999904	-0.000081	0.251475	0.000081	0.999904	-0.125641	
2211	0.999899	0.000013	-0.013600	-0.000013	0.999899	-0.181303	
2212	0.999768	0.000500	0.181649	-0.000500	0.999768	0.042133	
2213	0.999973	-0.000019	0.179370	0.000019	0.999973	-0.331857	
2214	0.999620	0.000085	0.471193	-0.000085	0.999620	-0.332753	
2215	0.999619	-0.000157	0.364030	0.000157	0.999619	-0.217686	
2216	0.999517	-0.000002	0.316272	0.000002	0.999517	-0.062633	
2217	0.999862	0.000167	-0.005750	-0.000167	0.999862	-0.484877	
2218	0.999788	0.000198	0.258331	-0.000198	0.999788	-0.319950	
2219	0.999600	0.000099	0.188918	-0.000099	0.999600	-0.240460	
2220	0.999673	0.000012	0.158740	-0.000012	0.999673	-0.286534	
2221	0.999732	0.000027	0.324582	-0.000027	0.999732	-0.078893	
2222	0.999500	0.000108	0.447632	-0.000108	0.999500	0.042458	
2223	0.999638	-0.000240	0.493846	0.000240	0.999638	-0.210600	
2224	0.999638	0.000247	0.020996	-0.000247	0.999638	0.054631	
2225	0.999939	0.000400	-0.064095	-0.000400	0.999939	-0.063543	
2226	0.999625	0.000160	0.301361	-0.000160	0.999625	-0.452300	
2227	1.000097	0.000496	-0.234996	-0.000496	1.000097	-0.377525	
2228	0.999722	0.000066	0.398117	-0.000066	0.999722	-0.150499	
2229	1.000051	0.000111	-0.264734	-0.000111	1.000051	-0.451367	
2230	0.999486	-0.000046	0.512969	0.000046	0.999486	0.133123	
2231	1.000089	0.000186	-0.105077	-0.000186	1.000089	-0.198308	
2232	0.999547	0.000428	0.465433	-0.000428	0.999547	0.003035	
2233	0.999875	-0.000028	-0.026389	0.000028	0.999875	-0.579865	
2234	0.999616	0.000202	0.346570	-0.000202	0.999616	-0.012661	
2235	0.999824	0.000242	-0.048304	-0.000242	0.999824	0.229630	
2236	0.999561	0.000547	0.348758	-0.000547	0.999561	0.067056	
2237	0.999895	0.000133	0.226401	-0.000133	0.999895	-0.636825	
2238	0.999614	0.000076	0.362917	-0.000076	0.999614	-0.520935	
2239	0.999954	-0.000054	0.258483	0.000054	0.999954	-0.619998	
2240	0.999512	-0.000030	0.249287	0.000030	0.999512	-0.809212	
2241	0.999615	-0.000255	0.169701	0.000255	0.999615	-0.471292	
2242	0.999462	-0.000123	0.417570	0.000123	0.999462	-0.176539	
2243	0.999686	-0.000271	0.363730	0.000271	0.999686	-0.016509	
2244	0.999335	-0.000074	0.452464	0.000074	0.999335	-0.282307	
2245	1.000105	-0.000170	0.201485	0.000170	1.000105	-0.914861	
2246	0.999561	-0.000164	0.426714	0.000164	0.999561	-0.155891	
2247	0.999954	0.000021	-0.055086	-0.000021	0.999954	-0.341428	
2248	0.999597	0.000223	0.106471	-0.000223	0.999597	0.075982	
2249	0.999827	0.000235	0.190559	-0.000235	0.999827	-0.074636	
2250	0.999604	0.000150	0.438844	-0.000150	0.999604	-0.580916	
2251	0.999758	0.000144	-0.223782	-0.000144	0.999758	-0.084466	
2252	0.999361	0.000127	0.702112	-0.000127	0.999361	0.378786	
2253	0.999757	0.000189	0.241750	-0.000189	0.999757	-0.012953	
2254	0.999492	0.000324	0.448877	-0.000324	0.999492	0.222826	
2255	0.999950	0.000212	-0.059508	-0.000212	0.999950	-0.237044	
2256	0.999386	-0.000094	0.584481	0.000094	0.999386	-0.163320	
2257	0.999681	-0.000191	0.353075	0.000191	0.999681	-0.338451	
2258	0.999521	0.000042	0.389073	-0.000042	0.999521	-0.078247	
2259	0.999906	-0.000024	0.280152	0.000024	0.999906	-0.498812	
2260	0.999417	-0.000085	0.266651	0.000085	0.999417	-0.261905	
2261	0.999929	-0.000150	0.407903	0.000150	0.999929	-0.296331	
2262	0.999653	0.000071	0.063802	-0.000071	0.999653	0.149942	
2263	1.000006	-0.000050	0.283385	0.000050	1.000006	-0.232808	
2264	0.999679	0.000098	0.217338	-0.000098	0.999679	0.001644	
2265	0.999955	0.000046	0.092818	-0.000046	0.999955	-0.139570	
2266	0.999572	0.000072	0.407871	-0.000072	0.999572	0.146456	
2267	0.999944	0.000223	-0.118186	-0.000223	0.999944	-0.117291	
2268	0.999544	0.000023	0.402056	-0.000023	0.999544	-0.008786	
2269	0.999946	0.000259	-0.022932	-0.000259	0.999946	-0.177141	
2270	0.999638	0.000149	0.400911	-0.000149	0.999638	0.161957	
2271	0.999845	0.000060	0.247083	-0.000060	0.999845	0.169183	
2272	0.999295	-0.000012	0.650934	0.000012	0.999295	0.481244	
2273	0.999767	0.000363	0.054484	-0.000363	0.999767	0.112417	
2274	0.999448	0.000166	0.691684	-0.000166	0.999448	0.320291	
2275	0.999758	0.000259	0.093332	-0.000259	0.999758	0.192164	
2276	0.999433	0.000177	0.399854	-0.000177	0.999433	0.161727	
2277	0.999718	0.000192	0.035040	-0.000192	0.999718	0.049665	
2278	0.999293	0.000133	0.614636	-0.000133	0.999293	0.203916	
2279	0.999781	0.000151	0.102586	-0.000151	0.999781	0.056282	
2280	0.999264	0.000230	0.411436	-0.000230	0.999264	0.885853	
2281	0.999765	0.000110	0.157108	-0.000110	0.999765	0.071322	
2282	0.999156	0.000533	0.425961	-0.000533	0.999156	0.680144	
2283	0.999714	0.000289	0.178435	-0.000289	0.999714	0.154166	
2284	0.999387	0.000134	0.370905	-0.000134	0.999387	0.252001	
2285	0.999814	0.000301	0.104035	-0.000301	0.999814	0.248886	
2286	0.999461	0.000334	0.224539	-0.000334	0.999461	0.394417	
2287	0.999732	0.000264	0.218402	-0.000264	0.999732	-0.056773	
2288	0.999499	0.000186	0.330563	-0.000186	0.999499	0.075070	
2289	0.999799	0.000103	-0.051529	-0.000103	0.999799	0.031271	
2290	0.999382	0.000563	-0.059635	-0.000563	0.999382	0.932703	
2291	0.999875	0.000224	-0.070541	-0.000224	0.999875	0.377470	
2292	0.999624	0.000186	0.187698	-0.000186	0.999624	0.046672	
2293	1.000076	0.000166	-0.325403	-0.000166	1.000076	-0.014908	
2294	0.999655	0.000084	0.279221	-0.000084	0.999655	0.329062	
2295	1.000039	0.000113	-0.172811	-0.000113	1.000039	0.474446	
2296	0.999478	0.000040	0.448758	-0.000040	0.999478	0.202236	
2297	0.999855	0.000284	-0.342659	-0.000284	0.999855	-0.200536	
2298	0.999566	0.000459	-0.016312	-0.000459	0.999566	0.052978	
2299	0.999983	0.000251	-0.067010	-0.000251	0.999983	-0.465454	
2300	0.999633	-0.000025	0.287890	0.000025	0.999633	-0.300973	
2301	0.999757	0.000212	-0.134495	-0.000212	0.999757	-0.023127	
2302	0.999434	0.000212	0.393356	-0.000212	0.999434	0.189756	
2303	0.999976	0.000224	-0.022189	-0.000224	0.999976	-0.333284	
2304	0.999356	0.000343	0.029362	-0.000343	0.999356	-0.011054	
2305	1.000132	0.000172	-0.232759	-0.000172	1.000132	-0.423765	
2306	0.999588	0.000308	0.104384	-0.000308	0.999588	-0.032083	
2307	0.999847	0.000235	-0.316387	-0.000235	0.999847	-0.237040	
2308	0.999660	0.000118	0.266566	-0.000118	0.999660	-0.353993	
2309	0.999950	0.000205	-0.216780	-0.000205	0.999950	-0.207141	
2310	0.999589	-0.000011	0.231322	0.000011	0.999589	-0.181389	
2311	0.999904	0.000111	-0.000594	-0.000111	0.999904	-0.281201	
2312	0.999624	0.000363	0.161494	-0.000363	0.999624	-0.108610	
2313	1.000076	0.000368	-0.422177	-0.000368	1.000076	-0.397247	
2314	0.999750	0.000308	0.255274	-0.000308	0.999750	-0.504605	
2315	0.999987	0.000384	-0.472226	-0.000384	0.999987	-0.485118	
2316	0.999618	0.000420	-0.082173	-0.000420	0.999618	0.294802	
2317	0.999738	0.000585	0.052613	-0.000585	0.999738	-0.012053	
2318	0.999429	0.000589	0.212302	-0.000589	0.999429	-0.013901	
2319	0.999857	0.000155	0.086559	-0.000155	0.999857	-1.059397	
2320	0.999385	0.000363	0.047726	-0.000363	0.999385	-0.241830	
2321	0.999747	0.000264	0.205514	-0.000264	0.999747	-0.328681	
2322	0.999319	0.000564	0.238045	-0.000564	0.999319	0.205262	
2323	0.999764	0.000319	0.260725	-0.000319	0.999764	-0.791322	
2324	0.999375	0.000332	0.231302	-0.000332	0.999375	-0.045903	
2325	0.999675	0.000372	0.062845	-0.000372	0.999675	-0.335521	
2326	0.999398	0.000139	0.512015	-0.000139	0.999398	-0.392529	
2327	0.999712	0.000385	0.286327	-0.000385	0.999712	-0.217346	
2328	0.999359	0.000497	0.301787	-0.000497	0.999359	-0.234732	
2329	0.999698	0.000428	0.031452	-0.000428	0.999698	-0.121086	
2330	0.999227	0.000605	0.631435	-0.000605	0.999227	0.026047	
2331	0.999725	0.000611	-0.022312	-0.000611	0.999725	-0.059860	
2332	0.999320	0.000583	0.419418	-0.000583	0.999320	-0.165720	
2333	0.999558	0.000581	0.233713	-0.000581	0.999558	-0.085020	
2334	0.999324	0.000511	0.234083	-0.000511	0.999324	-0.231115	
2335	0.999446	0.000616	0.013525	-0.000616	0.999446	0.068432	
2336	0.999295	0.000760	-0.036382	-0.000760	0.999295	-0.044339	
2337	0.999493	0.000397	-0.030139	-0.000397	0.999493	-0.418000	
2338	0.999495	0.000666	0.307795	-0.000666	0.999495	-0.103335	
2339	0.999680	0.000576	0.119750	-0.000576	0.999680	-0.153104	
2340	0.999215	0.000420	0.435356	-0.000420	0.999215	-0.047007	
2341	0.999735	0.000465	-0.200214	-0.000465	0.999735	-0.233936	
2342	0.999254	0.000231	0.513635	-0.000231	0.999254	-0.230630	
2343	0.999754	0.000449	-0.048688	-0.000449	0.999754	-0.486743	
2344	0.999412	0.000479	0.421532	-0.000479	0.999412	0.016087	
2345	0.999604	0.000294	0.116067	-0.000294	0.999604	-0.749619	
2346	0.999355	0.000345	0.574293	-0.000345	0.999355	0.075907	
2347	0.999712	0.000355	0.250300	-0.000355	0.999712	-0.108964	
2348	0.999308	0.000460	0.266512	-0.000460	0.999308	0.181246	
2349	0.999340	0.000312	0.632540	-0.000312	0.999340	-0.623533	
2350	0.999222	0.000521	0.424873	-0.000521	0.999222	-0.052884	
2351	0.999417	0.000373	0.306523	-0.000373	0.999417	-0.594028	
2352	0.999350	0.000516	-0.229734	-0.000516	0.999350	-0.093672	
2353	0.999559	0.000627	0.245806	-0.000627	0.999559	-0.215955	
2354	0.999375	0.000342	0.224277	-0.000342	0.999375	-0.201381	
2355	0.999573	0.000348	0.003501	-0.000348	0.999573	-0.645451	
2356	0.999235	0.000398	0.293615	-0.000398	0.999235	0.131637	
2357	0.999724	0.000330	-0.023824	-0.000330	0.999724	-0.260244	
2358	0.999532	0.000081	-0.067044	-0.000081	0.999532	-0.596650	
2359	0.999642	0.000322	0.110471	-0.000322	0.999642	-0.334135	
2360	0.999410	0.000090	0.412444	-0.000090	0.999410	-0.457766	
2361	0.999731	0.000237	0.169140	-0.000237	0.999731	-0.422460	
2362	0.999314	0.000255	0.615359	-0.000255	0.999314	-0.254419	
2363	0.999784	0.000273	-0.023727	-0.000273	0.999784	-0.354685	
2364	0.999344	0.000283	0.687333	-0.000283	0.999344	-0.284621	
2365	0.999807	0.000090	0.428702	-0.000090	0.999807	-0.725543	
2366	0.999374	0.000324	0.024336	-0.000324	0.999374	-0.246804	
2367	0.999707	0.000310	0.217444	-0.000310	0.999707	-0.285398	
2368	0.999685	0.000374	-0.033180	-0.000374	0.999685	-0.063595	
2369	0.999771	0.000433	-0.038290	-0.000433	0.999771	-0.292799	
2370	0.999556	0.000427	0.061948	-0.000427	0.999556	0.081749	
2371	0.999834	0.000487	-0.547905	-0.000487	0.999834	-0.233088	
2372	0.999309	0.000497	-0.237435	-0.000497	0.999309	-0.177606	
2373	0.999923	0.000510	-0.355172	-0.000510	0.999923	-0.212410	
2374	0.999523	0.000324	-0.297514	-0.000324	0.999523	-0.028741	
2375	0.999825	0.000413	0.546285	-0.000413	0.999825	-0.034400	
2376	0.999508	0.000184	0.754438	-0.000184	0.999508	-0.136112	
2377	0.999967	0.000308	0.136358	-0.000308	0.999967	-0.482285	
2378	0.999335	0.000549	0.679035	-0.000549	0.999335	0.163372	
2379	0.999643	0.000535	0.245450	-0.000535	0.999643	-0.202730	
2380	0.999528	0.000405	0.124692	-0.000405	0.999528	-0.093839	
2381	0.999779	0.000459	0.168776	-0.000459	0.999779	-0.109105	
2382	0.999282	0.000344	0.727794	-0.000344	0.999282	0.076949	
2383	0.999928	0.000296	0.140755	-0.000296	0.999928	-0.486735	
2384	0.999207	0.000595	0.063681	-0.000595	0.999207	-0.005858	
2385	0.999892	0.000579	-0.069531	-0.000579	0.999892	-0.132750	
2386	0.999301	0.000452	0.743596	-0.000452	0.999301	-0.027118	
2387	0.999888	0.000556	-0.175733	-0.000556	0.999888	-0.547468	
2388	0.999332	0.000331	0.316390	-0.000331	0.999332	-0.602655	
2389	0.999818	0.000212	-0.093940	-0.000212	0.999818	-0.359387	
2390	0.999452	0.000201	0.375387	-0.000201	0.999452	-0.297152	
2391	0.999879	0.000627	0.053634	-0.000627	0.999879	-0.135281	
2392	0.999142	0.000363	0.302573	-0.000363	0.999142	0.083381	
2393	0.999767	0.000443	-0.061028	-0.000443	0.999767	-0.231285	
2394	0.999165	0.000281	0.425180	-0.000281	0.999165	-0.110261	
2395	0.999641	0.000433	-0.027223	-0.000433	0.999641	-0.101701	
2396	0.999420	0.000545	0.180356	-0.000545	0.999420	0.132816	
2397	0.999784	0.000441	0.180466	-0.000441	0.999784	-0.308743	
2398	0.999348	0.000433	0.277409	-0.000433	0.999348	0.065461	
2399	0.999750	0.000274	-0.061688	-0.000274	0.999750	-0.332756	
2400	0.999438	0.000577	-0.050773	-0.000577	0.999438	0.241526	
2401	0.999746	0.000736	0.032715	-0.000736	0.999746	0.172901	
2402	0.999356	0.000440	0.186472	-0.000440	0.999356	-0.119281	
2403	0.999922	0.000532	-0.492093	-0.000532	0.999922	-0.491868	
2404	0.999553	0.000332	0.177822	-0.000332	0.999553	0.074970	
2405	0.999877	0.000453	-0.132991	-0.000453	0.999877	-0.228679	
2406	0.999582	0.000492	-0.144375	-0.000492	0.999582	0.196563	
2407	0.999901	0.000319	0.128085	-0.000319	0.999901	-0.243487	
2408	0.999642	0.000564	0.071027	-0.000564	0.999642	0.134986	
2409	0.999814	0.000398	-0.054622	-0.000398	0.999814	-0.043678	
2410	0.999708	0.000477	-0.029569	-0.000477	0.999708	0.141700	
2411	0.999802	0.000736	-0.344966	-0.000736	0.999802	0.070224	
2412	0.999472	0.000730	0.031813	-0.000730	0.999472	0.336992	
2413	0.999798	0.000360	-0.106273	-0.000360	0.999798	-0.406437	
2414	0.999506	0.000731	0.010728	-0.000731	0.999506	0.379003	
2415	1.000057	0.000654	-0.319567	-0.000654	1.000057	-0.231358	
2416	0.999570	0.000625	-0.135452	-0.000625	0.999570	-0.100954	
2417	0.999965	0.000632	-0.214750	-0.000632	0.999965	-0.224160	
2418	0.999614	0.000051	0.184511	-0.000051	0.999614	-0.440055	
2419	0.999947	0.000476	-0.302595	-0.000476	0.999947	0.613805	
2420	0.999546	0.000494	-0.004930	-0.000494	0.999546	0.201931	
2421	0.999758	0.000475	0.160793	-0.000475	0.999758	-0.302016	
2422	0.999513	0.000260	0.437048	-0.000260	0.999513	-0.221223	
2423	0.999856	0.000387	-0.220068	-0.000387	0.999856	-0.151089	
2424	0.999347	0.000654	-0.091097	-0.000654	0.999347	0.459891	
2425	0.999845	0.000906	-0.239891	-0.000906	0.999845	-0.042342	
2426	0.999419	0.000789	0.462442	-0.000789	0.999419	0.297684	
2427	0.999771	0.000635	-0.287902	-0.000635	0.999771	-0.124388	
2428	0.999332	0.000582	0.163111	-0.000582	0.999332	-0.245040	
2429	0.999759	0.000727	-0.231282	-0.000727	0.999759	0.174738	
2430	0.999456	0.000542	0.187419	-0.000542	0.999456	0.307911	
2431	0.999868	0.000554	-0.081605	-0.000554	0.999868	0.013880	
2432	0.999426	0.000498	0.004050	-0.000498	0.999426	0.206171	
2433	0.999866	0.000409	0.005030	-0.000409	0.999866	0.005156	
2434	0.999552	0.000365	0.124487	-0.000365	0.999552	0.101013	
2435	0.999836	0.000509	-0.133764	-0.000509	0.999836	-0.119827	
2436	0.999662	0.000411	0.149495	-0.000411	0.999662	0.127221	
2437	0.999844	0.000406	-0.140556	-0.000406	0.999844	-0.170573	
2438	0.999714	0.000516	0.139352	-0.000516	0.999714	0.085283	
2439	1.000120	0.000362	-0.144449	-0.000362	1.000120	-0.027015	
2440	0.999620	0.000736	-0.058762	-0.000736	0.999620	0.747034	
2441	0.999908	0.000777	-0.144671	-0.000777	0.999908	0.256279	
2442	0.999570	0.000906	0.040263	-0.000906	0.999570	0.508137	
2443	0.999830	0.000690	-0.155832	-0.000690	0.999830	0.073162	
2444	0.999485	0.000824	0.107156	-0.000824	0.999485	0.501489	
2445	0.999883	0.000557	0.066882	-0.000557	0.999883	0.175661	
2446	0.999566	0.000690	-0.001263	-0.000690	0.999566	0.312220	
2447	0.999845	0.000478	0.156034	-0.000478	0.999845	0.020526	
2448	0.999526	0.000475	0.024290	-0.000475	0.999526	0.208973	
2449	0.999866	0.000292	0.253179	-0.000292	0.999866	-0.104000	
2450	0.999404	0.000547	0.430105	-0.000547	0.999404	0.384804	
2451	0.999726	0.000352	0.276346	-0.000352	0.999726	0.178641	
2452	0.999405	0.000188	0.425969	-0.000188	0.999405	0.032199	
2453	0.999730	0.000405	0.116458	-0.000405	0.999730	0.202074	
2454	0.999363	0.000440	0.431772	-0.000440	0.999363	0.200719	
2455	0.999563	0.000321	0.330234	-0.000321	0.999563	-0.009850	
2456	0.999219	0.000595	0.420039	-0.000595	0.999219	0.390617	
2457	0.999582	0.000480	0.287649	-0.000480	0.999582	0.008845	
2458	0.999200	0.000642	0.304201	-0.000642	0.999200	0.677802	
2459	0.999421	0.000523	0.346881	-0.000523	0.999421	0.311134	
2460	0.999250	0.000593	0.302992	-0.000593	0.999250	0.306695	
2461	0.999512	0.000497	0.369949	-0.000497	0.999512	0.398781	
2462	0.999087	0.000638	0.342279	-0.000638	0.999087	0.743838	
2463	0.999469	0.000553	0.105017	-0.000553	0.999469	0.299853	
2464	0.999064	0.000455	0.515757	-0.000455	0.999064	0.396664	
2465	0.999681	0.000434	0.040384	-0.000434	0.999681	-0.007113	
2466	0.999207	0.000392	0.429265	-0.000392	0.999207	0.285563	
2467	0.999676	0.000359	0.372365	-0.000359	0.999676	-0.054406	
2468	0.999271	0.000386	0.481896	-0.000386	0.999271	0.329580	
2469	0.999638	0.000176	0.261663	-0.000176	0.999638	-0.238204	
2470	0.999328	0.000315	0.173504	-0.000315	0.999328	0.042496	
2471	0.999651	0.000282	-0.054291	-0.000282	0.999651	-0.102978	
2472	0.999375	0.000385	0.017678	-0.000385	0.999375	0.333049	
2473	1.000230	0.000377	-0.179260	-0.000377	1.000230	-0.275098	
2474	0.999351	0.000452	0.595232	-0.000452	0.999351	0.285537	
2475	0.999721	0.000339	0.058631	-0.000339	0.999721	0.042699	
2476	0.999302	0.000241	0.339717	-0.000241	0.999302	0.140399	
2477	0.999786	0.000432	0.260666	-0.000432	0.999786	-0.261664	
2478	0.999307	0.000207	0.626360	-0.000207	0.999307	0.147681	
2479	0.999757	0.000456	-0.335400	-0.000456	0.999757	-0.065605	
2480	0.999783	0.000239	-0.268726	-0.000239	0.999783	0.071979	
2481	0.999768	0.000223	0.538809	-0.000223	0.999768	0.171110	
2482	0.999356	0.000305	0.343087	-0.000305	0.999356	0.096422	
2483	0.999658	0.000233	0.147344	-0.000233	0.999658	-0.046073	
2484	0.999266	0.000209	0.280088	-0.000209	0.999266	0.162022	
2485	0.999749	0.000351	-0.034571	-0.000351	0.999749	-0.066129	
2486	0.999371	0.000390	0.187730	-0.000390	0.999371	0.262667	
2487	0.999627	0.000274	0.258422	-0.000274	0.999627	-0.007838	
2488	0.999224	0.000348	0.286850	-0.000348	0.999224	0.363731	
2489	0.999519	0.000165	0.116624	-0.000165	0.999519	0.009019	
2490	0.999226	0.000175	0.343352	-0.000175	0.999226	0.327513	
2491	0.999612	0.000296	0.144437	-0.000296	0.999612	0.399132	
2492	0.999234	0.000308	0.251839	-0.000308	0.999234	0.305765	
2493	0.999545	0.000389	0.426418	-0.000389	0.999545	0.100018	
2494	0.999032	0.000109	0.463599	-0.000109	0.999032	0.395939	
2495	0.999640	0.000185	0.049353	-0.000185	0.999640	0.181472	
2496	0.999047	0.000400	0.556877	-0.000400	0.999047	0.527034	
2497	0.999660	0.000311	0.136461	-0.000311	0.999660	-0.151937	
2498	0.999417	0.000138	0.563076	-0.000138	0.999417	-0.046849	
2499	0.999631	0.000209	-0.009861	-0.000209	0.999631	0.088806	
2500	0.999373	-0.000113	0.624828	0.000113	0.999373	0.136319	
2501	0.999634	0.000359	-0.046883	-0.000359	0.999634	0.455528	
2502	0.999376	0.000399	0.253579	-0.000399	0.999376	0.084400	
2503	0.999782	0.000466	0.074862	-0.000466	0.999782	-0.196749	
2504	0.999591	0.000230	0.482946	-0.000230	0.999591	-0.009787	
2505	0.999700	0.000364	-0.193345	-0.000364	0.999700	-0.000439	
2506	0.999384	0.000123	0.389839	-0.000123	0.999384	0.133967	
2507	0.999588	0.000525	0.294660	-0.000525	0.999588	0.453541	
2508	0.999254	0.000335	0.510155	-0.000335	0.999254	0.056614	
2509	0.999619	0.000377	-0.046172	-0.000377	0.999619	-0.086200	
2510	0.999354	0.000011	0.674616	-0.000011	0.999354	-0.005768	
2511	0.999774	0.000302	-0.053456	-0.000302	0.999774	-0.106091	
2512	0.999409	0.000184	0.362502	-0.000184	0.999409	-0.201775	
2513	0.999510	0.000380	0.227093	-0.000380	0.999510	-0.672095	
2514	0.999247	0.000142	0.449913	-0.000142	0.999247	-0.039813	
2515	0.999707	0.000239	0.071557	-0.000239	0.999707	-0.286814	
2516	0.999474	0.000230	0.162687	-0.000230	0.999474	-0.042711	
2517	0.999749	0.000191	0.027504	-0.000191	0.999749	-0.723921	
2518	0.999514	0.000335	-0.012958	-0.000335	0.999514	-0.534443	
2519	0.999735	0.000110	0.159576	-0.000110	0.999735	-0.466543	
2520	0.999482	0.000359	-0.116000	-0.000359	0.999482	0.386528	
2521	0.999659	0.000120	0.118968	-0.000120	0.999659	-0.136915	
2522	0.999292	0.000167	0.442154	-0.000167	0.999292	-0.155776	
2523	0.999730	0.000250	0.173354	-0.000250	0.999730	-0.248385	
2524	0.999271	0.000174	0.340007	-0.000174	0.999271	-0.253285	
2525	0.999702	0.000198	0.038681	-0.000198	0.999702	-0.645600	
2526	0.999180	0.000086	-0.065541	-0.000086	0.999180	0.110038	
2527	0.999577	0.000189	0.268221	-0.000189	0.999577	-0.091489	
2528	0.999144	0.000476	-0.066503	-0.000476	0.999144	0.013968	
2529	0.999290	0.000096	0.690149	-0.000096	0.999290	-0.642193	
2530	0.999355	0.000588	-0.093271	-0.000588	0.999355	0.197516	
2531	0.999611	0.000465	-0.329408	-0.000465	0.999611	0.165446	
2532	0.999006	0.000512	0.372722	-0.000512	0.999006	0.441730	
2533	0.999425	0.000573	0.455578	-0.000573	0.999425	0.098369	
2534	0.999247	0.000677	-0.076183	-0.000677	0.999247	0.283922	
2535	0.999559	0.000095	0.327113	-0.000095	0.999559	-0.484718	
2536	0.999063	0.000377	0.295556	-0.000377	0.999063	0.124114	
2537	0.999724	0.000520	-0.375012	-0.000520	0.999724	-0.284871	
2538	0.999232	0.000174	0.604137	-0.000174	0.999232	-0.122292	
2539	0.999541	0.000194	0.095450	-0.000194	0.999541	-0.145327	
2540	0.999193	0.000726	0.112909	-0.000726	0.999193	0.385322	
2541	0.999758	0.000442	-0.038473	-0.000442	0.999758	-0.340112	
2542	0.999280	0.000384	0.333094	-0.000384	0.999280	0.004308	
2543	0.999745	0.000445	-0.018421	-0.000445	0.999745	0.057404	
2544	0.999415	0.000775	-0.153731	-0.000775	0.999415	0.303971	
2545	0.999784	0.000432	0.064361	-0.000432	0.999784	-0.623249	
2546	0.999387	0.000559	0.080500	-0.000559	0.999387	-0.468043	
2547	0.999822	0.000229	0.149096	-0.000229	0.999822	-0.255074	
2548	0.999401	0.000681	0.135616	-0.000681	0.999401	0.184522	
2549	0.999722	0.000614	-0.020721	-0.000614	0.999722	0.075559	
2550	0.999271	0.000249	0.293092	-0.000249	0.999271	-0.429359	
2551	0.999409	0.000491	0.148531	-0.000491	0.999409	0.058727	
2552	0.999188	0.000635	0.215624	-0.000635	0.999188	0.007515	
2553	0.999587	0.000710	-0.144410	-0.000710	0.999587	-0.018836	
2554	0.998960	0.000351	0.564796	-0.000351	0.998960	-0.251788	
2555	0.999514	0.000476	-0.087774	-0.000476	0.999514	-0.397373	
2556	0.999096	0.000653	0.028312	-0.000653	0.999096	0.273232	
2557	0.999375	0.000877	-0.035585	-0.000877	0.999375	0.033817	
2558	0.999233	0.000558	0.368843	-0.000558	0.999233	0.219722	
2559	0.999525	0.000509	-0.028442	-0.000509	0.999525	-0.242706	
2560	0.999071	0.000394	0.372928	-0.000394	0.999071	-0.033042	
2561	0.999551	0.000448	0.242267	-0.000448	0.999551	0.108840	
2562	0.999216	0.000505	0.345102	-0.000505	0.999216	0.316272	
2563	0.999714	0.000459	0.093854	-0.000459	0.999714	-0.644728	
2564	0.999073	0.000456	0.362313	-0.000456	0.999073	-0.026749	
2565	0.999847	0.000384	-0.508054	-0.000384	0.999847	-0.600242	
2566	0.999205	0.000610	0.360357	-0.000610	0.999205	0.204557	
2567	0.999874	0.000556	-0.153392	-0.000556	0.999874	-0.350207	
2568	0.999149	0.000338	0.268303	-0.000338	0.999149	-0.211717	
2569	0.999470	0.000574	0.273693	-0.000574	0.999470	-0.112581	
2570	0.999075	0.000401	0.370456	-0.000401	0.999075	0.022766	
2571	0.999491	0.000603	0.034824	-0.000603	0.999491	0.011717	
2572	0.999274	0.000492	0.337301	-0.000492	0.999274	-0.065292	
2573	0.999663	0.000795	-0.328226	-0.000795	0.999663	0.129993	
2574	0.999148	0.000436	0.714240	-0.000436	0.999148	0.190358	
2575	0.999597	0.000449	-0.250313	-0.000449	0.999597	0.453931	
2576	0.999254	0.000423	0.237642	-0.000423	0.999254	0.239534	
2577	0.999384	0.000654	0.240109	-0.000654	0.999384	0.286090	
2578	0.999256	0.000470	0.286130	-0.000470	0.999256	0.186276	
2579	0.999707	0.000758	-0.237278	-0.000758	0.999707	0.250113	
2580	0.999137	0.000381	0.574467	-0.000381	0.999137	0.353087	
2581	0.999538	0.000435	0.161766	-0.000435	0.999538	0.105215	
2582	0.999126	0.000641	0.158796	-0.000641	0.999126	0.406752	
2583	0.999344	0.000810	0.159160	-0.000810	0.999344	0.510074	
2584	0.999064	0.000321	0.603905	-0.000321	0.999064	0.496864	
2585	0.999265	0.000712	0.237604	-0.000712	0.999265	0.486135	
2586	0.999016	0.000792	0.447923	-0.000792	0.999016	0.473784	
2587	0.999955	0.001030	-0.445703	-0.001030	0.999955	0.369314	
2588	0.999139	0.000632	0.480140	-0.000632	0.999139	0.424324	
2589	0.999462	0.000395	0.190013	-0.000395	0.999462	0.187478	
2590	0.999126	0.000875	0.502838	-0.000875	0.999126	0.649169	
2591	0.999853	0.000854	0.048586	-0.000854	0.999853	0.101338	
2592	0.999296	0.000315	0.330717	-0.000315	0.999296	0.026093	
2593	0.999780	0.000467	-0.345762	-0.000467	0.999780	0.105241	
2594	0.999236	0.000546	0.161935	-0.000546	0.999236	0.764734	
2595	0.999621	0.000585	-0.063561	-0.000585	0.999621	0.219014	
2596	0.999045	0.000626	0.897328	-0.000626	0.999045	0.426411	
2597	0.999539	0.000638	-0.109230	-0.000638	0.999539	0.052090	
2598	0.999198	0.000486	0.416508	-0.000486	0.999198	0.621284	
2599	0.999391	0.000426	0.163654	-0.000426	0.999391	0.302198	
2600	0.999102	0.000832	0.486113	-0.000832	0.999102	0.858678	
2601	0.999355	0.000624	0.001137	-0.000624	0.999355	0.135848	
2602	0.999257	0.000437	0.395525	-0.000437	0.999257	0.128418	
2603	0.999476	0.000626	0.030184	-0.000626	0.999476	0.039439	
2604	0.999085	0.000646	0.115641	-0.000646	0.999085	0.436678	
2605	0.999488	0.000817	-0.057366	-0.000817	0.999488	0.409432	
2606	0.999152	0.000552	0.410096	-0.000552	0.999152	0.422707	
2607	0.999350	0.000446	0.243501	-0.000446	0.999350	0.060271	
2608	0.998955	0.000486	0.280735	-0.000486	0.998955	0.455957	
2609	0.999306	0.000508	0.411670	-0.000508	0.999306	0.160708	
2610	0.998977	0.000448	0.391684	-0.000448	0.998977	0.483596	
2611	0.999274	0.000614	0.168740	-0.000614	0.999274	0.507557	
2612	0.998898	0.000554	0.510426	-0.000554	0.998898	0.897927	
2613	0.999253	0.000719	-0.149984	-0.000719	0.999253	0.570658	
2614	0.998947	0.000820	0.258479	-0.000820	0.998947	0.702008	
2615	0.999348	0.000773	0.237972	-0.000773	0.999348	0.366424	
2616	0.998978	0.000556	0.193850	-0.000556	0.998978	0.533471	
2617	0.999425	0.000701	0.094167	-0.000701	0.999425	0.493401	
2618	0.998942	0.000615	0.328726	-0.000615	0.998942	0.667370	
2619	0.999400	0.000798	0.192459	-0.000798	0.999400	0.452563	
2620	0.999207	0.000580	0.043592	-0.000580	0.999207	0.455610	
2621	0.999542	0.000727	-0.336025	-0.000727	0.999542	0.197892	
2622	0.999267	0.000678	0.026432	-0.000678	0.999267	0.734904	
2623	0.999745	0.000640	-0.731990	-0.000640	0.999745	0.563960	
2624	0.999251	0.000655	0.077863	-0.000655	0.999251	0.781588	
2625	0.999488	0.000568	0.106525	-0.000568	0.999488	0.467646	
2626	0.999297	0.000751	-0.020654	-0.000751	0.999297	0.684809	
2627	0.999687	0.000664	-0.297078	-0.000664	0.999687	0.340733	
2628	0.999304	0.000703	0.083178	-0.000703	0.999304	0.450559	
2629	0.999725	0.000531	-0.323440	-0.000531	0.999725	0.159744	
2630	0.999421	0.000261	-0.099647	-0.000261	0.999421	0.371867	
2631	0.999731	0.000511	-0.149833	-0.000511	0.999731	0.766378	
2632	0.999280	0.000729	0.145122	-0.000729	0.999280	0.794565	
2633	0.999816	0.000578	-0.326107	-0.000578	0.999816	0.140524	
2634	0.999176	0.000626	0.058048	-0.000626	0.999176	0.584136	
2635	0.999568	0.000703	-0.110767	-0.000703	0.999568	0.822039	
2636	0.999224	0.000821	-0.005343	-0.000821	0.999224	0.692741	
2637	0.999485	0.000804	-0.086324	-0.000804	0.999485	0.965482	
2638	0.999157	0.000569	0.074137	-0.000569	0.999157	0.684789	
2639	0.999540	0.000795	-0.111298	-0.000795	0.999540	0.632263	
2640	0.999191	0.000620	0.270040	-0.000620	0.999191	0.641129	
2641	0.999628	0.000665	0.001095	-0.000665	0.999628	0.418373	
2642	0.999281	0.000680	0.219221	-0.000680	0.999281	0.812835	
2643	0.999454	0.000270	0.303018	-0.000270	0.999454	0.674493	
2644	0.999094	0.000582	0.667003	-0.000582	0.999094	0.833270	
2645	0.999538	0.000507	0.036870	-0.000507	0.999538	0.097006	
2646	0.999275	0.000705	0.346719	-0.000705	0.999275	0.764000	
2647	0.999265	0.000678	0.090783	-0.000678	0.999265	0.601912	
2648	0.999076	0.000784	0.321183	-0.000784	0.999076	0.309973	
2649	0.999514	0.000597	-0.344988	-0.000597	0.999514	0.239385	
2650	0.999061	0.000588	0.404077	-0.000588	0.999061	0.580219	
2651	0.999417	0.000653	0.175799	-0.000653	0.999417	0.371044	
2652	0.999158	0.000809	0.385082	-0.000809	0.999158	0.934922	
2653	0.999561	0.000587	0.270515	-0.000587	0.999561	0.107994	
2654	0.999181	0.000659	0.282171	-0.000659	0.999181	0.466340	
2655	0.999633	0.000348	0.132236	-0.000348	0.999633	0.158972	
2656	0.999217	0.000477	0.001195	-0.000477	0.999217	0.583895	
2657	0.999643	0.000745	0.028486	-0.000745	0.999643	0.196827	
2658	0.999345	0.000800	-0.240559	-0.000800	0.999345	0.396743	
2659	0.999669	0.000625	0.017373	-0.000625	0.999669	-0.142995	
2660	0.999297	0.000627	-0.022061	-0.000627	0.999297	0.138928	
2661	0.999752	0.000379	0.011725	-0.000379	0.999752	-0.071562	
2662	0.999384	0.000557	0.202668	-0.000557	0.999384	0.241114	
2663	0.999502	0.000952	0.089194	-0.000952	0.999502	0.457641	
2664	0.999118	0.000790	0.157171	-0.000790	0.999118	0.299721	
2665	0.999784	0.000451	-0.188770	-0.000451	0.999784	-0.123629	
2666	0.999443	0.000582	-0.131826	-0.000582	0.999443	0.026846	
2667	0.999683	0.000567	-0.107263	-0.000567	0.999683	-0.138477	
2668	0.999562	0.000562	-0.032096	-0.000562	0.999562	0.080312	
2669	0.999819	0.000652	-0.050697	-0.000652	0.999819	0.068397	
2670	0.999438	0.000219	0.166290	-0.000219	0.999438	-0.158615	
2671	0.999597	0.000677	0.133764	-0.000677	0.999597	0.291599	
2672	0.999345	0.000545	-0.090917	-0.000545	0.999345	0.382710	
2673	0.999557	0.000754	0.137987	-0.000754	0.999557	0.207046	
2674	0.999638	0.000771	-0.259025	-0.000771	0.999638	-0.279541	
2675	0.999751	0.000654	-0.129216	-0.000654	0.999751	0.069265	
2676	0.999090	0.000589	0.092773	-0.000589	0.999090	-0.140537	
2677	0.999640	0.000627	-0.253820	-0.000627	0.999640	0.093626	
2678	0.999088	0.000626	0.246580	-0.000626	0.999088	0.476803	
2679	0.999698	0.000178	-0.092979	-0.000178	0.999698	-0.440896	
2680	0.999319	0.000622	-0.152473	-0.000622	0.999319	0.112096	
2681	0.999535	0.000693	-0.062204	-0.000693	0.999535	0.013679	
2682	0.999102	0.000234	0.306528	-0.000234	0.999102	-0.115116	
2683	0.999533	0.000386	0.038486	-0.000386	0.999533	-0.104682	
2684	0.999397	0.000384	0.219175	-0.000384	0.999397	0.085776	
2685	0.999525	0.000591	0.070010	-0.000591	0.999525	0.151569	
2686	0.998966	0.000473	0.341943	-0.000473	0.998966	-0.222522	
2687	0.999580	0.000587	-0.302931	-0.000587	0.999580	-0.198886	
2688	0.999403	0.000570	-0.138572	-0.000570	0.999403	0.129966	
2689	0.999539	0.000491	-0.028201	-0.000491	0.999539	0.195267	
2690	0.999348	0.000644	0.162253	-0.000644	0.999348	0.444442	
2691	0.999574	0.000732	-0.310657	-0.000732	0.999574	-0.176331	
2692	0.999191	0.000715	0.315822	-0.000715	0.999191	0.279288	
2693	0.999494	0.000437	-0.175280	-0.000437	0.999494	0.160192	
2694	0.999253	0.000591	0.371747	-0.000591	0.999253	0.382223	
2695	0.999509	0.000661	-0.148314	-0.000661	0.999509	0.387500	
2696	0.999196	0.000753	-0.061184	-0.000753	0.999196	0.115703	
2697	0.999655	0.000650	0.438371	-0.000650	0.999655	0.101630	
2698	0.999366	0.000730	-0.036162	-0.000730	0.999366	0.396197	
2699	0.999597	0.000683	-0.118870	-0.000683	0.999597	0.312857	
2700	0.999168	0.000622	0.327643	-0.000622	0.999168	0.369551	
2701	0.999987	0.000533	-0.323274	-0.000533	0.999987	-0.051666	
2702	0.999306	0.000561	0.382386	-0.000561	0.999306	0.253927	
2703	0.999586	0.000929	-0.301807	-0.000929	0.999586	0.404579	
2704	0.999043	0.000832	0.371737	-0.000832	0.999043	0.252514	
2705	0.999567	0.000758	0.004777	-0.000758	0.999567	-0.054024	
2706	0.999257	0.000726	0.140591	-0.000726	0.999257	0.351855	
2707	0.999487	0.000856	-0.088735	-0.000856	0.999487	0.529318	
2708	0.999068	0.000992	0.129796	-0.000992	0.999068	0.609387	
2709	0.999486	0.000601	-0.057979	-0.000601	0.999486	-0.126563	
2710	0.999147	0.000690	0.321284	-0.000690	0.999147	0.435617	
2711	0.999395	0.000706	-0.040185	-0.000706	0.999395	0.205859	
2712	0.999296	0.000532	0.381810	-0.000532	0.999296	0.020224	
2713	0.999542	0.000804	-0.162552	-0.000804	0.999542	0.363197	
2714	0.999042	0.000687	-0.003067	-0.000687	0.999042	0.050292	
2715	0.999587	0.000701	0.119076	-0.000701	0.999587	-0.066123	
2716	0.999238	0.000603	0.225662	-0.000603	0.999238	0.175937	
2717	0.999521	0.000513	-0.049844	-0.000513	0.999521	-0.175118	
2718	0.999173	0.000598	0.188159	-0.000598	0.999173	0.298303	
2719	0.999615	0.000355	0.160928	-0.000355	0.999615	-0.078463	
2720	0.999196	0.000463	0.097283	-0.000463	0.999196	-0.093955	
2721	0.999671	0.000760	0.058994	-0.000760	0.999671	0.037710	
2722	0.999129	0.000829	0.035707	-0.000829	0.999129	0.145390	
2723	0.999716	0.000561	-0.258992	-0.000561	0.999716	-0.128129	
2724	0.999466	0.000438	-0.182963	-0.000438	0.999466	0.064230	
2725	0.999877	0.000603	-0.131566	-0.000603	0.999877	0.009660	
2726	0.999600	0.000849	-0.372520	-0.000849	0.999600	0.140217	
2727	0.999913	0.000700	-0.261306	-0.000700	0.999913	-0.057402	
2728	0.999381	0.000794	-0.524805	-0.000794	0.999381	0.154741	
2729	0.999820	0.000646	-0.128810	-0.000646	0.999820	0.086652	
2730	0.999389	0.000711	-0.101651	-0.000711	0.999389	0.139806	
2731	0.999892	0.000951	-0.410090	-0.000951	0.999892	0.132954	
2732	0.999359	0.000617	-0.159854	-0.000617	0.999359	-0.038691	
2733	0.999972	0.000577	-0.489424	-0.000577	0.999972	-0.208948	
2734	0.999401	0.000726	-0.087896	-0.000726	0.999401	0.394613	
2735	0.999958	0.000780	-0.406880	-0.000780	0.999958	0.107268	
2736	0.999424	0.000769	-0.233530	-0.000769	0.999424	0.371300	
2737	1.000030	0.000526	-0.514100	-0.000526	1.000030	-0.327433	
2738	0.999397	0.000831	-0.226753	-0.000831	0.999397	0.639576	
2739	0.999802	0.000812	-0.597318	-0.000812	0.999802	0.037356	
2740	0.999516	0.000630	-0.245576	-0.000630	0.999516	0.272147	
2741	0.999909	0.000774	-0.683089	-0.000774	0.999909	0.208302	
2742	0.999529	0.000669	-0.413355	-0.000669	0.999529	0.615250	
2743	0.999997	0.000754	-0.564499	-0.000754	0.999997	0.315573	
2744	0.999507	0.000694	-0.095100	-0.000694	0.999507	0.246544	
2745	0.999982	0.000647	-0.577147	-0.000647	0.999982	0.025571	
2746	0.999662	0.000700	-0.319290	-0.000700	0.999662	0.223374	
2747	0.999890	0.000845	-0.653416	-0.000845	0.999890	0.169177	
2748	0.999644	0.000843	-0.352935	-0.000843	0.999644	-0.039209	
2749	0.999960	0.000578	-0.179218	-0.000578	0.999960	-0.577811	
2750	0.999604	0.000367	-0.579254	-0.000367	0.999604	0.043142	
2751	1.000067	0.000489	-0.518616	-0.000489	1.000067	-0.019258	
2752	0.999717	0.000695	-0.560597	-0.000695	0.999717	0.355094	
2753	1.000109	0.000445	0.130351	-0.000445	1.000109	-0.460755	
2754	0.999762	0.000152	-0.404305	-0.000152	0.999762	-0.228465	
2755	1.000031	0.000447	-0.728166	-0.000447	1.000031	-0.225717	
2756	0.999650	0.000466	-0.036734	-0.000466	0.999650	0.175203	
2757	1.000009	0.000608	-0.440073	-0.000608	1.000009	0.283693	
2758	0.999540	0.000603	-0.000096	-0.000603	0.999540	-0.140248	
2759	1.000183	0.000482	-0.511937	-0.000482	1.000183	-0.228668	
2760	0.999243	0.000662	-0.101083	-0.000662	0.999243	0.355466	
2761	0.999995	0.000542	-0.397431	-0.000542	0.999995	0.072315	
2762	0.999699	0.000863	-0.227328	-0.000863	0.999699	0.367448	
2763	0.999850	0.000882	-0.470452	-0.000882	0.999850	0.179958	
2764	0.999511	0.000640	-0.299790	-0.000640	0.999511	0.164157	
2765	0.999921	0.000605	-0.365548	-0.000605	0.999921	-0.140284	
2766	0.999557	0.000654	-0.495155	-0.000654	0.999557	0.147965	
2767	0.999867	0.000897	-0.529299	-0.000897	0.999867	0.342685	
2768	0.999396	0.000604	-0.272212	-0.000604	0.999396	0.226347	
2769	0.999760	0.000495	-0.290122	-0.000495	0.999760	0.068206	
2770	0.999412	0.000435	-0.089277	-0.000435	0.999412	0.024398	
2771	0.999724	0.000603	-0.487972	-0.000603	0.999724	0.104076	
2772	0.999333	0.000577	-0.063957	-0.000577	0.999333	0.395655	
2773	0.999400	0.000724	-0.061742	-0.000724	0.999400	0.423641	
2774	0.999337	0.000817	-0.335278	-0.000817	0.999337	0.285730	
2775	0.999583	0.000711	-0.220158	-0.000711	0.999583	0.121417	
2776	0.999328	0.000604	-0.200021	-0.000604	0.999328	0.299713	
2777	0.999716	0.000653	-0.391498	-0.000653	0.999716	-0.057557	
2778	0.999346	0.000702	-0.069478	-0.000702	0.999346	0.439489	
2779	0.999636	0.000438	-0.082996	-0.000438	0.999636	-0.123405	
2780	0.999303	0.000575	0.034528	-0.000575	0.999303	0.636087	
2781	0.999578	0.000574	-0.073487	-0.000574	0.999578	0.116656	
2782	0.999247	0.000632	0.235093	-0.000632	0.999247	0.196798	
2783	0.999573	0.000661	-0.087940	-0.000661	0.999573	0.272797	
2784	0.999323	0.000618	0.173484	-0.000618	0.999323	0.293945	
2785	0.999415	0.000631	0.035403	-0.000631	0.999415	0.142023	
2786	0.999217	0.000836	0.182956	-0.000836	0.999217	0.470054	
2787	0.999623	0.000840	-0.131536	-0.000840	0.999623	-0.185011	
2788	0.999164	0.000634	0.252295	-0.000634	0.999164	0.588957	
2789	0.999383	0.000745	0.129075	-0.000745	0.999383	0.582892	
2790	0.999064	0.000811	0.234940	-0.000811	0.999064	0.771449	
2791	0.999462	0.000855	0.005485	-0.000855	0.999462	0.181800	
2792	0.999293	0.000888	-0.024345	-0.000888	0.999293	0.507301	
2793	0.999415	0.000786	0.164821	-0.000786	0.999415	0.142713	
2794	0.999268	0.000748	-0.071046	-0.000748	0.999268	0.404391	
2795	0.999536	0.000766	-0.134412	-0.000766	0.999536	0.372983	
2796	0.999330	0.000869	0.019849	-0.000869	0.999330	0.593022	
2797	0.999415	0.000805	-0.294623	-0.000805	0.999415	0.374730	
2798	0.999089	0.000763	0.162099	-0.000763	0.999089	0.364800	
2799	0.999574	0.000799	-0.279636	-0.000799	0.999574	0.478071	
2800	0.999057	0.000724	-0.129737	-0.000724	0.999057	0.729622	
2801	0.999333	0.000777	0.273755	-0.000777	0.999333	0.567664	
2802	0.998959	0.000777	0.348841	-0.000777	0.998959	0.609708	
2803	0.999149	0.000900	0.313529	-0.000900	0.999149	0.664168	
2804	0.998995	0.000947	0.082904	-0.000947	0.998995	0.646867	
2805	0.999556	0.000613	-0.108635	-0.000613	0.999556	0.314863	
2806	0.999122	0.000782	0.259475	-0.000782	0.999122	0.675957	
2807	0.999591	0.000744	-0.131795	-0.000744	0.999591	0.377381	
2808	0.999219	0.000460	0.464846	-0.000460	0.999219	0.249205	
2809	0.999667	0.000670	-0.080422	-0.000670	0.999667	0.366297	
2810	0.999168	0.000522	0.542453	-0.000522	0.999168	0.517868	
2811	0.999617	0.000677	-0.189510	-0.000677	0.999617	0.190268	
2812	0.999157	0.000627	0.007079	-0.000627	0.999157	0.503114	
2813	0.999699	0.000766	-0.144472	-0.000766	0.999699	0.457865	
2814	0.999041	0.000264	0.417147	-0.000264	0.999041	0.320880	
2815	0.999668	0.000743	-0.360023	-0.000743	0.999668	0.229366	
2816	0.999065	0.000763	0.070418	-0.000763	0.999065	0.441175	
2817	0.999786	0.000593	-0.061537	-0.000593	0.999786	0.311445	
2818	0.999153	0.000636	0.610223	-0.000636	0.999153	0.528062	
2819	0.999486	0.000675	-0.165743	-0.000675	0.999486	0.543872	
2820	0.999023	0.000666	0.825952	-0.000666	0.999023	0.711542	
2821	0.999432	0.000822	0.172606	-0.000822	0.999432	0.253614	
2822	0.999122	0.000863	-0.389142	-0.000863	0.999122	0.390305	
2823	0.999636	0.000936	-0.221801	-0.000936	0.999636	0.399319	
2824	0.999039	0.000834	-0.017748	-0.000834	0.999039	0.912636	
2825	0.999294	0.000637	-0.105161	-0.000637	0.999294	0.528347	
2826	0.998807	0.000791	0.809519	-0.000791	0.998807	0.893722	
2827	0.999272	0.000912	0.374894	-0.000912	0.999272	0.585254	
2828	0.998887	0.000700	0.477044	-0.000700	0.998887	0.365818	
2829	0.999410	0.000564	0.386417	-0.000564	0.999410	0.491360	
2830	0.998876	0.000598	0.558400	-0.000598	0.998876	0.838946	
2831	0.999352	0.000797	0.149968	-0.000797	0.999352	0.604959	
2832	0.999048	0.000935	0.112792	-0.000935	0.999048	0.760593	
2833	0.999487	0.000590	-0.267443	-0.000590	0.999487	-0.036860	
2834	0.999111	0.000622	-0.188239	-0.000622	0.999111	0.772592	
2835	0.999697	0.000859	-0.000658	-0.000859	0.999697	0.383971	
2836	0.999085	0.000996	0.820941	-0.000996	0.999085	0.742125	
2837	0.999708	0.000683	0.074556	-0.000683	0.999708	0.240075	
2838	0.999093	0.000657	0.111710	-0.000657	0.999093	0.488965	
2839	0.999572	0.000791	0.370174	-0.000791	0.999572	0.395956	
2840	0.999296	0.000506	0.593496	-0.000506	0.999296	0.275516	
2841	0.999614	0.000594	-0.468876	-0.000594	0.999614	0.538204	
2842	0.999124	0.000747	-0.050373	-0.000747	0.999124	0.545966	
2843	0.999758	0.000664	0.258750	-0.000664	0.999758	0.082332	
2844	0.999275	0.000847	0.048228	-0.000847	0.999275	0.288502	
2845	0.999797	0.000745	-0.227604	-0.000745	0.999797	0.348376	
2846	0.999196	0.000882	0.640400	-0.000882	0.999196	0.554120	
2847	0.999783	0.000656	0.570284	-0.000656	0.999783	0.119072	
2848	0.999217	0.000709	1.261902	-0.000709	0.999217	0.408137	
2849	0.999769	0.000412	0.645797	-0.000412	0.999769	-0.065795	
2850	0.999267	0.001009	-0.386747	-0.001009	0.999267	0.611088	
2851	0.999623	0.000834	-0.298097	-0.000834	0.999623	0.283380	
2852	0.999351	0.000744	-0.506347	-0.000744	0.999351	0.144767	
2853	0.999590	0.000716	-0.175128	-0.000716	0.999590	0.334566	
2854	0.999317	0.000635	0.272502	-0.000635	0.999317	0.127764	
2855	0.999711	0.000750	-0.198045	-0.000750	0.999711	0.268539	
2856	0.999193	0.000902	0.374563	-0.000902	0.999193	0.644484	
2857	0.999643	0.000520	0.111254	-0.000520	0.999643	-0.123899	
2858	0.999111	0.000646	0.696144	-0.000646	0.999111	0.511232	
2859	0.999533	0.000713	-0.259450	-0.000713	0.999533	0.373281	
2860	0.999203	0.000661	0.506075	-0.000661	0.999203	0.468886	
2861	0.999606	0.000847	0.398855	-0.000847	0.999606	0.206101	
2862	0.999328	0.000555	0.281802	-0.000555	0.999328	0.361243	
2863	0.999615	0.001026	-0.044797	-0.001026	0.999615	0.443538	
2864	0.999508	0.000758	0.083506	-0.000758	0.999508	0.252691	
2865	0.999465	0.000761	0.277498	-0.000761	0.999465	0.390054	
2866	0.999401	0.000716	0.242082	-0.000716	0.999401	0.614968	
2867	0.999293	0.000738	0.091039	-0.000738	0.999293	0.292651	
2868	0.999533	0.000832	-0.125859	-0.000832	0.999533	0.212594	
2869	0.999477	0.000645	0.171493	-0.000645	0.999477	0.407321	
2870	0.999439	0.000674	0.114632	-0.000674	0.999439	0.312145	
2871	0.999453	0.000675	0.317722	-0.000675	0.999453	0.406236	
2872	0.999653	0.000810	-0.121804	-0.000810	0.999653	0.410637	
2873	0.999447	0.000644	0.197675	-0.000644	0.999447	0.309634	
2874	0.999529	0.000407	0.225055	-0.000407	0.999529	-0.013917	
2875	0.999446	0.000534	0.220451	-0.000534	0.999446	0.350628	
2876	0.999380	0.000672	0.257337	-0.000672	0.999380	0.589373	
2877	0.999467	0.000518	0.169492	-0.000518	0.999467	0.023406	
2878	0.999329	0.000480	0.095010	-0.000480	0.999329	0.383631	
2879	0.999631	0.000491	0.254488	-0.000491	0.999631	0.262109	
2880	0.999374	0.000593	-0.232094	-0.000593	0.999374	0.565018	
2881	0.999539	0.000541	0.169063	-0.000541	0.999539	0.515169	
2882	0.999473	0.000443	0.220890	-0.000443	0.999473	0.418906	
2883	0.999545	0.000796	0.035867	-0.000796	0.999545	0.776563	
2884	0.999351	0.000521	0.312229	-0.000521	0.999351	0.492258	
2885	0.999386	0.000282	0.233671	-0.000282	0.999386	0.102595	
2886	0.999433	0.000490	0.394806	-0.000490	0.999433	0.577086	
2887	0.999518	0.000486	0.475155	-0.000486	0.999518	0.712618	
2888	0.999600	0.000302	0.323914	-0.000302	0.999600	0.463767	
2889	0.999468	0.000791	-0.107120	-0.000791	0.999468	0.840449	
2890	0.999673	0.000631	-0.089234	-0.000631	0.999673	0.543862	
2891	0.999628	0.000784	-0.297786	-0.000784	0.999628	0.814835	
2892	0.999560	0.000797	-0.326547	-0.000797	0.999560	0.869464	
2893	0.999758	0.000789	-0.154739	-0.000789	0.999758	0.050501	
2894	0.999507	0.000536	0.217427	-0.000536	0.999507	0.347413	
2895	0.999895	0.000587	-0.017623	-0.000587	0.999895	0.140240	
2896	0.999476	0.000516	0.201936	-0.000516	0.999476	0.723927	
2897	0.999829	0.001164	-0.434808	-0.001164	0.999829	1.984681	
2898	0.999322	0.000501	0.757153	-0.000501	0.999322	1.505622	
2899	0.999768	0.000711	0.020597	-0.000711	0.999768	0.673875	
2900	0.999379	0.001059	0.393076	-0.001059	0.999379	0.416440	
2901	0.999876	0.000753	-0.265278	-0.000753	0.999876	-0.026071	
2902	0.999623	0.000489	0.152855	-0.000489	0.999623	0.404364	
2903	0.999818	0.000100	-0.103699	-0.000100	0.999818	0.206745	
2904	0.999357	0.000519	0.665451	-0.000519	0.999357	1.102486	
2905	0.999838	0.000492	0.310339	-0.000492	0.999838	0.091723	
2906	0.999553	0.000829	0.124962	-0.000829	0.999553	0.526063	
2907	0.999742	0.000555	0.369831	-0.000555	0.999742	-0.007490	
2908	0.999366	0.000297	0.732655	-0.000297	0.999366	0.485511	
2909	0.999774	0.000302	-0.218648	-0.000302	0.999774	0.042192	
2910	0.999329	0.000298	0.327511	-0.000298	0.999329	0.563304	
2911	0.999779	0.000387	0.146640	-0.000387	0.999779	-0.162185	
2912	0.999191	0.000486	0.693705	-0.000486	0.999191	0.137220	
2913	0.999750	0.000510	-0.012297	-0.000510	0.999750	0.091592	
2914	0.999265	0.000485	0.430770	-0.000485	0.999265	0.378267	
2915	0.999721	0.000379	0.134552	-0.000379	0.999721	0.079732	
2916	0.999321	0.000387	0.564984	-0.000387	0.999321	0.139943	
2917	0.999763	0.000366	0.116465	-0.000366	0.999763	-0.367032	
2918	0.999448	0.000280	0.298513	-0.000280	0.999448	-0.264579	
2919	0.999902	0.000158	-0.060094	-0.000158	0.999902	-0.135823	
2920	0.999221	0.000354	0.212063	-0.000354	0.999221	0.649646	
2921	0.999529	0.000608	0.382640	-0.000608	0.999529	-0.352500	
2922	0.999499	0.000466	0.184972	-0.000466	0.999499	-0.549902	
2923	0.999743	0.000178	0.151584	-0.000178	0.999743	-0.299443	
2924	0.999496	0.000089	0.250953	-0.000089	0.999496	0.109141	
2925	0.999706	0.000310	0.054402	-0.000310	0.999706	-0.049858	
2926	0.999343	0.000266	0.540808	-0.000266	0.999343	-0.009514	
2927	0.999773	0.000177	0.049001	-0.000177	0.999773	-0.647814	
2928	0.999530	0.000217	0.248223	-0.000217	0.999530	-0.217414	
2929	0.999866	0.000526	0.139116	-0.000526	0.999866	-0.218867	
2930	0.999498	0.000075	0.309932	-0.000075	0.999498	-0.352762	
2931	1.000157	0.000311	-0.553146	-0.000311	1.000157	-0.652487	
2932	0.999671	0.000369	0.141670	-0.000369	0.999671	-0.158770	
2933	1.000062	0.000057	-0.051275	-0.000057	1.000062	-0.767813	
2934	0.999632	0.000325	0.108216	-0.000325	0.999632	-0.010666	
2935	0.999909	0.000269	-0.154349	-0.000269	0.999909	-0.365577	
2936	0.999673	0.000315	0.219628	-0.000315	0.999673	-0.022100	
2937	0.999915	0.000308	-0.119982	-0.000308	0.999915	-0.528379	
2938	0.999624	0.000243	0.372798	-0.000243	0.999624	-0.215741	
2939	1.000057	0.000226	-0.169257	-0.000226	1.000057	-0.676493	
2940	0.999567	0.000160	0.376088	-0.000160	0.999567	-0.027123	
2941	0.999787	0.000270	0.333255	-0.000270	0.999787	-0.234769	
2942	0.999611	0.000065	0.399899	-0.000065	0.999611	-0.384890	
2943	1.000056	-0.000001	-0.058140	0.000001	1.000056	-0.740563	
2944	0.999556	0.000227	0.320812	-0.000227	0.999556	-0.167115	
2945	0.999835	0.000202	0.078386	-0.000202	0.999835	-0.526996	
2946	0.999740	0.000217	0.206090	-0.000217	0.999740	-0.541344	
2947	0.999945	-0.000039	-0.204470	0.000039	0.999945	-0.749994	
2948	0.999709	0.000337	0.506358	-0.000337	0.999709	0.144293	
2949	0.999942	0.000115	0.121350	-0.000115	0.999942	-0.699269	
2950	0.999786	0.000245	0.291551	-0.000245	0.999786	-0.772827	
2951	1.000070	-0.000038	-0.160817	0.000038	1.000070	-1.106124	
2952	0.999610	-0.000134	0.319767	0.000134	0.999610	-0.345902	
2953	1.000105	0.000161	-0.053168	-0.000161	1.000105	-0.053161	
2954	0.999495	0.000273	0.383311	-0.000273	0.999495	-0.067734	
2955	1.000408	0.000012	-0.074317	-0.000012	1.000408	-1.233445	
2956	0.999653	0.000190	0.292830	-0.000190	0.999653	-0.221595	
2957	1.000289	0.000125	-0.030011	-0.000125	1.000289	-0.863717	
2958	0.999660	0.000014	0.498447	-0.000014	0.999660	-0.443913	
2959	1.000135	0.000344	0.084242	-0.000344	1.000135	-0.655049	
2960	0.999775	0.000226	0.043049	-0.000226	0.999775	-0.554233	
2961	1.000155	-0.000001	0.354991	0.000001	1.000155	-0.780340	
2962	0.999948	0.000282	-0.085602	-0.000282	0.999948	-0.442659	
2963	0.999944	0.000595	-0.050556	-0.000595	0.999944	-0.021573	
2964	0.999725	0.000412	0.386182	-0.000412	0.999725	-0.228897	
2965	1.000091	0.000503	-0.088135	-0.000503	1.000091	-0.631589	
2966	0.999798	0.000498	0.022285	-0.000498	0.999798	0.089656	
2967	1.000076	0.000353	0.105912	-0.000353	1.000076	-0.285953	
2968	0.999968	0.000620	0.072788	-0.000620	0.999968	-0.154176	
2969	1.000182	0.000359	-0.167422	-0.000359	1.000182	-0.424347	
2970	0.999902	0.000256	0.155570	-0.000256	0.999902	-0.221838	
2971	1.000035	0.000037	-0.035368	-0.000037	1.000035	-0.549925	
2972	0.999910	0.000219	0.127707	-0.000219	0.999910	-0.261581	
2973	1.000212	0.000107	-0.130770	-0.000107	1.000212	-0.509802	
2974	0.999750	0.000338	0.127484	-0.000338	0.999750	-0.260091	
2975	1.000283	0.000100	0.031104	-0.000100	1.000283	-0.738309	
2976	0.999674	0.000422	0.138201	-0.000422	0.999674	0.063078	
2977	1.000137	0.000501	0.059854	-0.000501	1.000137	-0.215287	
2978	0.999663	0.000452	0.124183	-0.000452	0.999663	0.014838	
2979	1.000139	0.000218	-0.004544	-0.000218	1.000139	-0.511098	
2980	0.999617	0.000464	-0.154497	-0.000464	0.999617	-0.329717	
2981	1.000161	0.000553	-0.068201	-0.000553	1.000161	-0.097510	
2982	0.999812	0.000287	0.133221	-0.000287	0.999812	-0.117455	
2983	1.000029	0.000648	-0.180628	-0.000648	1.000029	-0.199313	
2984	0.999758	0.000335	0.207261	-0.000335	0.999758	-0.474831	
2985	1.000250	0.000191	-0.009042	-0.000191	1.000250	-0.500377	
2986	0.999949	0.000221	0.133704	-0.000221	0.999949	-0.498115	
2987	1.000128	0.000431	-0.187940	-0.000431	1.000128	-0.325192	
2988	0.999759	0.000303	0.372185	-0.000303	0.999759	-0.268653	
2989	1.000059	0.000584	-0.322683	-0.000584	1.000059	-0.349496	
2990	0.999976	0.000566	-0.038035	-0.000566	0.999976	0.039705	
2991	1.000075	0.000601	-0.161596	-0.000601	1.000075	-0.136275	
2992	0.999832	0.000658	-0.428080	-0.000658	0.999832	0.240300	
2993	1.000102	0.000648	0.021004	-0.000648	1.000102	0.111444	
2994	0.999856	0.000506	0.098052	-0.000506	0.999856	-0.150974	
2995	1.000134	0.000554	-0.240601	-0.000554	1.000134	0.092436	
2996	0.999921	0.000490	-0.119255	-0.000490	0.999921	0.079304	
2997	1.000261	0.000695	-0.102503	-0.000695	1.000261	-0.235705	
2998	0.999811	0.000402	0.360417	-0.000402	0.999811	-0.412949	
2999	1.000225	0.000558	-0.210849	-0.000558	1.000225	-0.704602	
3000	0.999891	0.000649	-0.116999	-0.000649	0.999891	-0.011108	
3001	1.000331	0.000214	-0.260444	-0.000214	1.000331	-0.368057	
3002	0.999849	0.000395	0.185436	-0.000395	0.999849	0.101365	
3003	1.000154	0.000557	-0.119345	-0.000557	1.000154	-0.004526	
3004	0.999915	0.000673	-0.050913	-0.000673	0.999915	-0.186100	
3005	1.000193	0.000669	-0.213121	-0.000669	1.000193	-0.312851	
3006	0.999966	0.000507	-0.217998	-0.000507	0.999966	0.073238	
3007	1.000252	0.000454	-0.403797	-0.000454	1.000252	-0.173974	
3008	1.000000	0.000799	-0.495043	-0.000799	1.000000	0.114241	
3009	1.000384	0.000745	-0.362644	-0.000745	1.000384	-0.512591	
3010	1.000049	0.000238	0.063626	-0.000238	1.000049	-0.742737	
3011	1.000482	0.000583	-0.632197	-0.000583	1.000482	-0.192362	
3012	1.000027	-0.000005	0.030543	0.000005	1.000027	-0.380878	
3013	1.000356	0.000979	-0.893205	-0.000979	1.000356	0.321870	
3014	0.999742	0.000529	0.283461	-0.000529	0.999742	0.147523	
3015	1.000252	0.000624	-0.199248	-0.000624	1.000252	-0.051982	
3016	0.999782	0.000358	0.002653	-0.000358	0.999782	-0.176346	
3017	1.000283	0.000491	-0.395290	-0.000491	1.000283	-0.187139	
3018	0.999806	0.000489	0.143265	-0.000489	0.999806	-0.098910	
3019	1.000200	0.000878	-0.669630	-0.000878	1.000200	-0.059847	
3020	0.999849	0.000201	-0.129754	-0.000201	0.999849	-0.701592	
3021	1.000407	0.000300	-0.321613	-0.000300	1.000407	-0.836058	
3022	0.999890	0.000289	0.286221	-0.000289	0.999890	0.066892	
3023	1.000413	0.000759	-0.492590	-0.000759	1.000413	-0.063226	
3024	0.999690	0.000686	-0.229010	-0.000686	0.999690	-0.026572	
3025	1.000325	0.001020	-0.557758	-0.001020	1.000325	-0.329791	
3026	0.999909	0.000390	-0.270654	-0.000390	0.999909	-1.176272	
3027	1.000615	0.000525	-1.207348	-0.000525	1.000615	-0.494619	
3028	0.999888	0.000349	-0.174752	-0.000349	0.999888	0.026381	
3029	1.000155	0.000643	-0.096531	-0.000643	1.000155	0.478757	
3030	0.999988	0.000803	-0.105657	-0.000803	0.999988	-0.165759	
3031	1.000246	0.000667	-0.259639	-0.000667	1.000246	-0.326919	
3032	0.999949	0.000399	-0.339707	-0.000399	0.999949	-0.462286	
3033	1.000381	0.000373	-0.464065	-0.000373	1.000381	-0.419990	
3034	0.999996	0.000810	-0.718966	-0.000810	0.999996	0.222400	
3035	1.000316	0.000885	-0.494377	-0.000885	1.000316	-0.226092	
3036	0.999937	0.000654	-0.193105	-0.000654	0.999937	-0.252584	
3037	1.000415	0.000385	-0.111238	-0.000385	1.000415	-0.888597	
3038	1.000279	0.000336	-0.538382	-0.000336	1.000279	-0.429818	
3039	1.000445	0.000382	-0.415291	-0.000382	1.000445	-0.605251	
3040	1.000031	0.000528	-0.430489	-0.000528	1.000031	-0.141278	
3041	1.000519	0.000573	-0.691516	-0.000573	1.000519	-0.821058	
3042	1.000139	0.000728	-0.500785	-0.000728	1.000139	-0.057186	
3043	1.000499	0.000370	-0.498839	-0.000370	1.000499	-0.247564	
3044	1.000154	0.000728	-0.338808	-0.000728	1.000154	0.862841	
3045	1.000402	0.000624	-0.298869	-0.000624	1.000402	-0.017624	
3046	0.999987	0.000626	-0.320741	-0.000626	0.999987	-0.120032	
3047	1.000601	-0.000131	-0.196562	0.000131	1.000601	-0.991491	
3048	1.000095	0.000429	-0.060607	-0.000429	1.000095	0.052953	
3049	1.000560	0.000422	-0.508052	-0.000422	1.000560	-0.394857	
3050	0.999998	0.000970	-0.452077	-0.000970	0.999998	0.341075	
3051	1.000397	0.000703	-0.639916	-0.000703	1.000397	-0.379559	
3052	1.000047	0.000878	-0.436396	-0.000878	1.000047	0.125974	
3053	1.000537	0.000506	-0.473361	-0.000506	1.000537	-0.214106	
3054	0.999954	0.000781	-0.289564	-0.000781	0.999954	0.836142	
3055	1.000345	0.000942	-0.462794	-0.000942	1.000345	0.574795	
3056	1.000023	0.000671	-0.291756	-0.000671	1.000023	0.491848	
3057	1.000453	0.000666	-0.449959	-0.000666	1.000453	0.202921	
3058	0.999921	0.000634	0.018218	-0.000634	0.999921	0.140796	
3059	1.000261	0.000778	-0.507989	-0.000778	1.000261	0.184724	
3060	0.999695	0.001065	-0.383704	-0.001065	0.999695	0.765085	
3061	1.000409	0.000486	-0.731695	-0.000486	1.000409	-0.090836	
3062	0.999968	0.000855	-0.584986	-0.000855	0.999968	0.526397	
3063	1.000270	0.000852	-0.561378	-0.000852	1.000270	0.260385	
3064	1.000004	0.000628	-0.294850	-0.000628	1.000004	0.445614	
3065	1.000309	0.000508	-0.334278	-0.000508	1.000309	0.204540	
3066	0.999946	0.000555	-0.169037	-0.000555	0.999946	0.536949	
3067	1.000424	0.000634	-0.337325	-0.000634	1.000424	0.315973	
3068	0.999988	0.000599	-0.377391	-0.000599	0.999988	0.612969	
3069	1.000308	0.001062	-0.204853	-0.001062	1.000308	0.578696	
3070	1.000069	0.000417	-0.124364	-0.000417	1.000069	0.112476	
3071	1.000231	0.000885	-0.648441	-0.000885	1.000231	0.337622	
3072	1.000100	0.000673	-0.454359	-0.000673	1.000100	0.548666	
3073	1.000670	0.000584	-0.607259	-0.000584	1.000670	0.693159	
3074	0.999972	0.000840	-0.145526	-0.000840	0.999972	0.814960	
3075	1.000430	0.000865	-0.591725	-0.000865	1.000430	0.292330	
3076	1.000034	0.000748	-0.426358	-0.000748	1.000034	0.055371	
3077	1.000487	0.000686	-0.873529	-0.000686	1.000487	0.333244	
3078	1.000069	0.000918	-0.229336	-0.000918	1.000069	0.799819	
3079	1.000263	0.000769	-0.421937	-0.000769	1.000263	0.776512	
3080	0.999989	0.000948	-0.272014	-0.000948	0.999989	0.529595	
3081	1.000184	0.001002	-0.449711	-0.001002	1.000184	0.270500	
3082	0.999930	0.000869	-0.375965	-0.000869	0.999930	0.186527	
3083	1.000198	0.000682	-0.412107	-0.000682	1.000198	0.019976	
3084	0.999880	0.000769	0.034859	-0.000769	0.999880	0.685694	
3085	1.000203	0.000701	-0.128529	-0.000701	1.000203	0.163190	
3086	0.999625	0.000879	0.202411	-0.000879	0.999625	0.905684	
3087	1.000398	0.000585	-0.369420	-0.000585	1.000398	-0.153610	
3088	0.999738	0.000912	-0.260424	-0.000912	0.999738	0.651917	
3089	1.000343	0.000328	-0.132218	-0.000328	1.000343	-0.197935	
3090	0.999436	0.000873	0.614971	-0.000873	0.999436	0.738553	
3091	1.000205	0.000839	-0.321105	-0.000839	1.000205	-0.064119	
3092	0.999779	0.000514	0.247921	-0.000514	0.999779	-0.027721	
3093	1.000460	0.000226	-0.706951	-0.000226	1.000460	-0.329639	
3094	0.999745	0.000819	0.048514	-0.000819	0.999745	0.909842	
3095	1.000291	0.000490	-0.346982	-0.000490	1.000291	-0.491810	
3096	0.999674	0.000767	-0.005985	-0.000767	0.999674	-0.053805	
3097	1.000103	0.000734	-0.310073	-0.000734	1.000103	-0.104320	
3098	0.999660	0.000578	0.158963	-0.000578	0.999660	0.282356	
3099	1.000150	0.000528	-0.238593	-0.000528	1.000150	0.068890	
3100	0.999765	0.000982	-0.108933	-0.000982	0.999765	0.533422	
3101	1.000430	0.000688	-0.536607	-0.000688	1.000430	-0.444244	
3102	0.999741	0.000512	0.155258	-0.000512	0.999741	0.121389	
3103	1.000398	0.000447	-0.661534	-0.000447	1.000398	-0.349806	
3104	0.999628	0.001199	-0.403085	-0.001199	0.999628	0.684704	
3105	1.000403	0.000659	-0.568397	-0.000659	1.000403	-0.395547	
3106	0.999923	0.000360	0.065452	-0.000360	0.999923	-0.415951	
3107	1.000161	0.000549	-0.364743	-0.000549	1.000161	-0.216562	
3108	0.999865	0.000423	-0.156837	-0.000423	0.999865	-0.256549	
3109	1.000300	0.000344	-0.387073	-0.000344	1.000300	-0.258251	
3110	0.999836	0.000672	-0.266049	-0.000672	0.999836	-0.102102	
3111	1.000165	0.000344	-0.421829	-0.000344	1.000165	-0.338245	
3112	0.999639	0.000791	-0.076266	-0.000791	0.999639	0.157168	
3113	1.000162	0.000269	-0.534944	-0.000269	1.000162	-0.404785	
3114	0.999817	0.000439	-0.016410	-0.000439	0.999817	-0.143128	
3115	1.000035	0.000536	-0.414390	-0.000536	1.000035	-0.200625	
3116	0.999907	0.000360	-0.153342	-0.000360	0.999907	-0.334130	
3117	0.999908	0.000560	-0.241348	-0.000560	0.999908	-0.231765	
3118	0.999544	0.000353	0.232413	-0.000353	0.999544	0.029379	
3119	1.000012	0.000130	-0.230996	-0.000130	1.000012	-0.330725	
3120	0.999675	0.000690	-0.062624	-0.000690	0.999675	-0.113701	
3121	1.000099	0.000436	-0.418921	-0.000436	1.000099	-0.481842	
3122	0.999822	-0.000109	0.321707	0.000109	0.999822	-0.731472	
3123	1.000263	0.000116	-0.393934	-0.000116	1.000263	-0.676702	
3124	0.999735	0.000415	-0.333146	-0.000415	0.999735	0.007313	
3125	1.000165	0.000050	-0.127324	-0.000050	1.000165	-1.115815	
3126	0.999786	0.000368	-0.366586	-0.000368	0.999786	-0.370955	
3127	1.000243	0.000007	-0.296233	-0.000007	1.000243	-1.154882	
3128	0.999554	0.000425	0.455099	-0.000425	0.999554	0.396624	
3129	1.000020	0.000316	-0.317959	-0.000316	1.000020	-0.640410	
3130	0.999801	0.000449	-0.515987	-0.000449	0.999801	-0.349679	
3131	1.000020	0.000097	0.015608	-0.000097	1.000020	-0.472856	
3132	0.999631	0.000566	-0.441194	-0.000566	0.999631	-0.436379	
3133	1.000138	0.000122	-0.259990	-0.000122	1.000138	-0.575410	
3134	0.999710	0.000428	-0.314883	-0.000428	0.999710	-0.871792	
3135	1.000115	0.000232	-0.073530	-0.000232	1.000115	-0.915969	
3136	0.999791	-0.000014	-0.674133	0.000014	0.999791	-0.684042	
3137	0.999903	0.000179	-0.159509	-0.000179	0.999903	-0.208118	
3138	0.999613	0.000132	0.091778	-0.000132	0.999613	-0.281199	
3139	0.999947	0.000164	-0.290611	-0.000164	0.999947	-0.495614	
3140	0.999750	0.000290	-0.105912	-0.000290	0.999750	-0.540011	
3141	1.000089	0.000225	-0.230138	-0.000225	1.000089	-0.811003	
3142	0.999134	0.000070	0.073306	-0.000070	0.999134	-0.334902	
3143	1.000126	-0.000058	-0.181730	0.000058	1.000126	-0.948459	
3144	0.999780	-0.000010	-0.110065	0.000010	0.999780	-0.555891	
3145	1.000050	-0.000251	-0.131813	0.000251	1.000050	-0.846147	
3146	0.999664	0.000287	-0.204704	-0.000287	0.999664	-0.231159	
3147	0.999912	0.000457	-0.517825	-0.000457	0.999912	-0.139710	
3148	0.999672	0.000303	0.086173	-0.000303	0.999672	-0.176405	
3149	0.999912	0.000390	-0.179709	-0.000390	0.999912	-0.700952	
3150	0.999596	0.000534	-0.439060	-0.000534	0.999596	-0.011479	
3151	0.999944	0.000422	-0.155124	-0.000422	0.999944	-0.472076	
3152	0.999736	0.000200	-0.160774	-0.000200	0.999736	-0.611725	
3153	0.999814	0.000144	-0.295776	-0.000144	0.999814	-0.305925	
3154	1.000039	0.000531	-0.094440	-0.000531	1.000039	-0.275757	
3155	0.999936	0.000320	-0.155886	-0.000320	0.999936	-0.230297	
3156	1.000310	-0.000024	-0.147873	0.000024	1.000310	-1.058743	
3157	1.000014	0.000191	-0.330952	-0.000191	1.000014	-0.608300	
3158	1.000144	0.000279	-0.578863	-0.000279	1.000144	-0.149951	
3159	1.000227	0.000591	-0.541482	-0.000591	1.000227	-0.546952	
3160	1.000001	-0.000347	-0.046076	0.000347	1.000001	-0.952885	
3161	0.999918	0.000181	-0.417569	-0.000181	0.999918	-0.377786	
3162	1.000033	-0.000094	0.019714	0.000094	1.000033	-0.802751	
3163	0.999968	0.000125	-0.474001	-0.000125	0.999968	-0.124631	
3164	0.999842	0.000095	-0.262378	-0.000095	0.999842	-0.009325	
3165	0.999912	0.000162	-0.035755	-0.000162	0.999912	-0.510411	
3166	0.999807	0.000225	-0.210178	-0.000225	0.999807	-0.644596	
3167	0.999857	-0.000079	-0.084291	0.000079	0.999857	-0.522001	
3168	0.999750	0.000187	-0.156778	-0.000187	0.999750	-0.373353	
3169	0.999855	-0.000004	-0.117175	0.000004	0.999855	-0.534626	
3170	0.999783	-0.000132	-0.128868	0.000132	0.999783	-0.658911	
3171	0.999714	0.000448	-0.478950	-0.000448	0.999714	-0.094565	
3172	0.999778	-0.000033	-0.221335	0.000033	0.999778	-0.626101	
3173	0.999839	0.000346	-0.344181	-0.000346	0.999839	-0.376533	
3174	0.999888	0.000135	-0.680069	-0.000135	0.999888	-0.845512	
3175	0.999995	0.000106	-0.399548	-0.000106	0.999995	-0.468248	
3176	0.999700	0.000192	-0.108811	-0.000192	0.999700	-0.472601	
3177	1.000135	0.000463	-0.736281	-0.000463	1.000135	-0.323289	
3178	1.000015	0.000257	-0.335805	-0.000257	1.000015	-0.504459	
3179	0.999892	0.000393	-0.434256	-0.000393	0.999892	0.104372	
3180	1.000022	0.000017	-0.519076	-0.000017	1.000022	-0.625246	
3181	1.000217	-0.000000	-0.432530	0.000000	1.000217	-0.777740	
3182	0.999857	0.000200	-0.351343	-0.000200	0.999857	-0.188760	
3183	1.000031	0.000108	-0.442974	-0.000108	1.000031	-0.559420	
3184	0.999922	0.000414	-0.497714	-0.000414	0.999922	-0.447916	
3185	1.000118	0.000165	-0.544294	-0.000165	1.000118	-0.668883	
3186	1.000066	0.000403	-0.551149	-0.000403	1.000066	-0.229675	
3187	1.000072	0.000482	-0.841595	-0.000482	1.000072	-0.463190	
3188	1.000018	0.000545	-0.418535	-0.000545	1.000018	-0.360213	
3189	1.000040	0.000671	-0.773237	-0.000671	1.000040	-0.293358	
3190	1.000218	0.000606	-0.748104	-0.000606	1.000218	-0.198290	
3191	0.999970	0.000490	-0.582541	-0.000490	0.999970	-0.278857	
3192	0.999902	0.000427	-0.770036	-0.000427	0.999902	0.004899	
3193	0.999857	0.000469	-0.349549	-0.000469	0.999857	-0.450326	
3194	0.999695	0.000167	-0.247436	-0.000167	0.999695	-0.334201	
3195	0.999717	0.000290	-0.214557	-0.000290	0.999717	-0.373437	
3196	0.999648	0.000497	-0.162340	-0.000497	0.999648	-0.132965	
3197	0.999730	0.000104	0.017191	-0.000104	0.999730	-0.553075	
3198	0.999667	0.000177	-0.226076	-0.000177	0.999667	0.163038	
3199	0.999524	0.000692	-0.032852	-0.000692	0.999524	0.155496	
3200	0.999564	0.000454	-0.067446	-0.000454	0.999564	-0.128082	
3201	0.999631	0.000491	-0.219623	-0.000491	0.999631	-0.259700	
3202	0.999774	0.000760	-0.588790	-0.000760	0.999774	0.081141	
3203	0.999711	0.000563	-0.525941	-0.000563	0.999711	-0.166893	
3204	0.999740	0.000671	-0.420146	-0.000671	0.999740	-0.130003	
3205	0.999974	0.000514	-0.586805	-0.000514	0.999974	-0.074777	
3206	1.000038	0.000513	-0.613710	-0.000513	1.000038	-0.268596	
3207	1.000111	0.000387	-0.763187	-0.000387	1.000111	-0.344132	
3208	1.000005	0.000233	-0.465450	-0.000233	1.000005	-0.194603	
3209	0.999943	0.000439	-0.516384	-0.000439	0.999943	0.035317	
3210	0.999785	0.000296	-0.278205	-0.000296	0.999785	-0.253393	
3211	0.999983	0.000524	-0.538150	-0.000524	0.999983	-0.323518	
3212	1.000215	0.000171	-0.653587	-0.000171	1.000215	-0.398934	
3213	1.000239	0.000227	-0.536415	-0.000227	1.000239	-0.396856	
3214	0.999819	0.000484	-0.775062	-0.000484	0.999819	-0.283534	
3215	1.000301	0.000224	-0.591561	-0.000224	1.000301	-0.268631	
3216	1.000352	0.000371	-0.747273	-0.000371	1.000352	-0.543464	
3217	1.000385	0.000287	-0.740763	-0.000287	1.000385	-0.480428	
3218	1.000450	0.000423	-0.705508	-0.000423	1.000450	-0.332469	
3219	1.000471	-0.000059	-0.669096	0.000059	1.000471	-0.763690	
3220	1.000313	-0.000084	-0.512895	0.000084	1.000313	-0.768787	
3221	1.000004	0.000214	-0.340140	-0.000214	1.000004	-0.384047	
3222	0.999924	0.000227	-0.290232	-0.000227	0.999924	-0.096233	
3223	0.999866	0.000303	-0.270230	-0.000303	0.999866	-0.415254	
3224	0.999854	0.000292	-0.302481	-0.000292	0.999854	-0.123563	
3225	0.999716	0.000236	-0.244547	-0.000236	0.999716	-0.426212	
3226	0.999932	0.000323	-0.365597	-0.000323	0.999932	-0.000462	
3227	0.999788	0.000242	-0.477855	-0.000242	0.999788	-0.502420	
3228	0.999924	0.000223	-0.544955	-0.000223	0.999924	-0.385791	
3229	0.999789	0.000497	-0.521916	-0.000497	0.999789	-0.083682	
3230	0.999802	0.000283	0.160663	-0.000283	0.999802	-0.475515	
3231	0.999863	0.000457	-0.374417	-0.000457	0.999863	-0.550534	
3232	0.999781	0.000483	-0.395729	-0.000483	0.999781	-0.183305	
3233	0.999842	0.000231	-0.268366	-0.000231	0.999842	-0.394999	
3234	0.999899	0.000358	-0.588733	-0.000358	0.999899	-0.155767	
3235	0.999967	0.000183	-0.257185	-0.000183	0.999967	-0.304907	
3236	0.999883	0.000141	-0.260881	-0.000141	0.999883	-0.491674	
3237	1.000122	0.000084	-0.356520	-0.000084	1.000122	-0.275260	
3238	0.999790	0.000219	-0.339023	-0.000219	0.999790	-0.323661	
3239	0.999875	0.000258	-0.128378	-0.000258	0.999875	-0.209617	
3240	0.999918	0.000175	-0.256883	-0.000175	0.999918	-0.382648	
3241	1.000021	0.000195	-0.273344	-0.000195	1.000021	-0.594402	
3242	0.999997	0.000149	-0.127049	-0.000149	0.999997	-0.400964	
3243	1.000162	0.000204	-0.411194	-0.000204	1.000162	-0.299941	
3244	0.999954	0.000352	-0.336383	-0.000352	0.999954	0.015510	
3245	1.000183	0.000296	-0.322612	-0.000296	1.000183	-0.373270	
3246	0.999919	0.000259	-0.099417	-0.000259	0.999919	-0.421942	
3247	1.000231	0.000109	-0.322888	-0.000109	1.000231	-0.465114	
3248	1.000026	0.000070	-0.665468	-0.000070	1.000026	0.047621	
3249	1.000262	-0.000098	-0.215983	0.000098	1.000262	-0.200961	
3250	0.999909	0.000462	-0.386064	-0.000462	0.999909	-0.041293	
3251	1.000301	0.000089	-0.404860	-0.000089	1.000301	-0.638331	
3252	1.000071	0.000145	-0.423015	-0.000145	1.000071	-0.250234	
3253	1.000239	-0.000121	-0.394247	0.000121	1.000239	-0.223686	
3254	0.999714	0.000186	0.089993	-0.000186	0.999714	-0.285557	
3255	1.000307	0.000266	-0.490024	-0.000266	1.000307	-0.382187	
3256	0.999886	0.000200	-0.117902	-0.000200	0.999886	-0.370343	
3257	1.000207	0.000291	-0.419507	-0.000291	1.000207	-0.371706	
3258	0.999824	0.000515	-0.410755	-0.000515	0.999824	0.180281	
3259	1.000371	0.000501	-0.842503	-0.000501	1.000371	-0.264450	
3260	0.999691	0.000023	-0.050141	-0.000023	0.999691	0.203288	
3261	1.000087	0.000414	-0.350525	-0.000414	1.000087	0.139209	
3262	0.999693	0.000406	-0.221802	-0.000406	0.999693	0.050111	
3263	1.000059	0.000244	-0.136804	-0.000244	1.000059	-0.404096	
3264	0.999698	0.000276	-0.339974	-0.000276	0.999698	-0.020107	
3265	1.000047	0.000065	-0.231197	-0.000065	1.000047	0.083417	
3266	0.999681	0.000231	-0.334862	-0.000231	0.999681	0.126051	
3267	0.999900	0.000229	0.003004	-0.000229	0.999900	-0.112931	
3268	0.999586	0.000281	0.097912	-0.000281	0.999586	-0.123116	
3269	0.999846	0.000046	-0.037858	-0.000046	0.999846	-0.314470	
3270	0.999447	0.000166	0.316255	-0.000166	0.999447	0.156938	
3271	0.999892	0.000235	-0.120843	-0.000235	0.999892	-0.352826	
3272	0.999569	0.000332	0.079275	-0.000332	0.999569	0.184809	
3273	0.999860	0.000305	0.012311	-0.000305	0.999860	-0.384484	
3274	0.999670	0.000147	0.115665	-0.000147	0.999670	-0.436794	
3275	0.999977	0.000149	-0.199709	-0.000149	0.999977	-0.196079	
3276	0.999546	-0.000013	0.162429	0.000013	0.999546	0.172859	
3277	0.999801	0.000274	0.215379	-0.000274	0.999801	-0.169677	
3278	0.999468	0.000231	0.319602	-0.000231	0.999468	-0.279436	
3279	0.999897	0.000109	0.062074	-0.000109	0.999897	-0.604755	
3280	0.999514	0.000173	0.134233	-0.000173	0.999514	-0.190812	
3281	0.999872	0.000227	-0.051140	-0.000227	0.999872	-0.180914	
3282	0.999533	0.000065	0.092603	-0.000065	0.999533	-0.066757	
3283	0.999963	0.000255	-0.070743	-0.000255	0.999963	-0.449732	
3284	0.999562	0.000341	0.037627	-0.000341	0.999562	-0.082382	
3285	0.999934	0.000381	-0.056580	-0.000381	0.999934	-0.567985	
3286	0.999566	0.000303	0.224129	-0.000303	0.999566	-0.137276	
3287	1.000013	0.000294	-0.608300	-0.000294	1.000013	-0.495068	
3288	0.999649	0.000389	0.165602	-0.000389	0.999649	-0.430223	
3289	1.000081	0.000174	-0.330668	-0.000174	1.000081	-0.025132	
3290	0.999679	0.000592	-0.507923	-0.000592	0.999679	0.548724	
3291	1.000166	0.000210	-0.350938	-0.000210	1.000166	0.117384	
3292	0.999876	0.000279	-0.392689	-0.000279	0.999876	0.571873	
3293	1.000042	0.000156	-0.947112	-0.000156	1.000042	0.006733	
3294	0.999656	0.000310	-0.747476	-0.000310	0.999656	0.292394	
3295	1.000126	0.000147	-1.036561	-0.000147	1.000126	0.308033	
3296	0.999556	0.000144	-0.263236	-0.000144	0.999556	0.793533	
3297	0.999998	-0.000106	-0.250256	0.000106	0.999998	-0.114248	
3298	0.999582	0.000418	-0.086838	-0.000418	0.999582	-0.072385	
3299	0.999912	0.000365	0.133173	-0.000365	0.999912	-0.765301	
3300	0.999619	0.000279	0.531257	-0.000279	0.999619	-0.634393	
3301	0.999934	0.000071	0.178168	-0.000071	0.999934	0.005123	
3302	0.999558	0.000126	0.046825	-0.000126	0.999558	0.520720	
3303	1.000010	0.000390	-0.154223	-0.000390	1.000010	0.549031	
3304	0.999635	-0.000070	0.463186	0.000070	0.999635	1.493856	
3305	0.999964	-0.000584	-0.297354	0.000584	0.999964	1.488759	
3306	0.999428	-0.000309	0.012968	0.000309	0.999428	2.504407	
3307	0.999865	0.000021	-1.425554	-0.000021	0.999865	2.036691	
3308	0.999454	0.000435	-1.845698	-0.000435	0.999454	1.345491	
3309	0.999673	0.000216	-1.850146	-0.000216	0.999673	-0.333960	
3310	0.999634	0.000494	-0.842805	-0.000494	0.999634	0.745455	
3311	0.999892	0.001075	0.476465	-0.001075	0.999892	2.080570	
3312	0.999665	0.000916	2.697499	-0.000916	0.999665	1.463618	
3313	1.000239	0.000103	3.966138	-0.000103	1.000239	1.084178	
3314	0.999550	0.000749	2.309076	-0.000749	0.999550	1.364508	
