0	1.000000	0.000000	0.000000	0.000000	1.000000	0.000000	
1	1.003976	0.001540	-7.862786	-0.001540	1.003976	-0.844394	
2	1.003414	0.001396	-7.972813	-0.001396	1.003414	-0.534541	
3	1.003708	0.001365	-7.704967	-0.001365	1.003708	-0.645285	
4	1.000024	0.000788	-13.283833	-0.000788	1.000024	-0.238330	
5	1.003448	0.001697	-7.585402	-0.001697	1.003448	-0.363427	
6	1.003943	0.001525	-7.929469	-0.001525	1.003943	-0.773432	
7	1.000594	-0.000355	-6.368209	0.000355	1.000594	-0.899511	
8	0.999947	0.000428	-6.604019	-0.000428	0.999947	-0.380617	
9	1.000135	0.000962	-14.255817	-0.000962	1.000135	-1.005154	
10	1.000068	0.000374	-7.266575	-0.000374	1.000068	-0.744503	
11	1.000018	0.000359	-7.180160	-0.000359	1.000018	-0.895446	
12	1.004728	0.001248	-8.657663	-0.001248	1.004728	-1.492549	
13	1.002106	0.001303	-7.973572	-0.001303	1.002106	-0.529544	
14	1.000033	0.000954	-15.409906	-0.000954	1.000033	-1.206597	
15	1.002309	0.001269	-8.295046	-0.001269	1.002309	-0.998211	
16	1.000067	0.000497	-7.548507	-0.000497	1.000067	-0.889094	
17	1.005361	0.000851	-9.076341	-0.000851	1.005361	-2.085132	
18	1.000814	0.000832	-8.054392	-0.000832	1.000814	-0.426635	
19	1.000317	0.000923	-16.296381	-0.000923	1.000317	-0.520671	
20	0.999947	0.000516	-7.832792	-0.000516	0.999947	0.067221	
21	1.000784	0.000004	-7.921864	-0.000004	1.000784	-0.483541	
22	0.999516	0.000355	-7.321230	-0.000355	0.999516	0.205682	
23	0.999848	0.000465	-7.931157	-0.000465	0.999848	0.253721	
24	1.000210	0.000855	-16.658197	-0.000855	1.000210	0.543739	
25	1.005860	0.001660	-9.755141	-0.001660	1.005860	-0.768069	
26	0.999852	0.000504	-7.582328	-0.000504	0.999852	0.659842	
27	0.999504	0.000330	-6.711169	-0.000330	0.999504	0.501554	
28	1.004412	0.001308	-8.400740	-0.001308	1.004412	-0.893146	
29	0.999961	0.000640	-13.189850	-0.000640	0.999961	-0.174969	
30	1.001756	0.000885	-6.841088	-0.000885	1.001756	-0.175055	
31	1.000504	0.000072	-6.232966	-0.000072	1.000504	0.126141	
32	0.999323	0.000266	-6.161272	-0.000266	0.999323	0.860527	
33	1.004554	0.001422	-8.528711	-0.001422	1.004554	-0.678509	
34	0.999470	0.001057	-14.674112	-0.001057	0.999470	0.379008	
35	0.999682	0.000413	-6.921046	-0.000413	0.999682	0.091785	
36	1.000282	-0.000073	-6.740289	0.000073	1.000282	-0.224387	
37	0.999778	0.000434	-6.543714	-0.000434	0.999778	0.450123	
38	1.003840	0.001137	-7.748705	-0.001137	1.003840	-0.543000	
39	0.999141	0.000512	-12.392290	-0.000512	0.999141	1.020066	
40	1.000003	0.000315	-5.846772	-0.000315	1.000003	-0.123045	
41	1.003326	0.000569	-6.549112	-0.000569	1.003326	-1.181070	
42	1.001786	0.000616	-6.283938	-0.000616	1.001786	-0.484337	
43	1.001583	0.000630	-6.130246	-0.000630	1.001583	-0.200144	
44	1.000063	0.000730	-11.875280	-0.000730	1.000063	0.516664	
45	1.001846	0.000815	-6.226225	-0.000815	1.001846	-0.148022	
46	1.001663	0.000592	-6.249385	-0.000592	1.001663	-0.427982	
47	1.001813	0.000589	-6.370762	-0.000589	1.001813	-0.602502	
48	1.001840	0.000919	-6.780326	-0.000919	1.001840	-0.341976	
49	0.999947	0.000575	-12.923328	-0.000575	0.999947	0.045288	
50	1.001882	0.001162	-7.264351	-0.001162	1.001882	0.067844	
51	1.002384	0.001464	-7.764288	-0.001464	1.002384	0.136144	
52	1.002401	0.000920	-7.552654	-0.000920	1.002401	-0.275459	
53	1.004414	0.000992	-8.322342	-0.000992	1.004414	-1.128543	
54	1.000185	0.000863	-14.773026	-0.000863	1.000185	0.197064	
55	1.002601	0.000880	-8.033769	-0.000880	1.002601	-0.539274	
56	1.000260	0.000520	-7.582930	-0.000520	1.000260	0.075802	
57	1.000187	0.000598	-7.760982	-0.000598	1.000187	0.127252	
58	1.000035	0.000473	-7.944439	-0.000473	1.000035	0.253888	
59	1.000604	0.001158	-17.405493	-0.001158	1.000604	0.440003	
60	1.000264	0.000641	-8.783830	-0.000641	1.000264	0.275453	
61	1.000518	0.000497	-8.801678	-0.000497	1.000518	0.030336	
62	1.002705	0.001142	-9.620425	-0.001142	1.002705	-0.509304	
63	1.000275	0.000588	-8.904507	-0.000588	1.000275	0.025757	
64	1.000198	0.001151	-17.727254	-0.001151	1.000198	-0.250269	
65	0.999935	0.000405	-8.479906	-0.000405	0.999935	-0.350790	
66	1.005985	0.000433	-10.019057	-0.000433	1.005985	-2.499476	
67	1.000451	0.000596	-8.771282	-0.000596	1.000451	-0.435967	
68	1.000085	0.000315	-8.197143	-0.000315	1.000085	-0.377588	
69	1.000268	0.000977	-17.098647	-0.000977	1.000268	-0.454074	
70	1.005720	0.000881	-9.323728	-0.000881	1.005720	-2.082393	
71	1.000413	0.000436	-7.989959	-0.000436	1.000413	-0.442668	
72	1.000700	0.000222	-7.918274	-0.000222	1.000700	-0.636395	
73	1.001146	-0.000051	-7.688618	0.000051	1.001146	-0.982915	
74	1.000533	0.000894	-15.504650	-0.000894	1.000533	-0.406388	
75	1.004825	0.000765	-8.389346	-0.000765	1.004825	-1.392604	
76	1.001083	0.000466	-7.434868	-0.000466	1.001083	-0.207773	
77	1.000347	0.000141	-6.718288	-0.000141	1.000347	-0.058727	
78	1.003136	0.000964	-7.853857	-0.000964	1.003136	-0.435573	
79	1.000850	0.000708	-13.239955	-0.000708	1.000850	0.503201	
80	1.003693	0.001232	-7.577738	-0.001232	1.003693	-0.442909	
81	1.001903	0.000731	-6.355329	-0.000731	1.001903	-0.142034	
82	1.002181	0.000900	-6.285269	-0.000900	1.002181	-0.108198	
83	1.002842	0.000989	-6.409389	-0.000989	1.002842	-0.362151	
84	1.000754	0.000758	-11.580511	-0.000758	1.000754	0.387839	
85	1.002235	0.000844	-6.038309	-0.000844	1.002235	-0.130094	
86	1.002086	0.000829	-5.935630	-0.000829	1.002086	-0.005932	
87	1.002135	0.000997	-5.832455	-0.000997	1.002135	0.071629	
88	1.002028	0.000906	-5.854682	-0.000906	1.002028	0.095454	
89	1.000548	0.000623	-10.869581	-0.000623	1.000548	0.545388	
90	1.001887	0.000731	-5.609492	-0.000731	1.001887	-0.001556	
91	1.002480	0.000757	-6.030831	-0.000757	1.002480	0.009607	
92	1.001461	0.001395	-5.594265	-0.001395	1.001461	0.434057	
93	1.001931	0.000771	-5.798097	-0.000771	1.001931	-0.140048	
94	1.000265	0.000669	-10.786604	-0.000669	1.000265	0.358675	
95	1.001739	0.000859	-5.387461	-0.000859	1.001739	-0.120297	
96	1.002622	0.000835	-5.959584	-0.000835	1.002622	-0.535854	
97	1.002058	0.000848	-5.804111	-0.000848	1.002058	-0.252027	
98	1.002284	0.000899	-5.985964	-0.000899	1.002284	-0.356763	
99	1.000278	0.000715	-10.522710	-0.000715	1.000278	0.139930	
100	1.002083	0.000810	-5.724779	-0.000810	1.002083	-0.431554	
101	1.001985	0.000685	-5.524568	-0.000685	1.001985	-0.666643	
102	1.001951	0.000618	-5.163346	-0.000618	1.001951	-0.821703	
103	1.002412	0.000591	-5.540535	-0.000591	1.002412	-0.988851	
104	1.000148	0.000516	-8.979855	-0.000516	1.000148	-0.833717	
105	1.001771	0.000453	-4.751682	-0.000453	1.001771	-0.773213	
106	1.001738	0.000586	-4.623564	-0.000586	1.001738	-0.526856	
107	1.001787	0.000449	-4.692826	-0.000449	1.001787	-0.472928	
108	1.001745	0.000533	-4.651447	-0.000533	1.001745	-0.372194	
109	1.004041	0.001716	-10.225113	-0.001716	1.004041	-0.292589	
110	1.001736	0.000741	-4.933041	-0.000741	1.001736	-0.008419	
111	1.001672	0.000732	-4.822652	-0.000732	1.001672	0.040022	
112	1.001747	0.000740	-4.949957	-0.000740	1.001747	-0.062399	
113	1.001736	0.000668	-5.037530	-0.000668	1.001736	-0.175968	
114	1.000737	0.000707	-9.202716	-0.000707	1.000737	-0.096462	
115	1.001602	0.000838	-5.003121	-0.000838	1.001602	-0.058433	
116	1.001849	0.000640	-5.242258	-0.000640	1.001849	-0.303412	
117	1.001518	0.000641	-4.944535	-0.000641	1.001518	-0.147045	
118	1.001492	0.000588	-4.848164	-0.000588	1.001492	-0.125860	
119	1.003637	0.002237	-11.061483	-0.002237	1.003637	0.367732	
120	1.001482	0.000592	-4.907473	-0.000592	1.001482	-0.119914	
121	1.001456	0.000584	-4.988145	-0.000584	1.001456	-0.164635	
122	1.001532	0.000597	-5.066823	-0.000597	1.001532	-0.217962	
123	1.001481	0.000685	-5.179687	-0.000685	1.001481	-0.075738	
124	0.999932	0.000546	-9.498593	-0.000546	0.999932	0.763537	
125	1.001583	0.000738	-5.357053	-0.000738	1.001583	0.174072	
126	1.001226	0.000554	-4.770646	-0.000554	1.001226	0.084235	
127	1.001595	0.000681	-5.403899	-0.000681	1.001595	0.068963	
128	1.001431	0.000695	-5.381910	-0.000695	1.001431	0.121918	
129	0.999685	0.000747	-9.989413	-0.000747	0.999685	1.169822	
130	1.001396	0.000893	-5.305013	-0.000893	1.001396	0.425105	
131	1.001445	0.000948	-5.493126	-0.000948	1.001445	0.408205	
132	1.001486	0.000920	-5.494353	-0.000920	1.001486	0.278738	
133	1.001331	0.000871	-5.282342	-0.000871	1.001331	0.220351	
134	1.001278	0.000850	-5.099052	-0.000850	1.001278	0.182067	
135	1.000107	0.000649	-9.569518	-0.000649	1.000107	0.821457	
136	1.000734	0.000857	-4.451561	-0.000857	1.000734	0.645108	
137	1.001141	0.000921	-4.920360	-0.000921	1.001141	0.629360	
138	1.001126	0.000847	-4.915537	-0.000847	1.001126	0.737560	
139	1.001221	0.000856	-4.895534	-0.000856	1.001221	0.663837	
140	1.004237	0.001901	-10.821464	-0.001901	1.004237	0.105003	
141	1.001089	0.000646	-4.816835	-0.000646	1.001089	0.244141	
142	1.000866	0.000685	-4.176552	-0.000685	1.000866	0.326193	
143	1.000916	0.000799	-4.623663	-0.000799	1.000916	0.477644	
144	1.000956	0.000791	-4.538194	-0.000791	1.000956	0.469267	
145	0.999819	0.000854	-9.842003	-0.000854	0.999819	1.252307	
146	1.001197	0.001068	-5.357363	-0.001068	1.001197	0.684674	
147	1.001182	0.001105	-5.444012	-0.001105	1.001182	0.734967	
148	1.001240	0.001112	-5.422564	-0.001112	1.001240	0.662519	
149	1.001359	0.001034	-5.496622	-0.001034	1.001359	0.523922	
150	1.000110	0.000780	-10.540889	-0.000780	1.000110	0.952699	
151	1.001352	0.001018	-5.251402	-0.001018	1.001352	0.528826	
152	1.001546	0.000996	-5.359023	-0.000996	1.001546	0.453278	
153	1.001365	0.000963	-5.386105	-0.000963	1.001365	0.570424	
154	1.001181	0.000899	-5.168871	-0.000899	1.001181	0.619404	
155	0.999528	0.000708	-9.190635	-0.000708	0.999528	2.137625	
156	1.001324	0.000891	-4.892584	-0.000891	1.001324	0.820286	
157	1.001096	0.000792	-4.663465	-0.000792	1.001096	0.767003	
158	1.001022	0.000826	-4.638232	-0.000826	1.001022	0.812131	
159	1.000985	0.000856	-4.405467	-0.000856	1.000985	0.709679	
160	1.000201	0.000557	-8.310121	-0.000557	1.000201	1.037802	
161	1.001223	0.000594	-4.487588	-0.000594	1.001223	0.088678	
162	1.001288	0.000546	-4.431854	-0.000546	1.001288	0.013836	
163	1.001380	0.000581	-4.492824	-0.000581	1.001380	0.038099	
164	1.001558	0.000657	-4.643517	-0.000657	1.001558	-0.042008	
165	1.000546	0.000690	-8.335971	-0.000690	1.000546	0.623732	
166	1.001707	0.000717	-4.723741	-0.000717	1.001707	-0.048386	
167	1.001398	0.000649	-4.513016	-0.000649	1.001398	-0.038404	
168	1.001301	0.000663	-4.447575	-0.000663	1.001301	0.019336	
169	1.001160	0.000645	-4.229654	-0.000645	1.001160	0.093552	
170	1.000409	0.000840	-8.412768	-0.000840	1.000409	0.557999	
171	1.001148	0.000764	-4.088684	-0.000764	1.001148	0.173382	
172	1.000748	0.000742	-3.787512	-0.000742	1.000748	0.236632	
173	1.001000	0.000786	-4.060627	-0.000786	1.001000	0.145395	
174	1.000654	0.000718	-3.675545	-0.000718	1.000654	0.179509	
175	1.000564	0.000849	-7.184971	-0.000849	1.000564	-0.349440	
176	1.000808	0.000204	-3.436474	-0.000204	1.000808	-0.721286	
177	1.000786	0.000096	-3.083519	-0.000096	1.000786	-0.819853	
178	1.000931	0.000339	-3.454463	-0.000339	1.000931	-0.494042	
179	1.000558	0.000409	-3.081941	-0.000409	1.000558	-0.222261	
180	0.998109	0.000399	-4.812895	-0.000399	0.998109	-0.069304	
181	1.000048	0.000359	-2.276736	-0.000359	1.000048	-0.463656	
182	0.999540	0.000434	-1.650391	-0.000434	0.999540	-0.298283	
183	0.999249	0.000324	-1.123640	-0.000324	0.999249	-0.308485	
184	0.999227	0.000394	-1.098335	-0.000394	0.999227	-0.212380	
185	0.998476	0.000260	-1.788206	-0.000260	0.998476	-0.929885	
186	0.999528	0.000335	-1.034460	-0.000335	0.999528	-0.213292	
187	0.999081	0.000177	-0.302044	-0.000177	0.999081	-0.144089	
188	0.999111	0.000088	-0.070932	-0.000088	0.999111	-0.284785	
189	0.998600	-0.000020	0.626552	0.000020	0.998600	-0.127826	
190	0.997716	-0.000110	0.505537	0.000110	0.997716	0.009846	
191	0.998896	0.000059	0.531523	-0.000059	0.998896	0.336274	
192	0.998727	0.000193	0.676733	-0.000193	0.998727	0.502986	
193	0.998732	0.000332	0.699284	-0.000332	0.998732	0.656398	
194	0.998672	0.000067	1.157577	-0.000067	0.998672	0.380960	
195	0.998274	-0.000070	1.264983	0.000070	0.998274	-0.188221	
196	0.999290	0.000099	0.578689	-0.000099	0.999290	-0.247185	
197	0.999475	-0.000121	0.512730	0.000121	0.999475	-0.611253	
198	0.999527	-0.000248	0.624796	0.000248	0.999527	-0.708206	
199	0.999571	-0.000287	0.639232	0.000287	0.999571	-0.685008	
200	0.999614	-0.000496	1.034044	0.000496	0.999614	-1.513652	
201	0.999961	-0.000095	0.397336	0.000095	0.999961	-0.686560	
202	0.999953	-0.000102	0.465491	0.000102	0.999953	-0.635578	
203	1.000048	-0.000178	0.364693	0.000178	1.000048	-0.865665	
204	1.000061	-0.000236	0.400178	0.000236	1.000061	-1.013022	
205	1.000212	-0.000924	1.056870	0.000924	1.000212	-2.923115	
206	1.000206	-0.000560	0.585432	0.000560	1.000206	-1.454170	
207	1.000146	-0.000413	0.598872	0.000413	1.000146	-1.110852	
208	1.000191	-0.000377	0.572265	0.000377	1.000191	-0.957592	
209	1.000229	-0.000321	0.538888	0.000321	1.000229	-0.692900	
210	0.999715	-0.000497	2.098732	0.000497	0.999715	-0.337329	
211	0.999641	-0.000268	1.309407	0.000268	0.999641	0.225612	
212	0.999113	-0.000205	1.911741	0.000205	0.999113	0.501853	
213	0.998335	-0.000368	2.714841	0.000368	0.998335	0.573578	
214	0.998232	-0.000397	2.833413	0.000397	0.998232	0.441138	
215	0.995886	-0.000558	6.035104	0.000558	0.995886	0.781421	
216	0.998396	-0.000362	2.579895	0.000362	0.998396	0.257551	
217	0.998488	-0.000317	2.422391	0.000317	0.998488	0.348315	
218	0.998440	-0.000441	2.628054	0.000441	0.998440	0.315327	
219	0.998139	-0.000462	3.114058	0.000462	0.998139	0.543726	
220	0.997038	-0.000733	5.435370	0.000733	0.997038	0.505390	
221	0.998417	-0.000638	3.171863	0.000638	0.998417	-0.030926	
222	0.998471	-0.000529	3.125879	0.000529	0.998471	0.034898	
223	0.998893	-0.000621	2.690431	0.000621	0.998893	-0.051154	
224	0.999044	-0.000533	2.584850	0.000533	0.999044	0.182072	
225	0.998966	-0.000320	3.903172	0.000320	0.998966	0.986755	
226	0.999482	-0.000329	2.051662	0.000329	0.999482	0.375587	
227	0.999520	-0.000403	1.927318	0.000403	0.999520	0.199930	
228	0.999539	-0.000461	1.939023	0.000461	0.999539	0.073920	
229	0.999501	-0.000398	1.862640	0.000398	0.999501	-0.008927	
230	0.999285	-0.000504	3.062760	0.000504	0.999285	-0.013292	
231	0.999566	-0.000523	1.638992	0.000523	0.999566	-0.299694	
232	0.999585	-0.000549	1.584102	0.000549	0.999585	-0.222445	
233	0.999561	-0.000525	1.607871	0.000525	0.999561	-0.058249	
234	0.999673	-0.000417	1.638893	0.000417	0.999673	0.082573	
235	0.999033	-0.000652	3.581025	0.000652	0.999033	0.241217	
236	0.999523	-0.000330	1.867750	0.000330	0.999523	-0.022717	
237	0.999499	-0.000262	1.921815	0.000262	0.999499	-0.146973	
238	0.999441	-0.000451	2.127003	0.000451	0.999441	-0.419140	
239	0.999515	-0.000408	1.977808	0.000408	0.999515	-0.334336	
240	0.998954	-0.000656	4.349891	0.000656	0.998954	-0.090566	
241	0.999459	-0.000406	2.192982	0.000406	0.999459	0.132813	
242	0.999480	-0.000530	2.331587	0.000530	0.999480	0.084557	
243	0.999531	-0.000601	2.263315	0.000601	0.999531	-0.036442	
244	0.999338	-0.000536	2.403591	0.000536	0.999338	0.099117	
245	0.998257	-0.000683	4.921003	0.000683	0.998257	0.722131	
246	0.999005	-0.000583	2.571224	0.000583	0.999005	0.216291	
247	0.998676	-0.000663	2.891311	0.000663	0.998676	0.246837	
248	0.998126	-0.000526	3.364959	0.000526	0.998126	0.614591	
249	0.998132	-0.000514	3.436645	0.000514	0.998132	0.720809	
250	0.995835	-0.000561	7.440858	0.000561	0.995835	2.447508	
251	0.998279	-0.000322	3.288493	0.000322	0.998279	1.184483	
252	0.998860	-0.000182	2.675722	0.000182	0.998860	1.052415	
253	0.999162	-0.000139	2.341331	0.000139	0.999162	0.963432	
254	0.999054	-0.000200	2.318390	0.000200	0.999054	1.017319	
255	0.998511	0.000210	3.808473	-0.000210	0.998511	2.937642	
256	0.998957	-0.000031	1.779350	0.000031	0.998957	1.447283	
257	0.999038	-0.000077	1.407200	0.000077	0.999038	1.465872	
258	0.998970	0.000050	1.302937	-0.000050	0.998970	1.704115	
259	0.999283	0.000202	0.581969	-0.000202	0.999283	1.813420	
260	1.000641	0.000905	-1.185700	-0.000905	1.000641	3.221408	
261	1.000146	0.000295	-0.208065	-0.000295	1.000146	1.230852	
262	1.000415	0.000223	-0.424239	-0.000223	1.000415	0.912517	
263	1.000571	0.000261	-0.466973	-0.000261	1.000571	0.798663	
264	1.000545	0.000197	-0.557358	-0.000197	1.000545	0.626963	
265	1.002534	0.000650	-2.261188	-0.000650	1.002534	0.765538	
266	1.000962	0.000342	-0.891277	-0.000342	1.000962	0.539772	
267	1.001069	0.000323	-1.169917	-0.000323	1.001069	0.459473	
268	1.000968	0.000265	-1.032053	-0.000265	1.000968	0.323021	
269	1.000869	0.000231	-1.182548	-0.000231	1.000869	0.085489	
270	1.002576	0.000438	-4.121259	-0.000438	1.002576	-0.527574	
271	1.000980	0.000090	-2.045159	-0.000090	1.000980	-0.437489	
272	1.001119	0.000129	-2.441596	-0.000129	1.001119	-0.413671	
273	1.001253	0.000187	-2.807447	-0.000187	1.001253	-0.359608	
274	1.001252	0.000488	-3.134102	-0.000488	1.001252	-0.116717	
275	1.003344	0.001168	-8.159362	-0.001168	1.003344	0.170095	
276	1.001411	0.000615	-3.821398	-0.000615	1.001411	0.390667	
277	1.001417	0.000672	-3.941457	-0.000672	1.001417	0.482949	
278	1.001350	0.000693	-4.061054	-0.000693	1.001350	0.572866	
279	1.001496	0.000696	-4.487553	-0.000696	1.001496	0.442236	
280	1.002567	0.002215	-9.796336	-0.002215	1.002567	1.727430	
281	1.001252	0.000904	-4.691477	-0.000904	1.001252	0.571698	
282	1.001383	0.000917	-5.030148	-0.000917	1.001383	0.584222	
283	1.001224	0.001001	-4.950323	-0.001001	1.001224	0.905589	
284	1.001437	0.000994	-5.062579	-0.000994	1.001437	0.913978	
285	1.000957	0.000689	-10.439411	-0.000689	1.000957	1.916293	
286	1.001839	0.001174	-6.046401	-0.001174	1.001839	0.962486	
287	1.002364	0.001398	-6.612978	-0.001398	1.002364	0.989331	
288	1.002481	0.001285	-6.777885	-0.001285	1.002481	0.904229	
289	1.002447	0.001324	-6.807609	-0.001324	1.002447	0.927755	
290	1.003663	0.001101	-13.809884	-0.001101	1.003663	1.228566	
291	1.003104	0.001331	-7.422248	-0.001331	1.003104	0.662800	
292	1.003061	0.001234	-7.193327	-0.001234	1.003061	0.628871	
293	1.002847	0.001255	-6.904153	-0.001255	1.002847	0.868760	
294	1.003025	0.001184	-6.922140	-0.001184	1.003025	0.798950	
295	1.003952	0.000691	-12.429386	-0.000691	1.003952	1.947898	
296	1.002514	0.001222	-5.924962	-0.001222	1.002514	1.396481	
297	1.002391	0.001252	-5.563885	-0.001252	1.002391	1.432782	
298	1.002432	0.001289	-5.518441	-0.001289	1.002432	1.589153	
299	1.002337	0.001329	-5.293384	-0.001329	1.002337	1.876224	
300	1.001984	0.001455	-4.889132	-0.001455	1.001984	2.279505	
301	1.004507	0.000852	-10.640146	-0.000852	1.004507	3.978769	
302	1.002440	0.001914	-5.423118	-0.001914	1.002440	3.436418	
303	1.002291	0.001709	-5.259285	-0.001709	1.002291	2.784575	
304	1.002416	0.001434	-5.240523	-0.001434	1.002416	2.848928	
305	1.002578	0.001533	-5.503210	-0.001533	1.002578	2.837453	
306	1.004442	0.000828	-10.329634	-0.000828	1.004442	4.487038	
307	1.002067	0.001457	-4.709459	-0.001457	1.002067	2.559392	
308	1.001944	0.001419	-4.564298	-0.001419	1.001944	2.326025	
309	1.002045	0.001346	-4.658891	-0.001346	1.002045	1.916069	
310	1.002309	0.001165	-4.899690	-0.001165	1.002309	1.257838	
311	1.004488	0.001704	-9.162079	-0.001704	1.004488	1.010008	
312	1.002301	0.000841	-4.356522	-0.000841	1.002301	0.283371	
313	1.002317	0.000763	-4.165893	-0.000763	1.002317	-0.002591	
314	1.002271	0.000507	-3.741693	-0.000507	1.002271	-0.420864	
315	1.002265	0.000361	-3.644239	-0.000361	1.002265	-0.692140	
316	1.004265	0.000523	-6.445939	-0.000523	1.004265	-1.387418	
317	1.002212	0.000321	-3.152541	-0.000321	1.002212	-0.481157	
318	1.002457	0.000228	-3.281249	-0.000228	1.002457	-0.609635	
319	1.002569	0.000195	-3.227708	-0.000195	1.002569	-0.699605	
320	1.002616	0.000190	-3.177094	-0.000190	1.002616	-0.857243	
321	1.005344	0.000251	-6.071056	-0.000251	1.005344	-2.178339	
322	1.003344	0.000182	-3.446309	-0.000182	1.003344	-1.290227	
323	1.003506	0.000068	-3.513535	-0.000068	1.003506	-1.441337	
324	1.003893	-0.000019	-3.859307	0.000019	1.003893	-1.653877	
325	1.003930	0.000015	-3.890775	-0.000015	1.003930	-1.643082	
326	1.007583	0.000195	-7.385685	-0.000195	1.007583	-2.925731	
327	1.004208	0.000162	-4.197763	-0.000162	1.004208	-1.668262	
328	1.004113	0.000097	-4.121624	-0.000097	1.004113	-1.778978	
329	1.003850	-0.000027	-3.566065	0.000027	1.003850	-1.840548	
330	1.003730	-0.000014	-3.476697	0.000014	1.003730	-1.747747	
331	1.007496	-0.000276	-6.553911	0.000276	1.007496	-3.781508	
332	1.003802	-0.000143	-3.201783	0.000143	1.003802	-1.947147	
333	1.003838	-0.000217	-3.142643	0.000217	1.003838	-2.029999	
334	1.003653	-0.000302	-2.792959	0.000302	1.003653	-1.982521	
335	1.003863	-0.000207	-2.859969	0.000207	1.003863	-1.932722	
336	1.007241	-0.000612	-4.924506	0.000612	1.007241	-3.959030	
337	1.003731	-0.000308	-2.631279	0.000308	1.003731	-2.062612	
338	1.003768	-0.000321	-2.643370	0.000321	1.003768	-2.114955	
339	1.003671	-0.000265	-2.530996	0.000265	1.003671	-2.147066	
340	1.003583	-0.000310	-2.507035	0.000310	1.003583	-2.207694	
341	1.007106	-0.000641	-4.830674	0.000641	1.007106	-4.069175	
342	1.003613	-0.000369	-2.444999	0.000369	1.003613	-2.085616	
343	1.003676	-0.000288	-2.587280	0.000288	1.003676	-1.982124	
344	1.003651	-0.000311	-2.486608	0.000311	1.003651	-1.938931	
345	1.003353	-0.000301	-2.366754	0.000301	1.003353	-1.805715	
346	1.007589	-0.000427	-5.145922	0.000427	1.007589	-3.866762	
347	1.003433	-0.000245	-2.313128	0.000245	1.003433	-1.885865	
348	1.003578	-0.000360	-2.466563	0.000360	1.003578	-2.077438	
349	1.003761	-0.000324	-2.370091	0.000324	1.003761	-2.291559	
350	1.003430	-0.000562	-1.736066	0.000562	1.003430	-2.447646	
351	1.006773	-0.001198	-2.358208	0.001198	1.006773	-5.215462	
352	1.002772	-0.000798	-0.641253	0.000798	1.002772	-2.737400	
353	1.002754	-0.001008	-0.444104	0.001008	1.002754	-3.070897	
354	1.002719	-0.001040	-0.232884	0.001040	1.002719	-3.105006	
355	1.002534	-0.000984	0.187146	0.000984	1.002534	-2.862386	
356	1.007490	-0.000295	0.097975	0.000295	1.007490	-4.929261	
357	1.002333	-0.001055	1.104168	0.001055	1.002333	-2.461271	
358	1.002324	-0.000989	1.394142	0.000989	1.002324	-2.350052	
359	1.002185	-0.000894	1.700671	0.000894	1.002185	-2.172373	
360	1.001707	-0.000942	2.619107	0.000942	1.001707	-1.962101	
361	1.005424	-0.000248	5.887948	0.000248	1.005424	-2.862536	
362	1.000263	-0.001257	4.815881	0.001257	1.000263	-1.150189	
363	0.999998	-0.001411	5.412817	0.001411	0.999998	-0.894012	
364	1.002232	-0.000391	5.001453	0.000391	1.002232	-0.419205	
365	1.002379	-0.000425	5.505509	0.000425	1.002379	-0.447869	
366	1.005060	-0.000268	12.003982	0.000268	1.005060	-0.744407	
367	1.002470	-0.000224	6.307545	0.000224	1.002470	-0.753359	
368	1.002295	-0.000377	6.518372	0.000377	1.002295	-1.154065	
369	1.002327	-0.000468	6.603747	0.000468	1.002327	-1.628375	
370	1.001443	-0.000373	7.360592	0.000373	1.001443	-1.418232	
371	1.000118	-0.000524	16.799892	0.000524	1.000118	-1.865778	
372	1.000287	-0.000371	8.408291	0.000371	1.000287	-0.961192	
373	1.000352	-0.000467	8.482491	0.000467	1.000352	-1.000881	
374	1.000475	-0.000506	8.312900	0.000506	1.000475	-1.091367	
375	1.000153	-0.000386	8.641783	0.000386	1.000153	-1.024476	
376	0.997866	-0.000754	18.055837	0.000754	0.997866	-1.340270	
377	0.997966	-0.000382	9.383033	0.000382	0.997966	-0.548050	
378	0.994285	-0.002756	11.210761	0.002756	0.994285	-0.961559	
379	0.995651	-0.001670	10.496283	0.001670	0.995651	-0.818987	
380	0.997035	-0.000454	10.177528	0.000454	0.997035	-0.293746	
381	0.994697	-0.000636	21.729248	0.000636	0.994697	-0.835477	
382	0.997368	-0.000747	11.450704	0.000747	0.997368	-0.970391	
383	0.995655	-0.005981	13.484938	0.005981	0.995655	-4.937816	
384	0.997209	-0.000729	12.712497	0.000729	0.997209	-1.058711	
385	0.997422	-0.000672	13.368913	0.000672	0.997422	-1.326726	
386	0.995219	-0.000980	28.415696	0.000980	0.995219	-2.953181	
387	0.997303	-0.000769	15.184024	0.000769	0.997303	-1.768078	
388	0.997436	-0.001132	15.708683	0.001132	0.997436	-2.273245	
389	0.997221	-0.001100	16.126645	0.001100	0.997221	-2.313580	
390	0.996676	-0.001177	16.612403	0.001177	0.996676	-2.344889	
391	0.995115	-0.001235	32.829722	0.001235	0.995115	-3.391457	
392	0.996878	-0.001647	15.949487	0.001647	0.996878	-1.966794	
393	0.995668	-0.002023	16.623844	0.002023	0.995668	-1.442690	
394	0.995405	-0.001157	17.294011	0.001157	0.995405	-0.616489	
395	0.995610	-0.001720	16.870363	0.001720	0.995610	-0.703956	
396	0.987607	-0.001350	38.283699	0.001350	0.987607	-0.026062	
397	0.992601	-0.001922	21.027715	0.001922	0.992601	-0.505305	
398	0.993273	-0.000951	21.523936	0.000951	0.993273	-0.375536	
399	0.992988	-0.001135	22.621005	0.001135	0.992988	-0.685019	
400	0.992211	-0.001135	24.494193	0.001135	0.992211	-0.242481	
401	0.983488	-0.001461	53.262768	0.001461	0.983488	0.200507	
402	0.991727	-0.001220	28.712299	0.001220	0.991727	-0.316835	
403	0.992047	-0.001758	29.442058	0.001758	0.992047	-0.512006	
404	0.991848	-0.002112	30.391988	0.002112	0.991848	-0.714635	
405	0.990842	-0.002094	31.290515	0.002094	0.990842	-0.321823	
406	0.982446	-0.002510	61.320262	0.002510	0.982446	-1.185022	
407	0.991807	-0.001998	30.122146	0.001998	0.991807	-1.677417	
408	0.990112	-0.001891	30.454377	0.001891	0.990112	-1.306881	
409	0.991227	-0.001674	29.611241	0.001674	0.991227	-1.746635	
410	0.991867	-0.001789	28.873060	0.001789	0.991867	-1.844156	
411	0.983432	-0.002919	55.147524	0.002919	0.983432	-2.335359	
412	0.991224	-0.001646	27.477803	0.001646	0.991224	-0.745581	
413	0.992477	-0.001596	26.447479	0.001596	0.992477	-0.716775	
414	0.991456	-0.001506	26.643610	0.001506	0.991456	0.163507	
415	0.992987	-0.001568	25.262781	0.001568	0.992987	0.162950	
416	0.991968	-0.003070	45.690077	0.003070	0.991968	-0.310718	
417	0.997766	-0.001580	21.172739	0.001580	0.997766	-0.280831	
418	0.998692	-0.001557	19.945032	0.001557	0.998692	-0.611001	
419	0.999360	-0.001635	18.865222	0.001635	0.999360	-1.375732	
420	0.999575	-0.001629	18.346513	0.001629	0.999575	-2.110920	
421	0.998961	-0.002783	35.532058	0.002783	0.998961	-4.905986	
422	0.998952	-0.001235	17.098741	0.001235	0.998952	-2.253117	
423	0.999248	-0.001382	16.763053	0.001382	0.999248	-2.700613	
424	1.000377	-0.001129	16.129788	0.001129	1.000377	-3.084659	
425	1.001541	-0.001392	15.507198	0.001392	1.001541	-3.375524	
426	1.003241	-0.002639	30.263489	0.002639	1.003241	-6.211206	
427	1.003047	-0.001438	15.054013	0.001438	1.003047	-3.514568	
428	1.003283	-0.001263	15.914977	0.001263	1.003283	-3.442506	
429	1.003029	-0.001480	16.738247	0.001480	1.003029	-3.514328	
430	1.003070	-0.001663	17.306168	0.001663	1.003070	-3.640836	
431	1.006393	-0.002734	36.656752	0.002734	1.006393	-7.659096	
432	1.002657	-0.001532	18.964639	0.001532	1.002657	-3.600682	
433	1.002853	-0.001387	19.011549	0.001387	1.002853	-3.693325	
434	1.002900	-0.001741	19.040441	0.001741	1.002900	-4.196316	
435	1.002995	-0.002085	19.029555	0.002085	1.002995	-4.350409	
436	1.005417	-0.002388	39.346884	0.002388	1.005417	-7.077910	
437	1.002225	-0.001716	19.986501	0.001716	1.002225	-3.462681	
438	1.002601	-0.001630	20.129634	0.001630	1.002601	-3.544070	
439	1.002425	-0.001606	20.470253	0.001606	1.002425	-3.890790	
440	1.002526	-0.001712	20.654834	0.001712	1.002526	-3.822175	
441	1.003706	-0.002153	42.989106	0.002153	1.003706	-5.501587	
442	1.002104	-0.001794	21.491358	0.001794	1.002104	-2.594958	
443	1.002632	-0.001527	21.067415	0.001527	1.002632	-2.178094	
444	1.001834	-0.001711	21.668657	0.001711	1.001834	-2.204523	
445	0.985637	-0.005385	20.232178	0.005385	0.985637	1.028118	
446	1.002680	-0.001682	44.540568	0.001682	1.002680	-1.883672	
447	1.002349	-0.001775	21.529055	0.001775	1.002349	-1.626092	
448	1.001261	-0.001293	22.073584	0.001293	1.001261	-0.520087	
449	0.999957	-0.001449	22.273263	0.001449	0.999957	0.204444	
450	0.999382	-0.001395	21.684640	0.001395	0.999382	0.663825	
451	0.998565	-0.002025	41.414326	0.002025	0.998565	2.689363	
452	1.000469	-0.001303	18.767356	0.001303	1.000469	1.067432	
453	0.999719	-0.001086	19.342101	0.001086	0.999719	1.197132	
454	0.999568	-0.001566	19.706586	0.001566	0.999568	0.868365	
455	1.000213	-0.001223	19.164179	0.001223	1.000213	0.701649	
456	0.988499	-0.001673	14.221121	0.001673	0.988499	3.678366	
457	0.999559	-0.001072	20.259619	0.001072	0.999559	1.236872	
458	0.999618	-0.000919	19.775025	0.000919	0.999618	1.477692	
459	0.999395	-0.001036	20.073620	0.001036	0.999395	1.849815	
460	1.000718	-0.000697	18.862891	0.000697	1.000718	2.104991	
461	0.998771	-0.001295	39.573498	0.001295	0.998771	4.484376	
462	0.999594	-0.000357	19.553175	0.000357	0.999594	2.128817	
463	0.999206	-0.000692	19.630855	0.000692	0.999206	1.946514	
464	1.000366	-0.000741	18.753711	0.000741	1.000366	1.471006	
465	0.999876	-0.000648	18.676490	0.000648	0.999876	1.433679	
466	0.998960	-0.001025	19.105379	0.001025	0.998960	1.416740	
467	0.995560	-0.000726	39.156947	0.000726	0.995560	4.760141	
468	0.997648	-0.001177	18.701685	0.001177	0.997648	2.181348	
469	0.997242	-0.001003	18.931077	0.001003	0.997242	2.486455	
470	0.996733	-0.000710	18.421420	0.000710	0.996733	3.110239	
471	0.997007	-0.000662	18.230004	0.000662	0.997007	3.133474	
472	0.992995	-0.000929	37.375270	0.000929	0.992995	7.189242	
473	0.996394	-0.000557	17.985403	0.000557	0.996394	3.839877	
474	0.996242	-0.000644	17.511753	0.000644	0.996242	3.987629	
475	0.996334	-0.000393	16.953302	0.000393	0.996334	4.325526	
476	0.996407	-0.000569	16.492432	0.000569	0.996407	4.265811	
477	0.993454	-0.001393	31.085933	0.001393	0.993454	8.277614	
478	0.990905	-0.001476	15.578040	0.001476	0.990905	5.311215	
479	0.999473	-0.000740	11.993553	0.000740	0.999473	3.017501	
480	0.999543	-0.000639	11.426847	0.000639	0.999543	2.927625	
481	0.999510	-0.000659	10.595345	0.000659	0.999510	2.942686	
482	0.998704	-0.001035	19.290880	0.001035	0.998704	6.053831	
483	0.995680	-0.000784	9.144069	0.000784	0.995680	3.588154	
484	0.994584	0.000649	7.514819	-0.000649	0.994584	4.514756	
485	0.996334	-0.001539	6.943639	0.001539	0.996334	3.329002	
486	0.995857	0.000857	5.520066	-0.000857	0.995857	4.449901	
487	1.009891	-0.000592	7.690992	0.000592	1.009891	2.631116	
488	0.996772	0.001395	3.871684	-0.001395	0.996772	4.285406	
489	1.004960	-0.000192	2.486568	0.000192	1.004960	1.222362	
490	0.997435	0.001510	3.105677	-0.001510	0.997435	4.312215	
491	0.998199	0.001644	2.220722	-0.001644	0.998199	4.057649	
492	0.995515	0.004321	3.852864	-0.004321	0.995515	8.156767	
493	1.001000	0.000339	1.230111	-0.000339	1.001000	2.113337	
494	0.999474	0.001711	1.009677	-0.001711	0.999474	3.708071	
495	1.000129	0.001076	1.158687	-0.001076	1.000129	2.833809	
496	1.004502	-0.000465	0.312709	0.000465	1.004502	0.996431	
497	1.011506	-0.000572	0.373790	0.000572	1.011506	1.116630	
498	0.999950	0.001176	0.523001	-0.001176	0.999950	2.669337	
499	1.001049	0.000572	0.581300	-0.000572	1.001049	1.649348	
500	1.001788	0.000313	0.608263	-0.000313	1.001788	1.174291	
501	1.001402	0.000186	0.628840	-0.000186	1.001402	0.868449	
502	1.010325	-0.000878	-0.248801	0.000878	1.010325	-2.563520	
503	1.002624	-0.000761	0.286466	0.000761	1.002624	-1.730581	
504	1.002772	-0.000904	0.202105	0.000904	1.002772	-2.351124	
505	1.002657	-0.000964	0.281625	0.000964	1.002657	-2.518206	
506	1.002741	-0.000896	0.339992	0.000896	1.002741	-2.580599	
507	1.004993	-0.001903	1.310684	0.001903	1.004993	-4.755681	
508	1.002505	-0.000664	0.861666	0.000664	1.002505	-1.984935	
509	1.000825	-0.000740	1.861522	0.000740	1.000825	-1.182741	
510	1.000968	-0.000799	2.153141	0.000799	1.000968	-1.274063	
511	1.002051	-0.000814	1.950983	0.000814	1.002051	-1.827666	
512	1.009346	-0.000214	2.394306	0.000214	1.009346	-4.611695	
513	1.002461	-0.000711	2.050384	0.000711	1.002461	-1.823242	
514	1.000974	-0.000961	2.205796	0.000961	1.000974	-1.560385	
515	1.001267	-0.000771	1.973345	0.000771	1.001267	-1.658744	
516	1.000749	-0.000982	2.156233	0.000982	1.000749	-1.745895	
517	0.999401	-0.002519	4.369705	0.002519	0.999401	-3.324708	
518	1.001196	-0.000684	1.376801	0.000684	1.001196	-2.410976	
519	1.001177	-0.001027	0.925902	0.001027	1.001177	-2.919620	
520	1.001334	-0.000858	0.631327	0.000858	1.001334	-2.994547	
521	1.001500	-0.000966	0.117864	0.000966	1.001500	-3.212381	
522	1.003061	-0.001786	-1.650862	0.001786	1.003061	-6.426021	
523	1.001456	-0.000816	-1.300812	0.000816	1.001456	-3.099489	
524	1.001351	-0.000550	-1.259919	0.000550	1.001351	-2.816587	
525	1.001150	-0.000619	-1.089375	0.000619	1.001150	-2.575610	
526	1.000934	-0.000812	-0.818052	0.000812	1.000934	-2.554770	
527	1.001762	-0.001531	-2.059828	0.001531	1.001762	-4.795721	
528	1.000914	-0.000511	-1.247503	0.000511	1.000914	-2.077045	
529	1.001019	-0.000313	-1.323976	0.000313	1.001019	-1.848288	
530	1.000838	-0.000350	-1.252612	0.000350	1.000838	-1.751271	
531	1.000990	-0.000115	-1.305217	0.000115	1.000990	-1.728555	
532	1.001600	-0.001262	-2.095072	0.001262	1.001600	-3.918469	
533	1.000673	-0.000410	-0.958765	0.000410	1.000673	-1.932274	
534	1.000786	-0.000486	-0.953485	0.000486	1.000786	-2.193785	
535	1.000821	-0.000613	-0.894729	0.000613	1.000821	-2.315178	
536	1.000787	-0.000706	-0.762928	0.000706	1.000787	-2.336944	
537	1.001381	-0.001662	-1.050983	0.001662	1.001381	-4.771210	
538	1.000867	-0.000649	-0.754492	0.000649	1.000867	-2.404119	
539	1.000852	-0.000597	-0.818820	0.000597	1.000852	-2.425828	
540	1.000899	-0.000464	-0.890366	0.000464	1.000899	-2.304830	
541	1.000888	-0.000232	-0.840001	0.000232	1.000888	-1.972741	
542	1.001320	-0.001100	-1.601083	0.001100	1.001320	-3.339987	
543	1.000906	-0.000380	-1.142282	0.000380	1.000906	-1.618793	
544	1.001049	-0.000368	-1.353197	0.000368	1.001049	-1.557890	
545	1.000871	-0.000317	-1.396769	0.000317	1.000871	-1.391424	
546	1.001036	-0.000190	-1.896829	0.000190	1.001036	-1.373121	
547	1.002297	0.000095	-5.150966	-0.000095	1.002297	-2.290392	
548	1.001442	0.000123	-3.443104	-0.000123	1.001442	-1.098544	
549	1.001746	0.000296	-3.883829	-0.000296	1.001746	-1.330431	
550	1.002174	0.000519	-4.394295	-0.000519	1.002174	-1.156930	
551	1.002160	0.000401	-4.639444	-0.000401	1.002160	-1.392393	
552	0.999367	0.000274	-8.701086	-0.000274	0.999367	-1.234151	
553	1.001455	0.000528	-4.612220	-0.000528	1.001455	-0.803141	
554	1.001217	0.000601	-4.326812	-0.000601	1.001217	-0.679618	
555	1.000802	0.000502	-4.000861	-0.000502	1.000802	-0.500820	
556	1.000688	0.000585	-3.719997	-0.000585	1.000688	-0.377994	
557	0.996422	0.000289	-6.082791	-0.000289	0.996422	0.193786	
558	1.000481	0.000672	-3.312030	-0.000672	1.000481	-0.181587	
559	1.000096	0.000656	-3.200049	-0.000656	1.000096	0.058903	
560	1.000131	0.000876	-3.223222	-0.000876	1.000131	0.209223	
561	0.999978	0.000731	-3.336953	-0.000731	0.999978	0.329122	
562	0.994178	0.000558	-5.407433	-0.000558	0.994178	2.127931	
563	1.001539	0.000929	-4.021221	-0.000929	1.001539	0.070812	
564	1.001663	0.001115	-4.370165	-0.001115	1.001663	0.113656	
565	1.000642	0.000991	-4.413890	-0.000991	1.000642	0.513945	
566	1.002058	0.001533	-5.190955	-0.001533	1.002058	0.269903	
567	0.993881	0.000663	-9.399852	-0.000663	0.993881	2.945141	
568	0.997098	0.000268	-5.149980	-0.000268	0.997098	1.356034	
569	1.005019	0.001742	-7.702717	-0.001742	1.005019	-0.665374	
570	1.005189	0.001914	-7.682066	-0.001914	1.005189	-0.545935	
571	1.005540	0.001791	-8.052048	-0.001791	1.005540	-0.654881	
572	0.993806	0.000629	-13.220999	-0.000629	0.993806	2.656173	
573	1.005747	0.001601	-8.046321	-0.001601	1.005747	-1.002675	
574	1.005327	0.001782	-8.595270	-0.001782	1.005327	-0.910480	
575	1.005929	0.002126	-8.528455	-0.002126	1.005929	-0.878632	
576	1.005543	0.002385	-9.088332	-0.002385	1.005543	-0.433465	
577	0.993885	0.000747	-15.644731	-0.000747	0.993885	2.988321	
578	0.997252	0.000278	-8.168360	-0.000278	0.997252	1.344554	
579	0.997047	0.000258	-8.529375	-0.000258	0.997047	1.261910	
580	0.997188	0.000561	-8.962481	-0.000561	0.997188	1.412523	
581	0.997206	0.000328	-9.416645	-0.000328	0.997206	1.301554	
582	0.993972	0.000943	-19.955792	-0.000943	0.993972	2.797802	
583	0.997446	0.000437	-11.134349	-0.000437	0.997446	1.334982	
584	0.997065	0.000634	-11.402822	-0.000634	0.997065	1.490392	
585	0.997543	0.000904	-12.264926	-0.000904	0.997543	1.610423	
586	0.997379	0.000346	-14.136970	-0.000346	0.997379	1.530870	
587	0.993703	0.000988	-24.817127	-0.000988	0.993703	2.929375	
588	0.997596	0.001010	-14.623504	-0.001010	0.997596	1.670972	
589	0.996738	0.000804	-14.337026	-0.000804	0.996738	1.717345	
590	0.998714	0.000943	-15.254001	-0.000943	0.998714	1.044145	
591	0.997360	0.001006	-15.282475	-0.001006	0.997360	1.772306	
592	0.993727	0.001812	-30.975425	-0.001812	0.993727	3.221907	
593	0.997513	0.001114	-16.164939	-0.001114	0.997513	1.605499	
594	0.997327	0.000866	-16.471361	-0.000866	0.997327	1.508239	
595	0.997293	0.001015	-16.771224	-0.001015	0.997293	1.609259	
596	0.997418	0.000978	-17.453023	-0.000978	0.997418	1.586274	
597	0.995961	0.001594	-36.629248	-0.001594	0.995961	2.698372	
598	0.999112	0.001218	-19.554570	-0.001218	0.999112	1.148595	
599	0.999531	0.001263	-19.941550	-0.001263	0.999531	1.038799	
600	0.999108	0.001595	-20.124278	-0.001595	0.999108	1.378518	
601	0.999612	0.001569	-20.725889	-0.001569	0.999612	1.307076	
602	1.001289	0.001472	-43.304435	-0.001472	1.001289	1.467141	
603	1.001270	0.001986	-22.468448	-0.001986	1.001270	0.797444	
604	1.000531	0.001353	-22.029412	-0.001353	1.000531	0.681604	
605	1.001405	0.001673	-22.875501	-0.001673	1.001405	0.675420	
606	1.001643	0.001521	-23.026865	-0.001521	1.001643	0.647082	
607	1.000797	0.001824	-45.781796	-0.001824	1.000797	1.229008	
608	1.007149	0.002445	-25.094672	-0.002445	1.007149	-0.339805	
609	1.000896	0.001795	-23.041498	-0.001795	1.000896	1.028167	
610	1.002004	0.001886	-23.310219	-0.001886	1.002004	0.543588	
611	1.000891	0.001765	-22.772067	-0.001765	1.000891	0.700757	
612	1.002193	0.002756	-44.349425	-0.002756	1.002193	0.969397	
613	1.000591	0.001522	-20.839471	-0.001522	1.000591	0.759913	
614	1.000423	0.001472	-20.510683	-0.001472	1.000423	0.812637	
615	1.000619	0.001448	-20.015492	-0.001448	1.000619	0.919508	
616	1.001200	0.001170	-19.930780	-0.001170	1.001200	0.763388	
617	1.002995	0.002808	-38.997728	-0.002808	1.002995	1.856344	
618	1.000943	0.001815	-18.550534	-0.001815	1.000943	1.494427	
619	1.001073	0.001620	-18.199819	-0.001620	1.001073	1.362540	
620	1.001125	0.001700	-17.668890	-0.001700	1.001125	1.456589	
621	1.000640	0.001397	-16.876444	-0.001397	1.000640	1.351264	
622	0.999670	0.001750	-31.549754	-0.001750	0.999670	2.654806	
623	0.999951	0.000999	-15.175226	-0.000999	0.999951	1.231753	
624	1.013023	0.007262	-19.700606	-0.007262	1.013023	0.921181	
625	1.000559	0.001233	-14.492874	-0.001233	1.000559	1.371095	
626	1.000951	0.001124	-14.338027	-0.001124	1.000951	1.227119	
627	1.000121	0.001594	-26.384062	-0.001594	1.000121	1.933148	
628	1.000740	0.001314	-12.856231	-0.001314	1.000740	0.851047	
629	1.012030	0.004409	-16.491452	-0.004409	1.012030	-2.030368	
630	1.011031	0.003172	-15.246651	-0.003172	1.011031	-2.107058	
631	1.001431	0.001352	-12.187331	-0.001352	1.001431	0.345980	
632	1.007190	0.003341	-14.805911	-0.003341	1.007190	-0.428586	
633	1.000318	0.001639	-22.619209	-0.001639	1.000318	1.213102	
634	1.010151	0.003613	-14.808928	-0.003613	1.010151	-1.426206	
635	1.000730	0.000732	-11.132935	-0.000732	1.000730	0.627946	
636	1.000602	0.000904	-10.955305	-0.000904	1.000602	0.944901	
637	1.000971	0.000828	-11.061188	-0.000828	1.000971	0.460419	
638	0.999954	0.001490	-22.114970	-0.001490	0.999954	0.361135	
639	1.001139	0.000733	-11.388104	-0.000733	1.001139	-0.222667	
640	1.001200	0.001022	-11.417821	-0.001022	1.001200	0.273765	
641	1.001014	0.001175	-11.507588	-0.001175	1.001014	0.564205	
642	1.001247	0.000927	-11.632346	-0.000927	1.001247	0.143999	
643	1.000741	0.001750	-23.710785	-0.001750	1.000741	0.700433	
644	1.000977	0.001027	-12.000867	-0.001027	1.000977	0.145556	
645	1.001001	0.000744	-12.219067	-0.000744	1.001001	-0.143318	
646	1.001099	0.000853	-12.270523	-0.000853	1.001099	-0.103787	
647	1.001217	0.000828	-12.398157	-0.000828	1.001217	-0.252163	
648	1.001737	0.001581	-24.951323	-0.001581	1.001737	-0.257144	
649	1.008744	0.003671	-15.910626	-0.003671	1.008744	-1.335221	
650	1.001161	0.000740	-13.026976	-0.000740	1.001161	-0.450130	
651	1.001466	0.000895	-13.556110	-0.000895	1.001466	-0.540284	
652	1.001344	0.000920	-13.967569	-0.000920	1.001344	-0.543037	
653	1.002024	0.001703	-29.292624	-0.001703	1.002024	-0.900994	
654	1.001391	0.000918	-15.390602	-0.000918	1.001391	-0.452059	
655	1.001210	0.000779	-15.580707	-0.000779	1.001210	-0.410382	
656	1.001687	0.000964	-16.070271	-0.000964	1.001687	-0.757674	
657	1.001328	0.000783	-15.911766	-0.000783	1.001328	-0.933571	
658	1.001118	0.001211	-31.999471	-0.001211	1.001118	-2.071586	
659	1.002800	0.001088	-16.135953	-0.001088	1.002800	-1.723017	
660	1.001031	0.000823	-15.695107	-0.000823	1.001031	-1.252169	
661	1.011124	0.000896	-18.083222	-0.000896	1.011124	-5.540394	
662	1.002532	0.001004	-15.834602	-0.001004	1.002532	-1.430253	
663	0.999274	0.001481	-29.561713	-0.001481	0.999274	-0.689101	
664	0.999729	0.000985	-14.156271	-0.000985	0.999729	0.041216	
665	0.999246	0.000786	-13.342763	-0.000786	0.999246	0.244210	
666	0.999502	0.000823	-12.702062	-0.000823	0.999502	0.196539	
667	1.000318	0.000865	-12.656206	-0.000865	1.000318	-0.264737	
668	0.997704	0.001307	-23.401106	-0.001307	0.997704	-0.022926	
669	1.007534	0.002527	-14.021059	-0.002527	1.007534	-2.264532	
670	1.008222	0.000971	-12.512215	-0.000971	1.008222	-3.294284	
671	1.002253	0.000491	-11.003772	-0.000491	1.002253	-0.980156	
672	0.999159	0.000401	-10.034198	-0.000401	0.999159	0.359483	
673	0.998019	0.001395	-20.042810	-0.001395	0.998019	1.497269	
674	1.000236	0.001170	-9.907540	-0.001170	1.000236	0.619896	
675	1.000008	0.000742	-9.051597	-0.000742	1.000008	0.629240	
676	1.004752	0.001750	-10.763591	-0.001750	1.004752	-0.733262	
677	1.007122	0.002054	-10.707953	-0.002054	1.007122	-1.654853	
678	1.000833	0.001013	-18.809220	-0.001013	1.000833	0.453714	
679	1.005678	0.002503	-10.237475	-0.002503	1.005678	-0.441104	
680	1.001194	0.001149	-8.635975	-0.001149	1.001194	0.138639	
681	1.004280	0.001781	-9.257409	-0.001781	1.004280	-0.389210	
682	1.005467	0.001692	-9.025587	-0.001692	1.005467	-1.096289	
683	1.013378	0.001395	-18.000513	-0.001395	1.013378	-5.878028	
684	1.005093	0.001691	-9.125983	-0.001691	1.005093	-1.226840	
685	1.004809	0.001029	-8.486612	-0.001029	1.004809	-2.000638	
686	1.004383	0.001654	-9.008811	-0.001654	1.004383	-1.268319	
687	1.004239	0.001535	-9.046346	-0.001535	1.004239	-1.255463	
688	1.001251	0.001158	-18.653636	-0.001158	1.001251	-1.450321	
689	1.000309	0.000636	-8.942867	-0.000636	1.000309	-0.837137	
690	1.007577	0.002071	-12.097507	-0.002071	1.007577	-2.441899	
691	1.000241	0.001145	-9.721212	-0.001145	1.000241	-0.217768	
692	1.001252	0.001294	-11.317921	-0.001294	1.001252	-0.225441	
693	1.001115	0.001534	-24.432423	-0.001534	1.001115	-0.452044	
694	1.000885	0.001304	-12.286859	-0.001304	1.000885	0.290229	
695	1.008864	0.004039	-15.103055	-0.004039	1.008864	-0.796717	
696	1.000639	0.001489	-12.150569	-0.001489	1.000639	1.052669	
697	1.003279	0.002516	-12.980388	-0.002516	1.003279	0.820175	
698	0.998673	0.001363	-22.141308	-0.001363	0.998673	2.127713	
699	0.999240	0.001338	-9.837160	-0.001338	0.999240	1.628110	
700	0.998440	0.001199	-8.929682	-0.001199	0.998440	1.715873	
701	0.998701	0.000868	-8.680247	-0.000868	0.998701	1.312584	
702	0.998704	0.000628	-8.398696	-0.000628	0.998704	1.084092	
703	0.996339	0.001276	-16.011329	-0.001276	0.996339	2.402327	
704	0.998696	0.000643	-7.251990	-0.000643	0.998696	0.736019	
705	0.998687	0.000654	-7.065979	-0.000654	0.998687	0.666455	
706	1.001364	0.001829	-7.918711	-0.001829	1.001364	0.461432	
707	1.001504	0.001948	-7.539307	-0.001948	1.001504	0.514345	
708	0.997462	0.001317	-12.519483	-0.001317	0.997462	1.387980	
709	1.000302	0.002167	-5.796196	-0.002167	1.000302	1.540680	
710	1.000827	0.001631	-5.534702	-0.001631	1.000827	1.092303	
711	0.999281	0.001260	-5.367493	-0.001260	0.999281	1.120154	
712	1.002670	0.001478	-6.411357	-0.001478	1.002670	-0.254545	
713	0.997339	0.000958	-10.624318	-0.000958	0.997339	0.961263	
714	0.999319	0.000719	-5.296319	-0.000719	0.999319	0.499410	
715	0.998703	0.000515	-5.037220	-0.000515	0.998703	0.790721	
716	1.001663	0.002531	-6.453356	-0.002531	1.001663	1.706368	
717	1.001963	0.001014	-5.399842	-0.001014	1.001963	-0.019940	
718	0.997043	0.001038	-10.543011	-0.001038	0.997043	2.123196	
719	1.001960	0.001514	-6.508205	-0.001514	1.001960	0.682403	
720	0.999868	0.000295	-6.251638	-0.000295	0.999868	0.742947	
721	1.003257	0.001480	-7.712525	-0.001480	1.003257	0.490725	
722	1.002421	0.001320	-8.002858	-0.001320	1.002421	0.925489	
723	0.999779	0.001227	-17.581896	-0.001227	0.999779	4.540601	
724	1.000359	0.000781	-9.928266	-0.000781	1.000359	2.754114	
725	1.000873	0.001047	-10.620329	-0.001047	1.000873	2.864703	
726	1.001496	0.001177	-11.464160	-0.001177	1.001496	2.916589	
727	1.002200	0.001641	-11.839853	-0.001641	1.002200	2.913673	
728	1.004043	0.001825	-23.596493	-0.001825	1.004043	4.484641	
729	1.003285	0.004615	-11.899957	-0.004615	1.003285	4.338126	
730	1.003743	0.003046	-11.457798	-0.003046	1.003743	2.528865	
731	1.003287	0.000771	-10.147669	-0.000771	1.003287	1.202467	
732	1.003810	0.002196	-9.670453	-0.002196	1.003810	1.739289	
733	1.003488	0.001327	-15.210415	-0.001327	1.003488	3.092644	
734	1.002450	0.001894	-6.027773	-0.001894	1.002450	2.230766	
735	1.002355	0.001651	-5.292642	-0.001651	1.002355	2.213812	
736	1.001720	0.001298	-3.696382	-0.001298	1.001720	2.150659	
737	1.001059	0.001147	-2.269433	-0.001147	1.001059	2.392167	
738	1.002090	0.001689	-3.443345	-0.001689	1.002090	3.985556	
739	1.001046	0.000603	-1.205703	-0.000603	1.001046	1.818966	
740	1.001227	0.000613	-1.408836	-0.000613	1.001227	1.648422	
741	1.001350	0.000509	-1.641295	-0.000509	1.001350	1.304516	
742	1.001460	0.000457	-1.814237	-0.000457	1.001460	0.910634	
743	1.004468	0.001077	-6.445887	-0.001077	1.004468	0.115665	
744	1.001825	0.000155	-2.798089	-0.000155	1.001825	-0.750137	
745	1.001404	0.000139	-2.444339	-0.000139	1.001404	-0.878990	
746	1.000829	0.000081	-1.997235	-0.000081	1.000829	-1.029655	
747	1.000403	-0.000113	-1.396787	0.000113	1.000403	-1.309172	
748	1.000863	-0.000480	-1.511493	0.000480	1.000863	-2.976706	
749	0.999939	-0.000487	0.751154	0.000487	0.999939	-1.455739	
750	0.999978	-0.000661	1.123834	0.000661	0.999978	-1.854005	
751	1.000162	-0.000963	1.077011	0.000963	1.000162	-2.502287	
752	1.000212	-0.000989	1.137280	0.000989	1.000212	-2.678043	
753	1.000152	-0.002194	3.652725	0.002194	1.000152	-5.837139	
754	0.999781	-0.001308	2.258127	0.001308	0.999781	-3.417126	
755	0.999484	-0.001599	2.639543	0.001599	0.999484	-3.654737	
756	0.999248	-0.001304	2.948803	0.001304	0.999248	-3.357932	
757	0.999082	-0.001411	3.637625	0.001411	0.999082	-3.309722	
758	0.997662	-0.000451	8.381205	0.000451	0.997662	-5.115373	
759	0.998691	-0.001747	4.574995	0.001747	0.998691	-3.189299	
760	0.998095	-0.001605	5.531357	0.001605	0.998095	-2.681570	
761	0.997668	-0.001675	6.201109	0.001675	0.997668	-2.166471	
762	0.997169	-0.001568	7.064650	0.001568	0.997169	-1.766121	
763	0.994129	-0.000659	16.723911	0.000659	0.994129	-1.480913	
764	0.995520	-0.001631	9.418106	0.001631	0.995520	-0.709835	
765	0.995469	-0.001658	9.822787	0.001658	0.995469	-0.574334	
766	0.997856	-0.003470	8.308514	0.003470	0.997856	-3.324084	
767	0.996692	-0.002838	9.442925	0.002838	0.996692	-2.369079	
768	0.993877	-0.001182	19.427397	0.001182	0.993877	-0.965434	
769	0.996378	-0.001074	9.605288	0.001074	0.996378	-0.906470	
770	0.995604	-0.001664	9.717992	0.001664	0.995604	-0.918195	
771	0.995968	-0.001757	9.006184	0.001757	0.995968	-1.294983	
772	0.996491	-0.001611	7.818461	0.001611	0.996491	-1.379897	
773	0.995001	-0.000719	13.532077	0.000719	0.995001	-2.154255	
774	0.997105	-0.001504	6.671243	0.001504	0.997105	-1.838228	
775	0.997760	-0.000647	4.416670	0.000647	0.997760	-0.970084	
776	0.997852	-0.001149	4.710741	0.001149	0.997852	-1.719467	
777	0.998374	-0.001089	4.187827	0.001089	0.998374	-1.842191	
778	0.998902	-0.000736	7.062195	0.000736	0.998902	-3.423458	
779	0.999403	-0.001008	3.154384	0.001008	0.999403	-1.934609	
780	0.999438	-0.000867	3.051031	0.000867	0.999438	-1.636312	
781	0.999467	-0.000688	2.893512	0.000688	0.999467	-1.316123	
782	0.999249	-0.000561	3.237008	0.000561	0.999249	-1.010402	
783	0.998961	-0.001864	6.418592	0.001864	0.998961	-2.545194	
784	0.999268	-0.000527	3.254529	0.000527	0.999268	-0.832541	
785	0.999119	-0.000467	3.371913	0.000467	0.999119	-0.624298	
786	0.999208	-0.000612	3.242351	0.000612	0.999208	-0.809029	
787	0.999191	-0.000536	3.277618	0.000536	0.999191	-0.738462	
788	0.998677	-0.001308	5.534309	0.001308	0.998677	-1.139315	
789	0.999677	-0.000425	2.203937	0.000425	0.999677	-0.192823	
790	1.000096	-0.000268	1.729449	0.000268	1.000096	0.221049	
791	1.000289	-0.000212	1.406459	0.000212	1.000289	0.220614	
792	1.000444	-0.000151	1.088737	0.000151	1.000444	0.323186	
793	1.002600	0.000026	1.471776	-0.000026	1.002600	0.892576	
794	1.000595	0.000051	0.581217	-0.000051	1.000595	0.584380	
795	1.000593	0.000113	0.396254	-0.000113	1.000593	0.755440	
796	1.000634	0.000270	0.232845	-0.000270	1.000634	0.957022	
797	1.000586	0.000430	-0.047854	-0.000430	1.000586	1.307268	
798	1.000675	0.000582	-0.331103	-0.000582	1.000675	1.558274	
799	1.001934	0.001117	-1.376991	-0.001117	1.001934	3.418643	
800	1.001043	0.000455	-1.014536	-0.000455	1.001043	1.366412	
801	1.000898	0.000292	-0.802140	-0.000292	1.000898	1.087110	
802	1.001027	0.000109	-0.863622	-0.000109	1.001027	0.692735	
803	1.001079	-0.000029	-0.745045	0.000029	1.001079	0.371478	
804	1.001594	0.000205	-0.338077	-0.000205	1.001594	0.769207	
805	1.000860	-0.000435	0.191537	0.000435	1.000860	-0.306608	
806	1.000862	-0.000485	0.355561	0.000485	1.000862	-0.465518	
807	1.000689	-0.000549	0.869037	0.000549	1.000689	-0.418960	
808	1.000556	-0.000415	1.074843	0.000415	1.000556	-0.251996	
809	1.001519	-0.000078	2.864248	0.000078	1.001519	0.582128	
810	1.000500	-0.000239	1.526608	0.000239	1.000500	0.216839	
811	1.000209	-0.000154	1.896745	0.000154	1.000209	0.405069	
812	1.000341	-0.000137	1.955905	0.000137	1.000341	0.349844	
813	1.000292	-0.000210	1.977884	0.000210	1.000292	0.281656	
814	1.001971	-0.000429	3.431896	0.000429	1.001971	0.440572	
815	0.999794	-0.000258	1.881757	0.000258	0.999794	0.789895	
816	0.999724	-0.000402	1.592058	0.000402	0.999724	0.760259	
817	0.999958	0.000002	0.768308	-0.000002	0.999958	1.241975	
818	1.000203	0.000154	0.069282	-0.000154	1.000203	1.486910	
819	1.000996	0.000840	-1.467750	-0.000840	1.000996	3.881379	
820	1.000562	0.000579	-0.870146	-0.000579	1.000562	2.285216	
821	1.000499	0.000680	-0.911749	-0.000680	1.000499	2.394183	
822	1.000433	0.000842	-0.835646	-0.000842	1.000433	2.573778	
823	1.000722	0.000766	-1.001619	-0.000766	1.000722	2.406022	
824	1.001488	0.001449	-1.670979	-0.001449	1.001488	4.437972	
825	1.001253	0.000785	-1.611226	-0.000785	1.001253	1.935925	
826	1.000788	0.000652	-1.062143	-0.000652	1.000788	1.917106	
827	1.000701	0.000738	-1.126662	-0.000738	1.000701	2.036889	
828	1.000880	0.000775	-1.506183	-0.000775	1.000880	2.105667	
829	1.002782	0.001602	-4.717050	-0.001602	1.002782	3.921934	
830	1.001307	0.000804	-2.539322	-0.000804	1.001307	2.029883	
831	1.001416	0.000865	-2.817728	-0.000865	1.001416	2.018270	
832	1.001416	0.000895	-2.946129	-0.000895	1.001416	2.113386	
833	1.001908	0.001067	-3.609425	-0.001067	1.001908	2.068359	
834	1.003144	0.002039	-6.580674	-0.002039	1.003144	3.953990	
835	1.001668	0.000972	-3.396061	-0.000972	1.001668	1.874783	
836	1.001536	0.000897	-3.155673	-0.000897	1.001536	1.649868	
837	1.002037	0.000786	-3.603363	-0.000786	1.002037	1.319302	
838	1.001178	0.000623	-2.560231	-0.000623	1.001178	1.437566	
839	1.003554	0.000150	-6.700716	-0.000150	1.003554	3.670941	
840	1.001454	0.001539	-3.715467	-0.001539	1.001454	3.758088	
841	0.999112	0.003172	-2.019880	-0.003172	0.999112	6.874974	
842	1.001472	0.003313	-4.789446	-0.003313	1.001472	6.567767	
843	1.002100	0.000781	-5.401018	-0.000781	1.002100	6.152694	
844	1.003505	0.000603	-11.318222	-0.000603	1.003505	14.215180	
845	1.001922	0.000292	-5.988477	-0.000292	1.001922	7.253828	
846	1.002483	0.000359	-6.775514	-0.000359	1.002483	7.044837	
847	1.002252	0.000144	-6.517805	-0.000144	1.002252	6.587558	
848	1.002055	0.000033	-6.349927	-0.000033	1.002055	6.147626	
849	1.004308	0.000039	-12.866934	-0.000039	1.004308	10.477733	
850	1.002518	0.002371	-6.871270	-0.002371	1.002518	5.279331	
851	1.002890	0.002365	-6.996476	-0.002365	1.002890	4.709147	
852	1.002973	0.001841	-6.927779	-0.001841	1.002973	3.782568	
853	1.003184	0.001700	-7.097293	-0.001700	1.003184	3.120216	
854	1.005556	0.000100	-12.917963	-0.000100	1.005556	4.010331	
855	1.003829	0.001189	-7.504382	-0.001189	1.003829	1.537244	
856	1.003717	0.001203	-7.496336	-0.001203	1.003717	1.297972	
857	1.003846	0.001669	-7.680339	-0.001669	1.003846	1.411211	
858	1.004467	0.001109	-8.235579	-0.001109	1.004467	0.358233	
859	1.007692	0.000021	-16.901771	-0.000021	1.007692	-0.770021	
860	1.005372	0.001050	-9.567373	-0.001050	1.005372	-0.570324	
861	1.006049	0.000872	-10.362150	-0.000872	1.006049	-1.348172	
862	1.005640	0.000853	-10.010657	-0.000853	1.005640	-1.602924	
863	1.006399	0.000822	-10.699325	-0.000822	1.006399	-2.207095	
864	1.009531	0.000268	-19.645221	-0.000268	1.009531	-4.697522	
865	1.006499	0.000680	-10.615303	-0.000680	1.006499	-2.418759	
866	1.006606	0.000548	-10.386730	-0.000548	1.006606	-2.452536	
867	1.006320	0.000667	-9.842961	-0.000667	1.006320	-2.094015	
868	1.006296	0.000349	-9.736967	-0.000349	1.006296	-2.306535	
869	1.011014	0.001003	-17.592163	-0.001003	1.011014	-3.965747	
870	1.006043	0.000508	-8.510924	-0.000508	1.006043	-2.246254	
871	1.005873	0.000478	-8.054212	-0.000478	1.005873	-2.395041	
872	1.005593	0.000383	-7.460711	-0.000383	1.005593	-2.479391	
873	1.005300	0.000339	-6.935336	-0.000339	1.005300	-2.435373	
874	1.010384	0.000103	-12.488066	-0.000103	1.010384	-5.982402	
875	1.005259	-0.000098	-5.843209	0.000098	1.005259	-3.209717	
876	1.005037	-0.000276	-5.225990	0.000276	1.005037	-3.341757	
877	1.004979	-0.000285	-4.829464	0.000285	1.004979	-3.430992	
878	1.004835	-0.000403	-4.345759	0.000403	1.004835	-3.591321	
879	1.010035	-0.001365	-7.065057	0.001365	1.010035	-9.117283	
880	1.004748	-0.001271	-2.272570	0.001271	1.004748	-5.595501	
881	1.004624	-0.001521	-1.720078	0.001521	1.004624	-6.389643	
882	1.005389	-0.001822	-1.676920	0.001822	1.005389	-7.964766	
883	1.005656	-0.000398	-1.327990	0.000398	1.005656	-7.969076	
884	1.009103	-0.000078	0.939499	0.000078	1.009103	-16.607129	
885	1.003263	-0.000313	2.363964	0.000313	1.003263	-8.854121	
886	1.001170	-0.000326	4.949298	0.000326	1.001170	-8.817893	
887	1.001215	-0.000574	6.194671	0.000574	1.001215	-9.975756	
888	1.001064	-0.000547	7.729541	0.000547	1.001064	-10.804170	
889	1.000594	-0.000836	19.467618	0.000836	1.000594	-22.204853	
890	1.000457	-0.000850	10.558021	0.000850	1.000457	-11.223485	
891	0.999726	-0.000823	11.624695	0.000823	0.999726	-10.104541	
892	0.999361	-0.000807	11.958946	0.000807	0.999361	-8.725184	
893	0.999242	-0.000888	12.293375	0.000888	0.999242	-7.694348	
894	0.997642	-0.001034	25.552147	0.001034	0.997642	-11.108621	
895	0.998430	-0.001364	12.895812	0.001364	0.998430	-4.899622	
896	0.998693	-0.001429	12.697162	0.001429	0.998693	-4.902790	
897	0.998227	-0.001822	12.756868	0.001822	0.998227	-4.994295	
898	0.998141	-0.001596	13.113893	0.001596	0.998141	-4.952693	
899	0.996903	-0.000810	25.497909	0.000810	0.996903	-8.441003	
900	0.998269	-0.001556	12.122528	0.001556	0.998269	-4.925973	
901	0.998516	-0.001345	11.793723	0.001345	0.998516	-4.414112	
902	0.998544	-0.001183	11.540727	0.001183	0.998544	-3.943174	
903	0.996034	-0.005097	13.020294	0.005097	0.996034	-5.270188	
904	0.997758	-0.001264	23.710746	0.001264	0.997758	-5.533689	
905	0.998426	-0.000906	12.301234	0.000906	0.998426	-2.314497	
906	0.998527	-0.000855	12.520728	0.000855	0.998527	-1.858749	
907	0.998614	-0.000794	13.193262	0.000794	0.998614	-1.625931	
908	0.998268	-0.000729	13.231757	0.000729	0.998268	-1.414608	
909	0.997821	-0.001265	28.243013	0.001265	0.997821	-2.443751	
910	0.997266	-0.000590	14.778954	0.000590	0.997266	-0.460896	
911	0.997985	-0.000682	14.696197	0.000682	0.997985	-0.730267	
912	0.997636	-0.000923	14.765330	0.000923	0.997636	-0.712747	
913	0.996465	-0.000710	15.415537	0.000710	0.996465	-0.018627	
914	0.994162	-0.001358	31.289632	0.001358	0.994162	-0.186257	
915	0.996534	-0.000747	15.405572	0.000747	0.996534	0.168138	
916	0.995926	-0.000495	15.453801	0.000495	0.995926	0.585102	
917	0.996238	-0.000543	15.314004	0.000543	0.996238	0.606081	
918	0.996596	-0.000518	14.780416	0.000518	0.996596	0.814741	
919	0.992689	-0.001219	29.429525	0.001219	0.992689	1.837607	
920	0.988890	-0.003563	16.367324	0.003563	0.988890	1.672793	
921	0.995728	-0.000858	14.421933	0.000858	0.995728	0.994331	
922	0.995866	-0.000798	14.166937	0.000798	0.995866	1.173653	
923	0.996183	-0.000625	13.941636	0.000625	0.996183	1.405387	
924	0.992492	-0.001144	27.642851	0.001144	0.992492	2.201786	
925	0.996238	-0.000756	13.753674	0.000756	0.996238	0.831830	
926	0.996315	-0.000810	13.908903	0.000810	0.996315	0.675820	
927	0.996335	-0.000738	14.119953	0.000738	0.996335	0.679722	
928	0.996513	-0.000783	14.272972	0.000783	0.996513	0.754667	
929	0.993563	-0.002035	29.419790	0.002035	0.993563	0.977799	
930	0.995616	-0.000465	15.362975	0.000465	0.995616	0.597505	
931	0.993365	-0.002145	16.518174	0.002145	0.993365	0.669892	
932	0.996469	-0.001005	15.732343	0.001005	0.996469	0.581752	
933	0.996257	-0.000687	15.835789	0.000687	0.996257	0.674742	
934	0.993206	-0.001524	32.234647	0.001524	0.993206	1.005360	
935	0.996666	-0.000904	16.296436	0.000904	0.996666	0.452947	
936	0.996573	-0.001019	16.741726	0.001019	0.996573	0.485766	
937	0.996958	-0.001060	16.546374	0.001060	0.996958	0.278885	
938	0.996154	-0.000828	17.131731	0.000828	0.996154	0.603432	
939	0.993197	-0.001670	35.274982	0.001670	0.993197	0.932222	
940	0.996537	-0.000722	17.601601	0.000722	0.996537	0.594084	
941	0.996394	-0.000731	17.892889	0.000731	0.996394	0.780604	
942	0.996090	-0.000550	18.175170	0.000550	0.996090	0.956819	
943	0.996500	-0.001006	18.197174	0.001006	0.996500	0.513433	
944	0.993309	-0.001793	37.182024	0.001793	0.993309	0.994018	
945	0.996330	-0.001173	18.861420	0.001173	0.996330	0.362794	
946	0.997085	-0.001132	18.517068	0.001132	0.997085	0.221246	
947	0.995854	-0.001714	19.672047	0.001714	0.995854	0.317213	
948	0.995957	-0.001238	19.928858	0.001238	0.995957	0.535371	
949	0.992565	-0.002287	40.034237	0.002287	0.992565	1.020417	
950	0.997431	-0.001554	19.723421	0.001554	0.997431	-0.078213	
951	0.998261	-0.001441	19.634216	0.001441	0.998261	-0.130208	
952	0.998422	-0.001268	19.862657	0.001268	0.998422	-0.123898	
953	1.000253	-0.000789	18.590009	0.000789	1.000253	-0.544743	
954	0.997832	-0.002364	41.853856	0.002364	0.997832	-0.472712	
955	0.999418	-0.001209	20.787813	0.001209	0.999418	-0.386722	
956	0.999787	-0.000926	20.717798	0.000926	0.999787	-0.123810	
957	0.999369	-0.001359	21.255085	0.001359	0.999369	-0.288120	
958	0.999340	-0.001502	21.411193	0.001502	0.999340	-0.467882	
959	0.998362	-0.003012	42.291090	0.003012	0.998362	-0.677629	
960	0.999521	-0.001385	20.641363	0.001385	0.999521	-0.620712	
961	0.999414	-0.001505	20.757998	0.001505	0.999414	-0.829868	
962	0.999939	-0.001549	20.206018	0.001549	0.999939	-1.098135	
963	0.999902	-0.001708	19.922204	0.001708	0.999902	-1.084381	
964	1.002085	-0.000975	17.150725	0.000975	1.002085	-1.429259	
965	1.000030	-0.002473	37.702263	0.002473	1.000030	-1.680529	
966	1.000169	-0.001432	17.642564	0.001432	1.000169	-1.148565	
967	1.000129	-0.001280	16.905455	0.001280	1.000129	-0.949239	
968	1.000164	-0.000888	16.100316	0.000888	1.000164	-0.645405	
969	1.000033	-0.001101	15.990132	0.001101	1.000033	-0.744869	
970	1.000935	-0.001440	31.194058	0.001440	1.000935	-0.655856	
971	1.000154	-0.001340	15.707293	0.001340	1.000154	-0.834623	
972	1.000215	-0.001180	15.870829	0.001180	1.000215	-1.065883	
973	1.000207	-0.001243	16.143791	0.001243	1.000207	-1.036758	
974	1.000288	-0.001128	15.814773	0.001128	1.000288	-0.909840	
975	1.000336	-0.001713	31.488793	0.001713	1.000336	-1.501413	
976	1.000186	-0.000829	15.082126	0.000829	1.000186	-0.526463	
977	1.000010	-0.000842	14.949995	0.000842	1.000010	-0.328651	
978	0.999947	-0.000518	14.936537	0.000518	0.999947	-0.241495	
979	1.000225	-0.000856	14.922546	0.000856	1.000225	-0.674771	
980	1.000825	-0.001457	31.628758	0.001457	1.000825	-0.941265	
981	0.999874	-0.001332	16.056138	0.001332	0.999874	-0.608867	
982	1.000158	-0.000998	15.758807	0.000998	1.000158	-0.614725	
983	1.000232	-0.001142	15.878388	0.001142	1.000232	-0.836521	
984	1.000105	-0.001214	16.170117	0.001214	1.000105	-1.072179	
985	0.999766	-0.001726	31.434706	0.001726	0.999766	-1.777497	
986	1.000683	-0.000426	14.004704	0.000426	1.000683	-0.144573	
987	1.000485	-0.000386	13.128557	0.000386	1.000485	0.153442	
988	1.000376	-0.000410	12.492239	0.000410	1.000376	0.058387	
989	1.001172	-0.000582	11.940427	0.000582	1.001172	-0.548622	
990	0.998772	-0.002059	25.982432	0.002059	0.998772	-1.729627	
991	1.000157	-0.000785	10.552145	0.000785	1.000157	-1.046956	
992	1.003749	-0.000301	6.299109	0.000301	1.003749	-1.816111	
993	1.000499	-0.000465	8.933373	0.000465	1.000499	-0.999984	
994	1.000706	-0.000462	8.707390	0.000462	1.000706	-1.355608	
995	0.998481	-0.001502	20.091137	0.001502	0.998481	-3.377295	
996	0.995101	-0.002286	9.962127	0.002286	0.995101	-1.259721	
997	0.999327	-0.000386	7.759207	0.000386	0.999327	-1.179588	
998	0.998817	-0.000772	7.308792	0.000772	0.998817	-1.480749	
999	0.996338	-0.001816	8.424259	0.001816	0.996338	-1.169759	
1000	0.994966	-0.001064	16.949645	0.001064	0.994966	-1.133282	
1001	0.998051	-0.000487	8.459873	0.000487	0.998051	-0.461942	
1002	0.996467	-0.000715	9.995703	0.000715	0.996467	0.062702	
1003	0.999863	-0.000758	8.628883	0.000758	0.999863	-1.065582	
1004	1.000219	-0.000747	9.361262	0.000747	1.000219	-1.042080	
1005	0.999540	-0.001208	23.046418	0.001208	0.999540	-0.627542	
1006	1.002522	-0.000922	9.253137	0.000922	1.002522	-1.264875	
1007	1.002910	-0.000631	9.113165	0.000631	1.002910	-1.046319	
1008	1.002050	-0.000905	10.394650	0.000905	1.002050	-1.153141	
1009	1.001280	-0.000758	11.349905	0.000758	1.001280	-0.929779	
1010	1.000600	-0.001340	24.973799	0.001340	1.000600	-1.541195	
1011	1.001399	-0.000862	10.874323	0.000862	1.001399	-1.254144	
1012	1.000811	-0.000729	10.998202	0.000729	1.000811	-0.739492	
1013	1.001396	-0.000639	9.793275	0.000639	1.001396	-0.771420	
1014	1.001077	-0.000627	9.416600	0.000627	1.001077	-0.592750	
1015	1.001429	-0.000865	19.335176	0.000865	1.001429	-1.366272	
1016	1.000921	-0.000474	8.724804	0.000474	1.000921	-1.055089	
1017	1.000945	-0.000585	8.981877	0.000585	1.000945	-1.246256	
1018	1.000594	-0.000583	8.606563	0.000583	1.000594	-0.982824	
1019	0.999272	-0.000549	9.446799	0.000549	0.999272	-0.398647	
1020	0.997148	-0.001655	21.151346	0.001655	0.997148	-1.104277	
1021	0.994024	-0.001921	11.310028	0.001921	0.994024	-0.153529	
1022	0.997939	-0.000526	9.673274	0.000526	0.997939	-0.794654	
1023	0.993351	-0.002019	10.777511	0.002019	0.993351	-0.130774	
1024	0.996647	-0.000167	9.440565	0.000167	0.996647	-0.417660	
1025	0.994750	-0.000845	19.050321	0.000845	0.994750	-1.361963	
1026	0.994880	-0.002015	9.860445	0.002015	0.994880	-0.979330	
1027	0.994293	-0.001985	9.849242	0.001985	0.994293	-0.698986	
1028	0.995580	-0.001262	9.370437	0.001262	0.995580	-0.679497	
1029	0.994648	-0.001683	9.208081	0.001683	0.994648	-0.230615	
1030	0.994729	-0.000914	16.883270	0.000914	0.994729	0.043133	
1031	0.995521	-0.001320	8.170179	0.001320	0.995521	0.324051	
1032	0.995687	-0.001264	7.922335	0.001264	0.995687	0.362273	
1033	0.995778	-0.001094	7.471797	0.001094	0.995778	0.440221	
1034	0.996080	-0.000922	6.760314	0.000922	0.996080	0.437860	
1035	0.993847	-0.001384	12.914736	0.001384	0.993847	0.140080	
1036	0.996898	-0.000734	5.180279	0.000734	0.996898	0.325254	
1037	0.997265	-0.000613	4.641629	0.000613	0.997265	0.488919	
1038	0.997473	-0.000503	4.296218	0.000503	0.997473	0.563894	
1039	0.997410	-0.000479	4.221363	0.000479	0.997410	0.620077	
1040	0.995521	-0.001308	8.763553	0.001308	0.995521	0.502541	
1041	0.997927	-0.000493	3.975316	0.000493	0.997927	0.463273	
1042	0.997911	-0.000597	4.201642	0.000597	0.997911	0.346141	
1043	0.998053	-0.000657	4.131856	0.000657	0.998053	0.263823	
1044	0.997921	-0.000622	4.040135	0.000622	0.997921	0.300797	
1045	0.996495	-0.001158	6.740734	0.001158	0.996495	0.396214	
1046	0.999013	-0.000271	1.784464	0.000271	0.999013	0.272052	
1047	0.999290	-0.000055	0.987248	0.000055	0.999290	0.443364	
1048	0.999835	0.000136	0.196452	-0.000136	0.999835	0.453263	
1049	0.999774	0.000214	-0.341589	-0.000214	0.999774	0.696584	
1050	1.000030	0.000669	-0.898175	-0.000669	1.000030	1.144942	
1051	0.999640	0.000218	-0.378304	-0.000218	0.999640	0.590592	
1052	0.999710	0.000214	-0.259506	-0.000214	0.999710	0.519678	
1053	0.999726	0.000077	-0.177081	-0.000077	0.999726	0.443229	
1054	0.999745	0.000184	-0.060740	-0.000184	0.999745	0.520849	
1055	0.999975	0.000208	0.239889	-0.000208	0.999975	0.622203	
1056	1.000336	0.000033	-0.287001	-0.000033	1.000336	0.081538	
1057	1.000482	0.000051	-0.298699	-0.000051	1.000482	0.081722	
1058	1.000483	0.000077	-0.256731	-0.000077	1.000483	0.074842	
1059	1.000599	0.000071	-0.256459	-0.000071	1.000599	0.072396	
1060	1.001178	-0.000092	-0.131304	0.000092	1.001178	-0.304092	
1061	1.000706	0.000072	-0.324603	-0.000072	1.000706	-0.011097	
1062	1.000599	0.000009	-0.176266	-0.000009	1.000599	-0.001609	
1063	1.000417	0.000077	0.022460	-0.000077	1.000417	0.131372	
1064	1.000238	0.000102	0.307385	-0.000102	1.000238	0.340174	
1065	0.999909	-0.000160	2.558170	0.000160	0.999909	0.730204	
1066	0.999714	-0.000195	2.179588	0.000195	0.999714	0.485146	
1067	0.999425	-0.000380	3.039197	0.000380	0.999425	0.460523	
1068	0.999207	-0.000378	3.457607	0.000378	0.999207	0.667766	
1069	0.998768	-0.000451	4.251549	0.000451	0.998768	0.862162	
1070	1.001991	-0.000379	8.344999	0.000379	1.001991	1.197230	
1071	0.998101	-0.000440	4.985760	0.000440	0.998101	1.251037	
1072	0.998888	-0.000341	4.355662	0.000341	0.998888	1.068743	
1073	0.999116	-0.000247	3.649231	0.000247	0.999116	0.894258	
1074	0.999300	-0.000269	3.013114	0.000269	0.999300	0.708201	
1075	0.999701	-0.000574	3.971784	0.000574	0.999701	0.266188	
1076	1.000045	-0.000176	0.948238	0.000176	1.000045	-0.063849	
1077	1.000231	-0.000165	0.640189	0.000165	1.000231	-0.273564	
1078	1.000274	0.000006	0.601557	-0.000006	1.000274	-0.255669	
1079	1.000139	-0.000059	0.792119	0.000059	1.000139	-0.240488	
1080	1.000069	-0.000497	2.535110	0.000497	1.000069	-0.527833	
1081	0.999699	-0.000279	1.929433	0.000279	0.999699	-0.049318	
1082	0.999561	-0.000345	2.372372	0.000345	0.999561	0.052717	
1083	0.999513	-0.000467	2.614781	0.000467	0.999513	0.080578	
1084	0.999512	-0.000539	2.784787	0.000539	0.999512	0.057351	
1085	1.001645	-0.000408	5.350523	0.000408	1.001645	-0.300459	
1086	0.999437	-0.000500	3.255140	0.000500	0.999437	0.144041	
1087	0.999321	-0.000428	3.414518	0.000428	0.999321	0.286589	
1088	0.999385	-0.000434	3.047173	0.000434	0.999385	0.262650	
1089	0.999464	-0.000448	2.823734	0.000448	0.999464	0.254582	
1090	0.999360	-0.000762	5.349708	0.000762	0.999360	0.408005	
1091	0.999731	-0.000269	2.052138	0.000269	0.999731	0.340990	
1092	0.999932	-0.000210	1.719856	0.000210	0.999932	0.303557	
1093	0.999936	-0.000143	1.604618	0.000143	0.999936	0.384781	
1094	1.000013	-0.000097	1.346446	0.000097	1.000013	0.348623	
1095	0.999385	-0.000063	2.848539	0.000063	0.999385	1.282349	
1096	0.999505	0.000219	1.044726	-0.000219	0.999505	1.143688	
1097	0.999653	0.000185	0.890196	-0.000185	0.999653	1.031493	
1098	0.999649	0.000400	0.689063	-0.000400	0.999649	1.338097	
1099	0.999774	0.000427	0.380095	-0.000427	0.999774	1.397592	
1100	0.999715	0.001205	-0.227200	-0.001205	0.999715	3.479614	
1101	0.999980	0.000599	-0.261007	-0.000599	0.999980	1.868874	
1102	1.000006	0.000509	-0.167048	-0.000509	1.000006	1.602252	
1103	1.000095	0.000364	-0.256428	-0.000364	1.000095	1.226141	
1104	1.000205	0.000192	-0.294247	-0.000192	1.000205	0.756165	
1105	1.000250	0.000216	-0.438925	-0.000216	1.000250	0.535261	
1106	1.000328	-0.000057	-0.274572	0.000057	1.000328	-0.145694	
1107	1.000299	-0.000087	-0.326659	0.000087	1.000299	-0.293192	
1108	1.000386	-0.000040	-0.422514	0.000040	1.000386	-0.271897	
1109	1.000308	-0.000062	-0.363821	0.000062	1.000308	-0.237570	
1110	1.000567	0.000190	-1.231357	-0.000190	1.000567	-0.114751	
1111	1.000342	0.000021	-0.462795	-0.000021	1.000342	-0.002655	
1112	1.000289	0.000155	-0.404420	-0.000155	1.000289	0.171686	
1113	1.000298	0.000117	-0.267154	-0.000117	1.000298	0.101997	
1114	1.000313	0.000108	-0.183098	-0.000108	1.000313	0.086828	
1115	1.000456	0.000113	-0.074553	-0.000113	1.000456	0.087698	
1116	1.000366	0.000005	-0.236822	-0.000005	1.000366	0.095125	
1117	1.000357	-0.000101	-0.174944	0.000101	1.000357	0.087782	
1118	1.000292	-0.000025	-0.184357	0.000025	1.000292	0.255776	
1119	1.000249	0.000030	-0.140927	-0.000030	1.000249	0.337483	
1120	1.000136	0.000308	0.203763	-0.000308	1.000136	0.978996	
1121	1.000051	0.000181	0.313417	-0.000181	1.000051	0.821071	
1122	0.999901	0.000216	0.537253	-0.000216	0.999901	0.946500	
1123	0.999770	0.000248	0.810474	-0.000248	0.999770	1.138028	
1124	0.999641	0.000288	1.185401	-0.000288	0.999641	1.397264	
1125	0.998729	0.000229	3.480516	-0.000229	0.998729	2.346954	
1126	0.999312	-0.000142	2.124701	0.000142	0.999312	0.653212	
1127	0.999301	-0.000338	2.142330	0.000338	0.999301	0.165399	
1128	0.999495	-0.000310	1.927043	0.000310	0.999495	-0.160568	
1129	0.999488	-0.000424	1.721067	0.000424	0.999488	-0.342780	
1130	0.998973	-0.000444	3.026930	0.000444	0.998973	-0.379360	
1131	0.999840	-0.000040	0.809873	0.000040	0.999840	-0.007139	
1132	0.999866	0.000059	0.549568	-0.000059	0.999866	0.240116	
1133	0.999816	0.000335	0.424616	-0.000335	0.999816	0.633501	
1134	0.999838	0.000360	0.319544	-0.000360	0.999838	0.746175	
1135	0.999866	0.000340	0.274363	-0.000340	0.999866	0.694476	
1136	0.999560	0.000435	0.575107	-0.000435	0.999560	1.227597	
1137	0.999794	0.000097	0.071104	-0.000097	0.999794	0.658540	
1138	0.999898	0.000112	0.032846	-0.000112	0.999898	0.653642	
1139	0.999939	0.000111	-0.091047	-0.000111	0.999939	0.492983	
1140	1.000010	0.000165	-0.159191	-0.000165	1.000010	0.536753	
1141	1.000052	0.000438	-0.717380	-0.000438	1.000052	0.635699	
1142	1.000080	0.000265	-0.602717	-0.000265	1.000080	0.265244	
1143	0.999961	0.000272	-0.521084	-0.000272	0.999961	0.255958	
1144	1.000073	0.000272	-0.677343	-0.000272	1.000073	0.174933	
1145	1.000142	0.000441	-0.836940	-0.000441	1.000142	0.346402	
1146	1.000577	0.000636	-2.152277	-0.000636	1.000577	0.429907	
1147	1.000351	0.000457	-1.285986	-0.000457	1.000351	0.240173	
1148	1.000320	0.000386	-1.253244	-0.000386	1.000320	0.154255	
1149	1.000313	0.000364	-1.384011	-0.000364	1.000313	0.075914	
1150	1.000412	0.000424	-1.594380	-0.000424	1.000412	0.088755	
1151	1.001447	0.000978	-3.875083	-0.000978	1.001447	0.166551	
1152	1.000801	0.000540	-2.229093	-0.000540	1.000801	0.138182	
1153	1.001284	0.000494	-2.720562	-0.000494	1.001284	0.216266	
1154	1.000433	0.000242	-1.902647	-0.000242	1.000433	-0.191878	
1155	1.000935	0.000450	-2.670985	-0.000450	1.000935	0.060892	
1156	1.001966	0.001097	-6.633489	-0.001097	1.001966	0.478198	
1157	1.001097	0.000659	-3.065265	-0.000659	1.001097	0.284914	
1158	1.001134	0.000640	-3.076856	-0.000640	1.001134	0.265662	
1159	1.001029	0.000607	-3.184392	-0.000607	1.001029	0.496717	
1160	1.001110	0.000631	-3.162645	-0.000631	1.001110	0.422256	
1161	1.002501	0.001907	-6.929894	-0.001907	1.002501	1.085232	
1162	1.001082	0.000723	-3.091657	-0.000723	1.001082	0.628054	
1163	1.000930	0.000721	-2.855435	-0.000721	1.000930	0.585992	
1164	1.000991	0.000747	-2.790626	-0.000747	1.000991	0.640763	
1165	1.001043	0.000705	-2.663290	-0.000705	1.001043	0.518121	
1166	1.001989	0.001274	-5.657529	-0.001274	1.001989	0.728863	
1167	1.000781	0.000747	-2.256584	-0.000747	1.000781	0.525701	
1168	1.000750	0.000736	-2.256165	-0.000736	1.000750	0.508814	
1169	1.001092	0.000495	-2.686942	-0.000495	1.001092	0.310507	
1170	1.001048	0.000469	-2.728667	-0.000469	1.001048	0.138778	
1171	1.004080	0.001214	-7.757201	-0.001214	1.004080	-0.497959	
1172	1.001354	0.000530	-3.660350	-0.000530	1.001354	-0.048945	
1173	1.001262	0.000719	-4.064708	-0.000719	1.001262	0.152617	
1174	1.001562	0.000789	-4.446194	-0.000789	1.001562	0.081978	
1175	1.001716	0.000984	-4.925413	-0.000984	1.001716	0.158788	
1176	1.000216	0.000751	-9.057286	-0.000751	1.000216	0.427012	
1177	1.001621	0.001042	-4.744625	-0.001042	1.001621	0.098343	
1178	1.001732	0.001028	-4.852898	-0.001028	1.001732	0.117157	
1179	1.001475	0.000882	-4.414562	-0.000882	1.001475	0.157922	
1180	1.001445	0.000909	-4.132373	-0.000909	1.001445	0.363018	
1181	1.003526	0.001885	-7.947793	-0.001885	1.003526	1.174432	
1182	1.000970	0.000779	-3.148665	-0.000779	1.000970	0.893145	
1183	1.000962	0.000709	-2.975506	-0.000709	1.000962	0.876960	
1184	1.000824	0.000591	-2.761093	-0.000591	1.000824	0.765594	
1185	1.000745	0.000523	-2.660824	-0.000523	1.000745	0.756724	
1186	1.002067	0.001512	-6.229663	-0.001512	1.002067	1.555503	
1187	1.000745	0.000537	-2.537870	-0.000537	1.000745	0.707729	
1188	1.000587	0.000641	-2.432721	-0.000641	1.000587	0.794002	
1189	1.000717	0.000488	-2.386576	-0.000488	1.000717	0.589718	
1190	1.000681	0.000492	-2.243363	-0.000492	1.000681	0.566878	
1191	1.001397	0.001074	-4.073973	-0.001074	1.001397	1.142923	
1192	1.000246	0.000473	-1.340702	-0.000473	1.000246	0.776258	
1193	1.000098	0.000421	-0.885041	-0.000421	1.000098	0.880860	
1194	0.999990	0.000400	-0.549823	-0.000400	0.999990	0.966127	
1195	0.999913	0.000450	-0.255610	-0.000450	0.999913	1.109443	
1196	0.999763	0.000853	-0.091632	-0.000853	0.999763	2.732397	
1197	0.999614	0.000531	0.504408	-0.000531	0.999614	1.733977	
1198	0.999699	0.000452	0.422995	-0.000452	0.999699	1.586084	
1199	0.999686	0.000410	0.409659	-0.000410	0.999686	1.544830	
1200	0.999256	0.000390	0.922842	-0.000390	0.999256	1.541026	
1201	0.998386	0.000422	2.058922	-0.000422	0.998386	2.277024	
1202	0.999391	0.000212	1.244473	-0.000212	0.999391	0.888004	
1203	0.999530	0.000189	1.209132	-0.000189	0.999530	0.891766	
1204	0.999523	0.000170	1.412606	-0.000170	0.999523	1.021371	
1205	0.999302	0.000149	1.806790	-0.000149	0.999302	1.109572	
1206	0.998707	0.000046	3.634436	-0.000046	0.998707	1.786976	
1207	0.999192	0.000108	2.254539	-0.000108	0.999192	1.060123	
1208	0.999463	0.000037	2.047190	-0.000037	0.999463	0.709778	
1209	0.999711	-0.000013	2.287722	0.000013	0.999711	0.478118	
1210	0.999808	-0.000140	2.299217	0.000140	0.999808	0.216973	
1211	0.999557	-0.000535	4.846486	0.000535	0.999557	0.022542	
1212	0.999683	-0.000205	2.658322	0.000205	0.999683	0.066428	
1213	0.999657	-0.000110	2.493814	0.000110	0.999657	0.181762	
1214	0.999565	-0.000116	2.561537	0.000116	0.999565	0.253751	
1215	0.999471	-0.000124	2.555205	0.000124	0.999471	0.276744	
1216	0.998685	-0.000609	4.932069	0.000609	0.998685	0.502239	
1217	0.999688	-0.000014	2.372386	0.000014	0.999688	0.310102	
1218	0.999581	-0.000074	2.330791	0.000074	0.999581	0.384093	
1219	0.999727	0.000037	2.308731	-0.000037	0.999727	0.513994	
1220	0.999494	0.000073	2.089881	-0.000073	0.999494	0.736791	
1221	0.999401	-0.000028	4.299008	0.000028	0.999401	1.631555	
1222	0.999567	0.000135	2.290998	-0.000135	0.999567	1.069872	
1223	0.999619	0.000124	2.267097	-0.000124	0.999619	1.137698	
1224	0.999612	0.000295	2.195028	-0.000295	0.999612	1.393495	
1225	0.999608	0.000297	2.267650	-0.000297	0.999608	1.569584	
1226	0.997759	0.000913	4.497100	-0.000913	0.997759	3.772648	
1227	0.999631	0.000328	2.629346	-0.000328	0.999631	1.753113	
1228	0.999713	0.000272	2.574970	-0.000272	0.999713	1.664288	
1229	0.999752	0.000270	2.572612	-0.000270	0.999752	1.607948	
1230	0.999500	0.000237	2.551128	-0.000237	0.999500	1.720405	
1231	0.998987	0.000478	4.826435	-0.000478	0.998987	3.248503	
1232	0.999839	0.000200	2.137806	-0.000200	0.999839	1.297302	
1233	0.999999	0.000170	1.545456	-0.000170	0.999999	0.923355	
1234	1.000068	0.000193	1.004439	-0.000193	1.000068	0.557140	
1235	1.000235	0.000186	0.193287	-0.000186	1.000235	0.057906	
1236	1.001055	0.000368	-1.747097	-0.000368	1.001055	-0.962717	
1237	1.000660	0.000209	-1.386648	-0.000209	1.000660	-0.689844	
1238	1.000674	0.000147	-1.672572	-0.000147	1.000674	-0.686576	
1239	1.000824	0.000330	-1.845339	-0.000330	1.000824	-0.701995	
1240	1.000662	0.000319	-1.721443	-0.000319	1.000662	-0.563284	
1241	1.001100	0.000614	-2.960279	-0.000614	1.001100	-0.342155	
1242	1.000520	0.000326	-1.214414	-0.000326	1.000520	-0.014230	
1243	1.000764	0.000411	-1.219688	-0.000411	1.000764	0.067843	
1244	1.000867	0.000307	-1.138749	-0.000307	1.000867	0.026604	
1245	1.000933	0.000330	-1.124059	-0.000330	1.000933	0.014737	
1246	1.001831	0.000572	-1.947938	-0.000572	1.001831	-0.208547	
1247	1.000652	0.000348	-0.861611	-0.000348	1.000652	-0.168393	
1248	1.000883	0.000277	-0.864608	-0.000277	1.000883	-0.188779	
1249	1.000817	0.000363	-0.800679	-0.000363	1.000817	-0.127083	
1250	1.000634	0.000370	-0.591328	-0.000370	1.000634	-0.068559	
1251	1.001648	0.000423	-1.398691	-0.000423	1.001648	-0.213237	
1252	1.000845	0.000347	-0.914685	-0.000347	1.000845	-0.081700	
1253	1.000861	0.000360	-0.970247	-0.000360	1.000861	-0.070447	
1254	1.000977	0.000292	-1.020328	-0.000292	1.000977	-0.136240	
1255	1.001054	0.000199	-1.067817	-0.000199	1.001054	-0.214793	
1256	1.002044	0.000263	-2.029747	-0.000263	1.002044	-0.606558	
1257	1.001073	0.000057	-1.039893	-0.000057	1.001073	-0.290840	
1258	1.001024	-0.000044	-1.010912	0.000044	1.001024	-0.412675	
1259	1.001071	-0.000016	-1.145530	0.000016	1.001071	-0.403490	
1260	1.000970	0.000019	-0.754935	-0.000019	1.000970	-0.239264	
1261	1.001707	0.000326	-0.868032	-0.000326	1.001707	0.152990	
1262	1.000998	0.000152	-0.445613	-0.000152	1.000998	0.182656	
1263	1.000905	0.000099	-0.073600	-0.000099	1.000905	0.237253	
1264	1.001039	0.000065	0.160949	-0.000065	1.001039	0.229747	
1265	1.001052	-0.000030	0.614802	0.000030	1.001052	0.244453	
1266	1.004978	-0.000318	2.672903	0.000318	1.004978	-0.373031	
1267	1.000520	-0.000490	2.927314	0.000490	1.000520	0.136234	
1268	0.999209	-0.000525	3.812607	0.000525	0.999209	0.479268	
1269	0.998611	-0.000593	4.838510	0.000593	0.998611	0.774469	
1270	1.003283	-0.000479	4.132724	0.000479	1.003283	-0.598115	
1271	1.006525	-0.000979	10.981216	0.000979	1.006525	-1.211460	
1272	1.003299	-0.000626	5.948246	0.000626	1.003299	-0.621202	
1273	1.003420	-0.000535	6.423064	0.000535	1.003420	-0.503862	
1274	1.003241	-0.000528	7.083217	0.000528	1.003241	-0.159004	
1275	1.002970	-0.000532	7.804704	0.000532	1.002970	-0.031515	
1276	1.005996	-0.000859	17.306222	0.000859	1.005996	0.143813	
1277	1.002858	-0.000509	8.789683	0.000509	1.002858	-0.122757	
1278	1.002677	-0.000432	9.085528	0.000432	1.002677	-0.124544	
1279	1.002990	-0.000430	8.994252	0.000430	1.002990	-0.313932	
1280	1.002892	-0.000610	8.599271	0.000610	1.002892	-0.472936	
1281	1.006018	-0.000970	16.579197	0.000970	1.006018	-0.871191	
1282	1.003007	-0.000353	7.489356	0.000353	1.003007	-0.381171	
1283	1.003109	-0.000364	6.876815	0.000364	1.003109	-0.493382	
1284	1.003340	-0.000330	6.345087	0.000330	1.003340	-0.607259	
1285	1.003445	-0.000414	6.059572	0.000414	1.003445	-0.781328	
1286	1.005577	-0.000734	12.466496	0.000734	1.005577	-1.984059	
1287	0.995509	-0.001455	7.969196	0.001455	0.995509	0.543892	
1288	0.996580	-0.001745	7.815530	0.001745	0.996580	-0.364409	
1289	1.002592	-0.000497	5.754159	0.000497	1.002592	-1.946012	
1290	0.996514	-0.001842	7.552178	0.001842	0.996514	-0.343190	
1291	1.004785	-0.000610	11.410206	0.000610	1.004785	-4.120423	
1292	0.996482	-0.002134	7.096729	0.002134	0.996482	-0.790939	
1293	1.001663	-0.000120	5.119123	0.000120	1.001663	-2.177238	
1294	1.002934	-0.000270	4.872937	0.000270	1.002934	-2.994715	
1295	1.002859	-0.000217	4.818056	0.000217	1.002859	-3.097723	
1296	1.005725	-0.000816	10.304212	0.000816	1.005725	-6.556328	
1297	1.000212	-0.002008	6.131632	0.002008	1.000212	-3.029307	
1298	1.002845	-0.000134	5.253120	0.000134	1.002845	-3.224776	
1299	1.002385	-0.000347	4.690377	0.000347	1.002385	-2.987659	
1300	1.002437	-0.000467	4.787698	0.000467	1.002437	-3.153315	
1301	1.001937	-0.000379	4.858410	0.000379	1.001937	-2.621068	
1302	1.001861	-0.000838	10.725954	0.000838	1.001861	-3.672004	
1303	0.998331	-0.001175	5.626520	0.001175	0.998331	-0.886966	
1304	0.998658	-0.001155	4.998993	0.001155	0.998658	-1.091889	
1305	0.999172	-0.001153	3.919337	0.001153	0.999172	-1.316599	
1306	0.999847	-0.001071	2.810083	0.001071	0.999847	-1.865555	
1307	0.999218	-0.003522	4.588512	0.003522	0.999218	-5.862711	
1308	1.000903	-0.001624	0.793333	0.001624	1.000903	-4.037942	
1309	1.000997	-0.001618	0.430180	0.001618	1.000997	-4.424350	
1310	1.000933	-0.001427	0.420604	0.001427	1.000933	-4.516770	
1311	1.000863	-0.001641	0.510901	0.001641	1.000863	-4.655461	
1312	1.000828	0.000049	0.798497	-0.000049	1.000828	-8.082499	
1313	1.000928	-0.001425	0.342613	0.001425	1.000928	-4.269113	
1314	1.000222	-0.001182	0.737322	0.001182	1.000222	-3.355741	
1315	0.998217	-0.001111	2.112276	0.001111	0.998217	-2.475449	
1316	0.997572	-0.000836	2.099362	0.000836	0.997572	-1.753562	
1317	0.991936	0.000311	2.307779	-0.000311	0.991936	-1.086260	
1318	0.998517	-0.000001	-1.485484	0.000001	0.998517	-0.386836	
1319	0.998964	0.000732	-3.817398	-0.000732	0.998964	0.242447	
1320	0.996357	0.000043	-3.073537	-0.000043	0.996357	1.067391	
1321	0.996077	0.000290	-4.264985	-0.000290	0.996077	1.307766	
1322	0.991880	0.000591	-10.426581	-0.000591	0.991880	1.463618	
1323	0.997146	0.000429	-7.160299	-0.000429	0.997146	0.115380	
1324	0.995982	0.000233	-7.497870	-0.000233	0.995982	0.101198	
1325	0.994517	0.000439	-7.876959	-0.000439	0.994517	0.738040	
1326	0.994217	0.000465	-8.621376	-0.000465	0.994217	1.040888	
1327	0.984580	0.001041	-18.898160	-0.001041	0.984580	3.515305	
1328	0.992099	0.000099	-10.316910	-0.000099	0.992099	2.174139	
1329	0.992488	0.000192	-10.197309	-0.000192	0.992488	2.226548	
1330	0.992736	0.000427	-9.419902	-0.000427	0.992736	2.588870	
1331	0.992468	0.000633	-7.904026	-0.000633	0.992468	2.878005	
1332	0.983784	0.000511	-7.577878	-0.000511	0.983784	6.239163	
1333	1.000440	0.000828	-2.351969	-0.000828	1.000440	0.944485	
1334	0.998799	0.000327	-1.573668	-0.000327	0.998799	0.876720	
1335	0.998744	0.000121	-0.140824	-0.000121	0.998744	0.764575	
1336	0.998208	-0.000013	1.067526	0.000013	0.998208	0.543907	
1337	0.996501	-0.000387	2.452123	0.000387	0.996501	0.227338	
1338	0.998603	-0.000084	0.882213	0.000084	0.998603	0.255088	
1339	0.998567	0.000044	0.834021	-0.000044	0.998567	0.690293	
1340	0.998674	0.000101	0.617249	-0.000101	0.998674	0.788814	
1341	0.998831	0.000216	0.271193	-0.000216	0.998831	0.746633	
1342	0.997520	0.000405	0.705421	-0.000405	0.997520	1.876472	
1343	0.998591	0.000257	0.525016	-0.000257	0.998591	1.563247	
1344	0.998253	0.000531	0.536976	-0.000531	0.998253	2.288411	
1345	0.997255	0.000762	1.300642	-0.000762	0.997255	3.154592	
1346	0.996743	0.001011	1.618267	-0.001011	0.996743	3.887424	
1347	0.992135	0.002728	4.894015	-0.002728	0.992135	9.516555	
1348	0.995293	0.001353	2.865095	-0.001353	0.995293	5.462910	
1349	0.995187	0.001095	3.083536	-0.001095	0.995187	5.566201	
1350	0.995124	0.001181	3.287889	-0.001181	0.995124	5.723578	
1351	0.994816	0.001249	3.449508	-0.001249	0.994816	5.988519	
1352	0.989969	0.003112	6.480973	-0.003112	0.989969	11.694459	
1353	0.995281	0.001270	3.141034	-0.001270	0.995281	5.323723	
1354	0.995415	0.001409	3.105623	-0.001409	0.995415	5.330570	
1355	0.995347	0.001346	3.091139	-0.001346	0.995347	5.422669	
1356	0.995350	0.001383	2.996627	-0.001383	0.995350	5.568031	
1357	0.989069	0.000472	7.019404	-0.000472	0.989069	11.434676	
1358	0.995784	0.001363	2.763716	-0.001363	0.995784	5.765041	
1359	0.996113	0.001345	2.529807	-0.001345	0.996113	5.487487	
1360	0.997562	0.001249	1.339287	-0.001249	0.997562	4.717230	
1361	0.998867	0.001121	0.387043	-0.001121	0.998867	3.758840	
1362	0.999651	0.002131	-0.947582	-0.002131	0.999651	5.923505	
1363	1.000085	0.000880	-0.626209	-0.000880	1.000085	2.122430	
1364	1.000238	0.000576	-0.694577	-0.000576	1.000238	1.505662	
1365	1.000417	0.000493	-0.903585	-0.000493	1.000417	1.116722	
1366	1.000423	0.000397	-0.956258	-0.000397	1.000423	0.756521	
1367	1.002051	0.000832	-3.650367	-0.000832	1.002051	0.575984	
1368	1.001823	0.000602	-2.332699	-0.000602	1.001823	0.085265	
1369	1.002012	0.000691	-2.581411	-0.000691	1.002012	0.074651	
1370	1.002367	0.000628	-3.026192	-0.000628	1.002367	-0.125050	
1371	1.002241	0.000476	-2.878933	-0.000476	1.002241	-0.317518	
1372	1.004724	0.000819	-6.146333	-0.000819	1.004724	-0.910208	
1373	1.002640	0.000381	-3.177582	-0.000381	1.002640	-0.666980	
1374	1.002695	0.000269	-3.131713	-0.000269	1.002695	-0.794269	
1375	1.002788	0.000216	-3.196722	-0.000216	1.002788	-0.884151	
1376	1.002741	0.000251	-3.229946	-0.000251	1.002741	-0.915382	
1377	1.005366	0.000505	-6.335410	-0.000505	1.005366	-1.637880	
1378	1.002682	0.000412	-3.076689	-0.000412	1.002682	-0.703432	
1379	1.002581	0.000394	-2.956983	-0.000394	1.002581	-0.777374	
1380	1.002317	0.000490	-2.734565	-0.000490	1.002317	-0.749632	
1381	1.002467	0.000424	-2.831432	-0.000424	1.002467	-0.807536	
1382	1.004740	0.000465	-5.311343	-0.000465	1.004740	-1.624740	
1383	1.002179	0.000291	-2.423936	-0.000291	1.002179	-0.895401	
1384	1.002254	0.000307	-2.462492	-0.000307	1.002254	-0.914030	
1385	1.002319	0.000354	-2.535089	-0.000354	1.002319	-0.840625	
1386	1.002324	0.000456	-2.697182	-0.000456	1.002324	-0.758094	
1387	1.005018	0.000480	-6.038327	-0.000480	1.005018	-1.739167	
1388	1.002381	0.000631	-2.906855	-0.000631	1.002381	-0.304495	
1389	1.002479	0.000516	-2.996775	-0.000516	1.002479	-0.343034	
1390	1.002370	0.000422	-2.878850	-0.000422	1.002370	-0.403095	
1391	1.002439	0.000370	-2.880595	-0.000370	1.002439	-0.427682	
1392	1.004715	0.000572	-5.355392	-0.000572	1.004715	-1.222683	
1393	1.002423	0.000323	-2.634785	-0.000323	1.002423	-0.861091	
1394	1.002526	0.000398	-2.713871	-0.000398	1.002526	-0.877202	
1395	1.002779	0.000509	-2.998450	-0.000509	1.002779	-0.853547	
1396	1.002715	0.000556	-2.979780	-0.000556	1.002715	-0.844907	
1397	1.005682	0.000605	-6.734840	-0.000605	1.005682	-2.064456	
1398	1.003110	0.000563	-3.773823	-0.000563	1.003110	-1.283898	
1399	1.003493	0.000654	-4.356077	-0.000654	1.003493	-1.406498	
1400	1.003610	0.000715	-4.745601	-0.000715	1.003610	-1.520549	
1401	1.003782	0.000780	-5.219527	-0.000780	1.003782	-1.551130	
1402	1.007766	0.001032	-11.579528	-0.001032	1.007766	-3.171391	
1403	1.003973	0.000877	-6.107148	-0.000877	1.003973	-1.415891	
1404	1.004122	0.000736	-6.445326	-0.000736	1.004122	-1.629058	
1405	1.003899	0.000758	-6.510267	-0.000758	1.003899	-1.697045	
1406	1.004018	0.000625	-6.955919	-0.000625	1.004018	-1.901855	
1407	1.007431	0.001536	-15.718374	-0.001536	1.007431	-3.423762	
1408	1.004606	0.000689	-8.749250	-0.000689	1.004606	-1.780204	
1409	1.004417	0.001184	-9.046698	-0.001184	1.004417	-1.166878	
1410	1.004497	0.001400	-9.382412	-0.001400	1.004497	-0.805906	
1411	1.004358	0.001870	-9.918544	-0.001870	1.004358	-0.257963	
1412	1.004462	0.000946	-17.978946	-0.000946	1.004462	-0.563471	
1413	1.005786	0.001831	-10.180309	-0.001831	1.005786	-0.888307	
1414	1.003811	0.002248	-9.563900	-0.002248	1.003811	0.025207	
1415	1.005371	0.002163	-9.860424	-0.002163	1.005371	-0.662799	
1416	1.005311	0.002195	-9.674634	-0.002195	1.005311	-0.665902	
1417	1.000591	0.001236	-16.543937	-0.001236	1.000591	0.030005	
1418	1.000270	0.000921	-7.979345	-0.000921	1.000270	-0.179185	
1419	1.004816	0.002184	-9.895506	-0.002184	1.004816	-0.613192	
1420	0.999939	0.001031	-7.775783	-0.001031	0.999939	-0.289510	
1421	0.999756	0.001652	-7.560784	-0.001652	0.999756	-0.236920	
1422	0.999756	0.000929	-16.375396	-0.000929	0.999756	-2.126785	
1423	0.999932	0.000670	-7.998278	-0.000670	0.999932	-1.045608	
1424	0.998910	0.000590	-7.284180	-0.000590	0.998910	-0.718903	
1425	0.998286	0.000892	-6.917050	-0.000892	0.998286	-0.421051	
1426	0.997455	0.000882	-6.560303	-0.000882	0.997455	-0.322373	
1427	0.992002	0.000767	-12.025180	-0.000767	0.992002	-0.652907	
1428	0.994824	0.000997	-5.237523	-0.000997	0.994824	0.028045	
1429	0.994554	0.000977	-5.066656	-0.000977	0.994554	-0.081092	
1430	0.993450	0.000931	-4.419837	-0.000931	0.993450	-0.035733	
1431	0.993942	0.000706	-4.679169	-0.000706	0.993942	-0.521827	
1432	0.987707	0.001006	-8.805884	-0.001006	0.987707	-1.036794	
1433	0.994517	0.000327	-4.269429	-0.000327	0.994517	-0.616106	
1434	0.993552	0.000499	-3.654903	-0.000499	0.993552	-0.299546	
1435	0.993601	0.000711	-3.638911	-0.000711	0.993601	-0.163915	
1436	0.993942	0.000211	-4.169191	-0.000211	0.993942	-0.604949	
1437	0.989765	0.001040	-10.752755	-0.001040	0.989765	-2.342698	
1438	0.994968	-0.000008	-4.686657	0.000008	0.994968	-1.334273	
1439	0.995356	0.000343	-4.843281	-0.000343	0.995356	-1.375708	
1440	0.996887	0.000221	-5.747008	-0.000221	0.996887	-1.906046	
1441	1.005468	-0.000882	-6.817301	0.000882	1.005468	-4.584152	
1442	0.995279	0.000942	-11.899179	-0.000942	0.995279	-3.848565	
1443	1.004570	0.000740	-7.746881	-0.000740	1.004570	-3.308499	
1444	1.002853	0.000097	-6.566536	-0.000097	1.002853	-2.895068	
1445	0.999239	0.000340	-5.322213	-0.000340	0.999239	-1.870931	
1446	1.000618	0.000283	-5.757146	-0.000283	1.000618	-1.956366	
1447	1.000011	0.000292	-12.113976	-0.000292	1.000011	-3.120623	
1448	1.002136	0.000444	-6.810196	-0.000444	1.002136	-1.641417	
1449	1.002170	0.000599	-7.398854	-0.000599	1.002170	-1.450736	
1450	0.999624	0.000435	-7.730326	-0.000435	0.999624	-1.024315	
1451	0.998602	0.000416	-8.017128	-0.000416	0.998602	-0.490938	
1452	0.994466	0.001148	-18.995676	-0.001148	0.994466	-0.292760	
1453	0.996006	0.000627	-10.691162	-0.000627	0.996006	0.134097	
1454	0.996093	0.000744	-12.094869	-0.000744	0.996093	0.340791	
1455	0.995571	0.000927	-12.774913	-0.000927	0.995571	0.787126	
1456	0.994885	0.001046	-13.549168	-0.001046	0.994885	0.829948	
1457	0.991200	0.001872	-29.740706	-0.001872	0.991200	0.343377	
1458	0.995290	0.001490	-14.649397	-0.001490	0.995290	1.129199	
1459	0.995370	0.001394	-15.046492	-0.001394	0.995370	1.664019	
1460	0.996582	0.001192	-15.915162	-0.001192	0.996582	1.361552	
1461	0.996182	0.001230	-15.669628	-0.001230	0.996182	1.657381	
1462	0.995630	0.002504	-32.925531	-0.002504	0.995630	4.361267	
1463	0.998556	0.001376	-16.816788	-0.001376	0.998556	1.814668	
1464	0.998370	0.001091	-16.721652	-0.001091	0.998370	0.689814	
1465	0.998666	0.001466	-16.659715	-0.001466	0.998666	0.725135	
1466	0.998444	0.001573	-16.165038	-0.001573	0.998444	1.693814	
1467	0.998676	0.001241	-16.363869	-0.001241	0.998676	1.586798	
1468	0.997493	0.002474	-34.769019	-0.002474	0.997493	1.923380	
1469	0.999007	0.001704	-17.635068	-0.001704	0.999007	1.359140	
1470	0.998042	0.001837	-17.294457	-0.001837	0.998042	1.613003	
1471	0.998698	0.001431	-18.117537	-0.001431	0.998698	0.661757	
1472	0.999432	0.001446	-18.833773	-0.001446	0.999432	0.299426	
1473	0.999289	0.003036	-39.256988	-0.003036	0.999289	0.255071	
1474	0.999591	0.001673	-20.245672	-0.001673	0.999591	0.300090	
1475	0.999598	0.001509	-20.978119	-0.001509	0.999598	-0.011926	
1476	0.999340	0.001569	-21.600512	-0.001569	0.999340	0.088280	
1477	0.999128	0.001636	-21.799528	-0.001636	0.999128	0.500117	
1478	1.000830	0.004127	-47.406306	-0.004127	1.000830	1.307791	
1479	1.000676	0.002089	-24.491666	-0.002089	1.000676	0.763288	
1480	1.000514	0.001986	-24.123652	-0.001986	1.000514	0.885310	
1481	1.000706	0.002247	-24.178754	-0.002247	1.000706	0.931741	
1482	1.000268	0.002104	-23.727587	-0.002104	1.000268	1.070861	
1483	1.000046	0.003782	-46.450436	-0.003782	1.000046	2.504932	
1484	1.000494	0.001788	-23.081401	-0.001788	1.000494	0.895622	
1485	1.000948	0.001991	-23.453550	-0.001991	1.000948	0.826467	
1486	1.001000	0.001951	-23.715659	-0.001951	1.001000	0.499643	
1487	1.000244	0.002123	-23.420157	-0.002123	1.000244	1.295960	
1488	1.002036	0.004105	-48.147261	-0.004105	1.002036	2.162641	
1489	1.000409	0.001983	-23.908202	-0.001983	1.000409	1.504068	
1490	1.000545	0.001925	-23.794461	-0.001925	1.000545	1.478849	
1491	1.000953	0.001832	-23.843253	-0.001832	1.000953	1.208063	
1492	1.000599	0.001736	-23.194692	-0.001736	1.000599	1.309259	
1493	1.002051	0.003672	-46.468356	-0.003672	1.002051	2.293762	
1494	1.002080	0.002044	-23.317907	-0.002044	1.002080	0.928487	
1495	1.002616	0.001693	-22.933202	-0.001693	1.002616	1.051888	
1496	1.002894	0.001845	-22.385465	-0.001845	1.002894	0.880765	
1497	1.003372	0.001697	-22.515517	-0.001697	1.003372	0.365349	
1498	1.008131	0.003586	-44.171494	-0.003586	1.008131	0.817491	
1499	1.003188	0.001554	-20.239927	-0.001554	1.003188	0.965904	
1500	1.003769	0.001513	-20.084078	-0.001513	1.003769	0.919534	
1501	1.003722	0.001352	-19.532412	-0.001352	1.003722	1.024274	
1502	1.003531	0.001617	-18.909239	-0.001617	1.003531	1.530601	
1503	1.006353	0.002588	-35.670065	-0.002588	1.006353	3.991069	
1504	1.003292	0.001324	-17.002598	-0.001324	1.003292	2.097569	
1505	1.002819	0.001246	-16.016302	-0.001246	1.002819	2.356626	
1506	1.002943	0.001186	-15.713076	-0.001186	1.002943	2.296148	
1507	1.003020	0.001254	-15.508946	-0.001254	1.003020	2.507621	
1508	1.006466	0.002035	-31.266878	-0.002035	1.006466	4.390076	
1509	1.003524	0.000971	-15.517800	-0.000971	1.003524	1.715737	
1510	1.003311	0.000997	-15.614136	-0.000997	1.003311	1.661057	
1511	1.003351	0.000932	-15.562488	-0.000932	1.003351	1.533352	
1512	1.003524	0.001169	-16.034928	-0.001169	1.003524	1.470736	
1513	1.006526	0.001636	-31.980244	-0.001636	1.006526	3.132356	
1514	1.003488	0.001280	-16.183076	-0.001280	1.003488	2.016023	
1515	1.004037	0.001197	-16.398221	-0.001197	1.004037	2.396105	
1516	1.003702	0.000952	-15.452779	-0.000952	1.003702	2.980359	
1517	1.004169	0.000953	-15.422566	-0.000953	1.004169	3.242954	
1518	1.008961	0.001355	-29.573952	-0.001355	1.008961	6.083172	
1519	1.004590	0.000914	-13.967383	-0.000914	1.004590	2.967691	
1520	1.003681	0.000716	-12.245493	-0.000716	1.003681	2.880178	
1521	1.004651	0.000977	-13.154797	-0.000977	1.004651	2.358309	
1522	1.005119	0.000712	-13.070218	-0.000712	1.005119	1.640184	
1523	1.010287	0.001292	-25.682340	-0.001292	1.010287	2.417966	
1524	1.005402	0.001516	-12.377521	-0.001516	1.005402	0.740934	
1525	1.005185	0.000886	-11.395898	-0.000886	1.005185	-0.099659	
1526	1.005944	0.001860	-11.101519	-0.001860	1.005944	-0.154654	
1527	1.005202	0.001271	-9.354277	-0.001271	1.005202	-0.801249	
1528	1.010894	0.003059	-17.908276	-0.003059	1.010894	-1.305478	
1529	1.002030	0.000355	-3.543246	-0.000355	1.002030	-0.299521	
1530	1.003232	0.000545	-4.477914	-0.000545	1.003232	-0.351208	
1531	1.004206	0.000591	-5.297873	-0.000591	1.004206	-0.541300	
1532	1.003757	0.000323	-4.254496	-0.000323	1.003757	-0.588029	
1533	1.008600	0.000923	-9.267557	-0.000923	1.008600	-0.959166	
1534	1.003581	0.000460	-3.370233	-0.000460	1.003581	0.185156	
1535	1.003660	0.000551	-3.404900	-0.000551	1.003660	0.711096	
1536	1.003865	0.000617	-3.744030	-0.000617	1.003865	0.864453	
1537	1.003705	0.000559	-3.717045	-0.000559	1.003705	1.177294	
1538	1.010677	0.000722	-10.735508	-0.000722	1.010677	3.558332	
1539	1.003370	0.001139	-4.012037	-0.001139	1.003370	2.836236	
1540	1.003814	0.001457	-4.805048	-0.001457	1.003814	3.196554	
1541	1.003795	0.001478	-4.815261	-0.001478	1.003795	3.127811	
1542	1.003572	0.001391	-4.784216	-0.001391	1.003572	3.027196	
1543	1.010482	0.000484	-12.918223	-0.000484	1.010482	3.771653	
1544	1.003573	0.001445	-5.441051	-0.001445	1.003573	2.290836	
1545	1.003477	0.001578	-6.028758	-0.001578	1.003477	2.116489	
1546	1.003218	0.001775	-6.173261	-0.001775	1.003218	2.141225	
1547	1.003265	0.001870	-6.869479	-0.001870	1.003265	2.036689	
1548	1.004895	0.000657	-14.912810	-0.000657	1.004895	1.876190	
1549	1.003218	0.002563	-7.770867	-0.002563	1.003218	2.032001	
1550	1.002556	0.000193	-9.877237	-0.000193	1.002556	0.108501	
1551	1.004287	0.002644	-9.393367	-0.002644	1.004287	0.789506	
1552	1.001891	0.000651	-9.109259	-0.000651	1.001891	-0.061070	
1553	1.004171	0.000993	-20.196102	-0.000993	1.004171	-1.466420	
1554	1.001646	0.000690	-10.122661	-0.000690	1.001646	-0.500000	
1555	1.001254	0.000709	-9.901770	-0.000709	1.001254	-0.167193	
1556	1.000784	0.000369	-9.548652	-0.000369	1.000784	-0.030727	
1557	1.001310	0.000381	-9.660237	-0.000381	1.001310	-0.049485	
1558	1.000810	0.000768	-17.691107	-0.000768	1.000810	-0.165228	
1559	0.999539	0.000446	-7.106700	-0.000446	0.999539	-0.232770	
1560	1.000118	0.000606	-6.779533	-0.000606	1.000118	-0.419377	
1561	1.001855	0.001259	-6.570417	-0.001259	1.001855	-0.429524	
1562	1.001714	0.000834	-5.858412	-0.000834	1.001714	-0.866566	
1563	0.999724	0.000613	-8.652375	-0.000613	0.999724	-2.100715	
1564	1.000815	0.000491	-3.329344	-0.000491	1.000815	-1.361332	
1565	1.000731	0.000242	-2.882674	-0.000242	1.000731	-1.876961	
1566	1.000710	0.000034	-2.582189	-0.000034	1.000710	-2.284556	
1567	1.000832	-0.000039	-2.511967	0.000039	1.000832	-2.544322	
1568	0.999908	0.000265	-4.406174	-0.000265	0.999908	-5.130989	
1569	1.000717	-0.000056	-1.902248	0.000056	1.000717	-2.239054	
1570	1.000609	-0.000002	-1.802232	0.000002	1.000609	-1.910148	
1571	1.000658	0.000084	-1.912213	-0.000084	1.000658	-1.753822	
1572	1.000402	-0.000108	-1.422648	0.000108	1.000402	-1.698388	
1573	1.000634	-0.000494	-2.458181	0.000494	1.000634	-3.236883	
1574	0.999781	-0.000104	-0.407342	0.000104	0.999781	-1.162646	
1575	0.999798	-0.000236	-0.180984	0.000236	0.999798	-1.410957	
1576	0.999685	-0.000371	0.196944	0.000371	0.999685	-1.446376	
1577	0.999639	-0.000373	0.392456	0.000373	0.999639	-1.504261	
1578	0.999802	-0.001090	0.584849	0.001090	0.999802	-3.621577	
1579	1.000204	-0.000427	-0.033174	0.000427	1.000204	-1.729277	
1580	1.000226	-0.000629	0.006293	0.000629	1.000226	-1.835463	
1581	1.000152	-0.000648	0.099608	0.000648	1.000152	-1.677041	
1582	1.000082	-0.000487	0.157352	0.000487	1.000082	-1.487766	
1583	1.000289	-0.000840	0.017794	0.000840	1.000289	-2.652066	
1584	1.000346	-0.000221	-0.298884	0.000221	1.000346	-1.150917	
1585	1.000417	-0.000151	-0.400324	0.000151	1.000417	-1.047639	
1586	1.000446	-0.000332	-0.357768	0.000332	1.000446	-1.229699	
1587	1.001104	-0.000293	-0.953498	0.000293	1.001104	-1.413515	
1588	1.002124	-0.000818	-1.396658	0.000818	1.002124	-3.403771	
1589	1.001516	-0.000623	-1.043520	0.000623	1.001516	-2.215444	
1590	1.001847	-0.000613	-1.295328	0.000613	1.001847	-2.320001	
1591	1.001821	-0.000707	-1.194154	0.000707	1.001821	-2.431427	
1592	1.001467	-0.000440	-0.869948	0.000440	1.001467	-1.868168	
1593	1.001878	-0.001394	-0.085293	0.001394	1.001878	-3.894743	
1594	1.001310	-0.000771	-0.135200	0.000771	1.001310	-2.087546	
1595	1.001015	-0.000830	0.438375	0.000830	1.001015	-2.197501	
1596	1.000971	-0.001057	1.213154	0.001057	1.000971	-2.533723	
1597	1.000590	-0.001296	2.302792	0.001296	1.000590	-2.780803	
1598	1.000786	-0.000900	8.489226	0.000900	1.000786	-4.077751	
1599	0.999239	-0.000320	6.558822	0.000320	0.999239	-1.031763	
1600	0.999267	-0.001042	7.783424	0.001042	0.999267	-1.350376	
1601	0.998816	-0.000388	8.888318	0.000388	0.998816	-0.661484	
1602	0.999821	-0.000748	9.530128	0.000748	0.999821	-1.377607	
1603	0.996256	-0.001864	23.248256	0.001864	0.996256	-3.090861	
1604	0.997186	-0.000858	13.039392	0.000858	0.997186	-2.031276	
1605	0.996306	-0.000869	14.736339	0.000869	0.996306	-2.193769	
1606	0.995972	-0.000805	16.321206	0.000805	0.995972	-2.528801	
1607	0.996231	-0.000996	17.345959	0.000996	0.996231	-3.080845	
1608	0.991362	-0.001922	37.912614	0.001922	0.991362	-5.760950	
1609	0.994954	-0.000810	19.677888	0.000810	0.994954	-2.137268	
1610	0.994346	-0.001069	19.921657	0.001069	0.994346	-1.812964	
1611	0.993206	-0.001160	19.896792	0.001160	0.993206	-1.183286	
1612	0.992934	-0.001435	19.070586	0.001435	0.992934	-0.723091	
1613	0.987096	-0.002294	34.947088	0.002294	0.987096	-0.050526	
1614	0.992143	-0.001185	16.908113	0.001185	0.992143	0.649755	
1615	0.990059	-0.002334	17.686821	0.002334	0.990059	0.671711	
1616	0.989025	-0.005055	18.186272	0.005055	0.989025	-0.951983	
1617	0.989595	-0.000628	17.823303	0.000628	0.989595	1.748888	
1618	0.981993	-0.001028	37.084521	0.001028	0.981993	1.823337	
1619	0.990248	-0.000990	20.425453	0.000990	0.990248	0.427570	
1620	0.990708	-0.000792	20.730353	0.000792	0.990708	0.122226	
1621	0.990183	-0.001206	22.161947	0.001206	0.990183	-0.190197	
1622	0.989925	-0.001259	22.826480	0.001259	0.989925	-0.369728	
1623	0.988479	-0.002153	41.626218	0.002153	0.988479	-4.104164	
1624	0.998559	-0.001271	18.560057	0.001271	0.998559	-3.970076	
1625	1.000093	-0.001367	17.907751	0.001367	1.000093	-4.550842	
1626	0.999872	-0.001105	18.129122	0.001105	0.999872	-4.089150	
1627	0.999902	-0.001249	18.419638	0.001249	0.999902	-3.903796	
1628	1.000327	-0.002398	38.057190	0.002398	1.000327	-7.153861	
1629	0.999885	-0.001359	19.675994	0.001359	0.999885	-3.066245	
1630	0.999794	-0.001466	20.210778	0.001466	0.999794	-2.907970	
1631	0.999831	-0.001354	20.290793	0.001354	0.999831	-2.649042	
1632	0.999919	-0.001262	20.458861	0.001262	0.999919	-2.366128	
1633	0.998942	-0.001313	21.169028	0.001313	0.998942	-1.938756	
1634	0.999193	-0.002566	42.500263	0.002566	0.999193	-3.658489	
1635	0.999767	-0.001439	21.380860	0.001439	0.999767	-1.774998	
1636	0.999627	-0.001137	21.399320	0.001137	0.999627	-1.429041	
1637	0.999698	-0.001216	21.641854	0.001216	0.999698	-1.399244	
1638	1.000094	-0.001141	22.076907	0.001141	1.000094	-1.498026	
1639	1.002016	-0.002817	44.832194	0.002817	1.002016	-3.706388	
1640	1.000469	-0.001353	23.438779	0.001353	1.000469	-1.660469	
1641	0.999836	-0.001541	24.291948	0.001541	0.999836	-1.246938	
1642	1.000485	-0.001677	24.704609	0.001677	1.000485	-1.662542	
1643	1.001475	-0.001627	24.434002	0.001627	1.001475	-2.151009	
1644	1.002827	-0.003514	49.520806	0.003514	1.002827	-4.001467	
1645	1.001649	-0.001807	24.630200	0.001807	1.001649	-1.880953	
1646	1.001924	-0.001660	24.372544	0.001660	1.001924	-1.699479	
1647	1.001893	-0.001735	24.138556	0.001735	1.001893	-2.080857	
1648	1.001461	-0.001304	23.748506	0.001304	1.001461	-1.848679	
1649	1.004227	-0.002823	45.702162	0.002823	1.004227	-3.484383	
1650	1.000982	-0.001396	22.957187	0.001396	1.000982	-1.498989	
1651	1.001638	-0.001642	22.443456	0.001642	1.001638	-1.413049	
1652	1.002020	-0.001781	22.187942	0.001781	1.002020	-1.260352	
1653	1.001062	-0.001511	22.249333	0.001511	1.001062	-1.120054	
1654	1.001509	-0.003611	45.394088	0.003611	1.001509	-1.334814	
1655	1.001484	-0.001603	22.510130	0.001603	1.001484	-0.989035	
1656	1.001134	-0.001829	23.083108	0.001829	1.001134	-1.561906	
1657	1.000518	-0.001865	23.839664	0.001865	1.000518	-1.688262	
1658	1.002059	-0.001704	23.418750	0.001704	1.002059	-2.197922	
1659	1.003161	-0.002424	50.688474	0.002424	1.003161	-2.512076	
1660	1.001658	-0.001976	26.155412	0.001976	1.001658	-1.599206	
1661	1.002184	-0.001570	26.191674	0.001570	1.002184	-1.638472	
1662	1.000902	-0.001662	27.876604	0.001662	1.000902	-1.260756	
1663	1.001112	-0.001892	28.398029	0.001892	1.001112	-1.508086	
1664	1.002967	-0.003147	57.275665	0.003147	1.002967	-2.830492	
1665	1.000584	-0.001665	28.691719	0.001665	1.000584	-0.891702	
1666	1.000405	-0.001737	28.284504	0.001737	1.000405	-1.209835	
1667	1.000019	-0.001626	27.881403	0.001626	1.000019	-1.346967	
1668	0.999789	-0.001525	27.407806	0.001525	0.999789	-1.146576	
1669	0.998674	-0.002778	52.630381	0.002778	0.998674	-0.913544	
1670	0.999078	-0.001531	24.840164	0.001531	0.999078	0.124957	
1671	0.999949	-0.001378	22.952047	0.001378	0.999949	-0.349835	
1672	0.999910	-0.001300	21.660975	0.001300	0.999910	-0.809112	
1673	0.999953	-0.001124	20.467339	0.001124	0.999953	-0.893266	
1674	0.999244	-0.002040	38.109775	0.002040	0.999244	-1.665610	
1675	0.999913	-0.000985	17.264140	0.000985	0.999913	-0.530315	
1676	0.999513	-0.001129	16.856954	0.001129	0.999513	-0.125981	
1677	0.999426	-0.001106	16.011556	0.001106	0.999426	-0.250275	
1678	0.999410	-0.000867	15.440137	0.000867	0.999410	-0.303170	
1679	0.999456	-0.001437	28.903477	0.001437	0.999456	-1.099044	
1680	1.000286	-0.000642	13.239703	0.000642	1.000286	-1.081931	
1681	1.000515	-0.000439	12.886398	0.000439	1.000515	-0.325502	
1682	1.001092	-0.000669	12.314139	0.000669	1.001092	-0.671340	
1683	1.001271	-0.000687	11.984200	0.000687	1.001271	-0.636663	
1684	1.003953	-0.001151	23.515871	0.001151	1.003953	-1.704236	
1685	1.002749	-0.000780	10.980045	0.000780	1.002749	-1.772899	
1686	1.002141	-0.000868	11.463392	0.000868	1.002141	-1.783924	
1687	1.002377	-0.001042	11.323124	0.001042	1.002377	-1.926487	
1688	1.003036	-0.000532	10.345883	0.000532	1.003036	-1.374587	
1689	1.004586	-0.000998	23.865341	0.000998	1.004586	-2.185062	
1690	1.002588	-0.000910	11.734224	0.000910	1.002588	-1.689700	
1691	1.002807	-0.000874	11.557677	0.000874	1.002807	-1.831730	
1692	1.002408	-0.000726	11.852431	0.000726	1.002408	-1.503485	
1693	1.002472	-0.000761	11.595453	0.000761	1.002472	-1.368592	
1694	1.004483	-0.000837	23.970180	0.000837	1.004483	-1.616204	
1695	1.001831	-0.000656	11.483329	0.000656	1.001831	-0.990791	
1696	1.001699	-0.000554	11.418059	0.000554	1.001699	-1.264356	
1697	1.001450	-0.000601	11.496054	0.000601	1.001450	-1.402359	
1698	1.002183	-0.000622	11.150423	0.000622	1.002183	-1.780969	
1699	1.004089	-0.001266	22.669117	0.001266	1.004089	-3.624564	
1700	1.001950	-0.000511	10.795784	0.000511	1.001950	-1.655949	
1701	1.001985	-0.000576	10.444331	0.000576	1.001985	-1.657650	
1702	0.992025	-0.002989	11.880715	0.002989	0.992025	0.622514	
1703	0.992053	-0.001912	11.335594	0.001912	0.992053	1.380485	
1704	1.001061	-0.001016	20.993420	0.001016	1.001061	-1.029023	
1705	0.999511	-0.000761	10.049018	0.000761	0.999511	-0.020376	
1706	0.999321	-0.000866	9.546044	0.000866	0.999321	0.156653	
1707	0.993802	-0.001707	10.788012	0.001707	0.993802	1.523262	
1708	0.993580	-0.001580	10.248935	0.001580	0.993580	1.857355	
1709	0.999400	-0.001088	17.391954	0.001088	0.999400	1.497601	
1710	0.999261	-0.000521	8.178576	0.000521	0.999261	1.305445	
1711	0.993987	-0.000226	8.809559	0.000226	0.993987	3.122872	
1712	0.996174	0.000398	7.913574	-0.000398	0.996174	3.214791	
1713	0.998522	-0.000223	7.655984	0.000223	0.998522	2.963320	
1714	0.995552	-0.000180	16.113381	0.000180	0.995552	7.508451	
1715	0.994558	0.000113	8.519002	-0.000113	0.994558	4.647484	
1716	0.993762	0.000234	8.928614	-0.000234	0.993762	4.983978	
1717	0.993668	-0.000078	9.188320	0.000078	0.993668	5.108689	
1718	0.993458	0.000358	9.058829	-0.000358	0.993458	5.617508	
1719	0.985483	0.000766	18.212648	-0.000766	0.985483	12.037200	
1720	0.993746	0.000243	8.479179	-0.000243	0.993746	6.183089	
1721	0.993654	0.000334	8.483404	-0.000334	0.993654	6.505885	
1722	0.993639	0.000824	8.248404	-0.000824	0.993639	6.899926	
1723	0.993817	0.000599	8.280712	-0.000599	0.993817	7.209495	
1724	0.991857	-0.000608	15.328407	0.000608	0.991857	13.295185	
1725	0.994376	0.000940	7.529749	-0.000940	0.994376	7.370807	
1726	0.994921	0.000830	7.035913	-0.000830	0.994921	7.038746	
1727	0.995437	0.000636	6.663453	-0.000636	0.995437	6.441671	
1728	0.995527	0.001636	5.839094	-0.001636	0.995527	6.568283	
1729	0.998767	-0.000408	9.803530	0.000408	0.998767	9.438265	
1730	0.997608	0.000962	4.756659	-0.000962	0.997608	5.645371	
1731	0.999929	-0.000485	4.276387	0.000485	0.999929	4.999919	
1732	0.996933	0.002126	4.324175	-0.002126	0.996933	6.901596	
1733	0.997343	0.001787	4.306907	-0.001787	0.997343	7.282425	
1734	0.999593	-0.000337	8.090411	0.000337	0.999593	13.715485	
1735	0.999845	-0.000225	3.546763	0.000225	0.999845	6.880095	
1736	0.999819	-0.000175	3.469783	0.000175	0.999819	6.655430	
1737	0.996825	0.003257	3.006020	-0.003257	0.996825	7.770258	
1738	0.999078	0.000766	3.140411	-0.000766	0.999078	5.882384	
1739	0.999648	-0.000412	6.184740	0.000412	0.999648	8.185666	
1740	0.998938	0.000697	2.607034	-0.000697	0.998938	3.332318	
1741	0.999625	0.000296	2.052830	-0.000296	0.999625	2.148413	
1742	1.000463	0.000142	1.411726	-0.000142	1.000463	1.295150	
1743	1.000936	0.000045	0.895438	-0.000045	1.000936	0.580997	
1744	1.003965	-0.000258	0.503787	0.000258	1.003965	0.015514	
1745	1.002291	0.000204	-0.317722	-0.000204	1.002291	0.163657	
1746	1.001850	0.000293	-0.576857	-0.000293	1.001850	0.209743	
1747	1.001951	0.000370	-0.674506	-0.000370	1.001951	0.333252	
1748	1.002642	0.000311	-1.082538	-0.000311	1.002642	0.234065	
1749	1.008169	0.000262	-3.720360	-0.000262	1.008169	-0.431869	
1750	1.002377	0.000258	-1.775969	-0.000258	1.002377	0.297310	
1751	1.002741	0.000326	-2.053803	-0.000326	1.002741	0.124612	
1752	1.003251	0.000509	-2.417749	-0.000509	1.003251	-0.122329	
1753	1.003100	0.000448	-2.473406	-0.000448	1.003100	-0.286125	
1754	1.006342	0.000575	-5.170035	-0.000575	1.006342	-0.811825	
1755	1.003233	0.000313	-2.586460	-0.000313	1.003233	-0.590685	
1756	1.003287	0.000307	-2.664922	-0.000307	1.003287	-0.620684	
1757	1.002688	0.000388	-2.519597	-0.000388	1.002688	-0.339773	
1758	1.002369	0.000346	-2.206064	-0.000346	1.002369	-0.109636	
1759	1.005348	0.000483	-4.387244	-0.000483	1.005348	-0.990073	
1760	1.002938	0.000313	-2.225894	-0.000313	1.002938	-0.497968	
1761	1.002443	0.000034	-2.034742	-0.000034	1.002443	-0.635242	
1762	1.002603	0.000300	-2.084975	-0.000300	1.002603	-0.593322	
1763	1.002654	0.000298	-2.215446	-0.000298	1.002654	-0.569367	
1764	1.004837	0.000547	-3.993321	-0.000547	1.004837	-1.122991	
1765	1.002511	0.000421	-2.011048	-0.000421	1.002511	-0.420666	
1766	1.002568	0.000481	-2.102770	-0.000481	1.002568	-0.355753	
1767	1.002567	0.000469	-2.034797	-0.000469	1.002567	-0.433113	
1768	1.002593	0.000488	-2.053943	-0.000488	1.002593	-0.468274	
1769	1.005062	0.000283	-3.918921	-0.000283	1.005062	-1.731613	
1770	1.002594	0.000272	-1.905587	-0.000272	1.002594	-0.907862	
1771	1.002449	0.000244	-1.783198	-0.000244	1.002449	-0.826742	
1772	1.002601	0.000389	-1.972435	-0.000389	1.002601	-0.728221	
1773	1.002763	0.000535	-2.050241	-0.000535	1.002763	-0.741627	
1774	1.005424	0.000135	-3.883601	-0.000135	1.005424	-2.184727	
1775	1.002739	0.000291	-2.097868	-0.000291	1.002739	-1.195358	
1776	1.002795	0.000162	-2.210791	-0.000162	1.002795	-1.418663	
1777	1.002882	0.000084	-2.186856	-0.000084	1.002882	-1.435996	
1778	1.002739	0.000111	-2.006870	-0.000111	1.002739	-1.462768	
1779	1.005064	0.000082	-3.700088	-0.000082	1.005064	-2.601636	
1780	1.002417	-0.000022	-1.861477	0.000022	1.002417	-1.264378	
1781	1.002650	0.000025	-2.066239	-0.000025	1.002650	-1.290911	
1782	1.002805	0.000010	-2.183441	-0.000010	1.002805	-1.458328	
1783	1.002408	-0.000091	-1.798565	0.000091	1.002408	-1.447696	
1784	1.004909	-0.000201	-4.030120	0.000201	1.004909	-3.269475	
1785	1.002494	0.000029	-2.101230	-0.000029	1.002494	-1.521216	
1786	1.002396	0.000152	-2.054528	-0.000152	1.002396	-1.317624	
1787	1.002403	0.000169	-2.083899	-0.000169	1.002403	-1.164804	
1788	1.002187	0.000167	-1.971673	-0.000167	1.002187	-1.039209	
1789	1.004269	0.000071	-3.731893	-0.000071	1.004269	-2.078721	
1790	1.002210	0.000136	-1.766175	-0.000136	1.002210	-0.871175	
1791	1.002134	0.000152	-1.609744	-0.000152	1.002134	-0.851328	
1792	1.002316	0.000225	-1.730694	-0.000225	1.002316	-0.852718	
1793	1.002202	0.000107	-1.656384	-0.000107	1.002202	-0.901765	
1794	1.004096	0.000187	-3.101107	-0.000187	1.004096	-1.553071	
1795	1.002010	0.000178	-1.388626	-0.000178	1.002010	-0.620536	
1796	1.002120	0.000302	-1.652177	-0.000302	1.002120	-0.636414	
1797	1.002194	0.000189	-1.771018	-0.000189	1.002194	-0.809077	
1798	1.002120	0.000162	-1.744723	-0.000162	1.002120	-0.824001	
1799	1.002141	0.000224	-1.767625	-0.000224	1.002141	-0.753265	
1800	1.004737	0.000442	-4.735957	-0.000442	1.004737	-1.610255	
1801	1.002695	0.000279	-2.844851	-0.000279	1.002695	-0.676857	
1802	1.002732	0.000395	-2.865179	-0.000395	1.002732	-0.496927	
1803	1.002706	0.000401	-2.929934	-0.000401	1.002706	-0.544126	
1804	1.002700	0.000219	-3.203678	-0.000219	1.002700	-0.922669	
1805	1.005225	0.000528	-6.636961	-0.000528	1.005225	-1.804797	
1806	1.002500	0.000276	-2.959830	-0.000276	1.002500	-0.949601	
1807	1.002570	0.000303	-3.139211	-0.000303	1.002570	-0.876202	
1808	1.002643	0.000354	-3.233186	-0.000354	1.002643	-0.860692	
1809	1.002660	0.000348	-3.524501	-0.000348	1.002660	-0.874749	
1810	1.005513	0.000706	-7.817122	-0.000706	1.005513	-1.564041	
1811	1.003198	0.000658	-4.331440	-0.000658	1.003198	-0.754060	
1812	1.003051	0.000495	-4.390877	-0.000495	1.003051	-1.026786	
1813	1.003094	0.000451	-4.646130	-0.000451	1.003094	-1.043143	
1814	1.002933	0.000317	-4.287246	-0.000317	1.002933	-1.052142	
1815	1.005105	0.000765	-7.950583	-0.000765	1.005105	-1.395600	
1816	1.002700	0.000263	-3.937351	-0.000263	1.002700	-0.815227	
1817	1.002412	0.000460	-3.245056	-0.000460	1.002412	-0.495185	
1818	1.002457	0.000320	-3.141569	-0.000320	1.002457	-0.590719	
1819	1.002373	0.000243	-2.890826	-0.000243	1.002373	-0.607662	
1820	1.004206	0.000542	-5.142430	-0.000542	1.004206	-1.087213	
1821	1.002599	0.000233	-2.993662	-0.000233	1.002599	-0.658121	
1822	1.002592	0.000205	-3.021332	-0.000205	1.002592	-0.681105	
1823	1.002582	0.000253	-3.097943	-0.000253	1.002582	-0.635101	
1824	1.001767	0.000336	-2.713369	-0.000336	1.001767	-0.280378	
