0	1.000000	0.000000	0.000000	0.000000	1.000000	0.000000	
1	1.001941	-0.001964	3.163856	0.001964	1.001941	-2.299701	
2	1.001290	-0.001195	1.923599	0.001195	1.001290	-1.534393	
3	1.001283	-0.001248	1.948103	0.001248	1.001283	-1.528881	
4	1.002554	-0.001726	2.324764	0.001726	1.002554	-2.432645	
5	1.001229	-0.001048	1.509263	0.001048	1.001229	-1.346304	
6	1.002332	-0.001651	2.185345	0.001651	1.002332	-2.202932	
7	1.001472	-0.001182	1.400740	0.001182	1.001472	-1.500705	
8	1.001553	-0.001158	1.306680	0.001158	1.001553	-1.535252	
9	1.002336	-0.001451	1.850555	0.001451	1.002336	-2.202425	
10	1.001762	-0.001114	1.046898	0.001114	1.001762	-1.636748	
11	1.002499	-0.001383	1.517832	0.001383	1.002499	-2.190054	
12	1.001626	-0.000936	0.925135	0.000936	1.001626	-1.421512	
13	1.001768	-0.000912	0.859155	0.000912	1.001768	-1.553167	
14	1.002665	-0.001257	1.146522	0.001257	1.002665	-2.264207	
15	1.001684	-0.000842	0.634014	0.000842	1.001684	-1.553241	
16	1.002661	-0.001185	0.880251	0.001185	1.002661	-2.284207	
17	1.001640	-0.000789	0.569532	0.000789	1.001640	-1.584711	
18	1.001645	-0.000734	0.442420	0.000734	1.001645	-1.564692	
19	1.002597	-0.001105	0.722605	0.001105	1.002597	-2.456050	
20	1.001723	-0.000765	0.364785	0.000765	1.001723	-1.723026	
21	1.002747	-0.001107	0.559321	0.001107	1.002747	-2.531445	
22	1.001835	-0.000764	0.384229	0.000764	1.001835	-1.703090	
23	1.001657	-0.000795	0.518524	0.000795	1.001657	-1.579760	
24	1.002678	-0.001031	0.574567	0.001031	1.002678	-2.240655	
25	1.001793	-0.000723	0.399222	0.000723	1.001793	-1.547389	
26	1.002640	-0.001071	0.661437	0.001071	1.002640	-2.190588	
27	1.001772	-0.000702	0.359051	0.000702	1.001772	-1.534746	
28	1.001655	-0.000703	0.376308	0.000703	1.001655	-1.495136	
29	1.002679	-0.000930	0.306909	0.000930	1.002679	-2.214994	
30	1.001622	-0.000727	0.364574	0.000727	1.001622	-1.466815	
31	1.002502	-0.000947	0.352938	0.000947	1.002502	-2.034718	
32	1.001812	-0.000668	0.244570	0.000668	1.001812	-1.410428	
33	1.001691	-0.000732	0.296240	0.000732	1.001691	-1.364780	
34	1.002629	-0.001011	0.392446	0.001011	1.002629	-2.057995	
35	1.001553	-0.000674	0.337818	0.000674	1.001553	-1.287150	
36	1.002597	-0.001000	0.308855	0.001000	1.002597	-2.065571	
37	1.001716	-0.000689	0.253352	0.000689	1.001716	-1.442901	
38	1.001827	-0.000752	0.282571	0.000752	1.001827	-1.604794	
39	1.002693	-0.001237	0.455931	0.001237	1.002693	-2.512666	
40	1.002090	-0.000782	0.195863	0.000782	1.002090	-1.869048	
41	1.003300	-0.001168	0.200606	0.001168	1.003300	-2.788052	
42	1.002093	-0.000781	0.196713	0.000781	1.002093	-1.855148	
43	1.002016	-0.000748	0.176498	0.000748	1.002016	-1.789584	
44	1.003279	-0.001108	0.215739	0.001108	1.003279	-2.784224	
45	1.002020	-0.000832	0.303890	0.000832	1.002020	-1.839242	
46	1.003112	-0.001182	0.316210	0.001182	1.003112	-2.643943	
47	1.002056	-0.000839	0.273596	0.000839	1.002056	-1.825664	
48	1.002213	-0.000830	0.245656	0.000830	1.002213	-1.851697	
49	1.003202	-0.001360	0.494529	0.001360	1.003202	-2.763395	
50	1.002165	-0.000853	0.260918	0.000853	1.002165	-1.779317	
51	1.003211	-0.001210	0.257917	0.001210	1.003211	-2.501293	
52	1.002255	-0.000724	-0.019718	0.000724	1.002255	-1.712368	
53	1.002095	-0.000684	-0.005134	0.000684	1.002095	-1.649784	
54	1.002745	-0.000876	0.074253	0.000876	1.002745	-2.298395	
55	1.001847	-0.000591	0.105574	0.000591	1.001847	-1.648005	
56	1.002592	-0.000915	0.128936	0.000915	1.002592	-2.447439	
57	1.001762	-0.000590	0.048542	0.000590	1.001762	-1.744521	
58	1.001762	-0.000708	0.085683	0.000708	1.001762	-1.789955	
59	1.002720	-0.000928	0.247124	0.000928	1.002720	-2.694952	
60	1.001815	-0.000623	0.252032	0.000623	1.001815	-1.769584	
61	1.002678	-0.001033	0.613135	0.001033	1.002678	-2.590476	
62	1.001472	-0.000674	0.577452	0.000674	1.001472	-1.517763	
63	1.001060	-0.000757	0.913390	0.000757	1.001060	-1.314187	
64	1.000861	-0.001156	1.878737	0.001156	1.000861	-1.431630	
65	1.000451	-0.000701	1.397946	0.000701	1.000451	-0.794047	
66	1.000632	-0.001129	2.131549	0.001129	1.000632	-1.161436	
67	1.000529	-0.000757	1.263366	0.000757	1.000529	-0.842641	
68	1.000521	-0.000716	1.246968	0.000716	1.000521	-0.855424	
69	1.000687	-0.001051	2.062598	0.001051	1.000687	-1.331472	
70	1.000568	-0.000663	1.174278	0.000663	1.000568	-0.941940	
71	1.000785	-0.000903	1.819169	0.000903	1.000785	-1.351727	
72	1.000506	-0.000648	1.106574	0.000648	1.000506	-0.909019	
73	1.000530	-0.000614	1.097511	0.000614	1.000530	-0.903645	
74	1.000710	-0.001009	1.876545	0.001009	1.000710	-1.341767	
75	1.000713	-0.000659	1.096645	0.000659	1.000713	-0.940364	
76	1.000887	-0.001073	1.948244	0.001073	1.000887	-1.312463	
77	1.000646	-0.000819	1.267813	0.000819	1.000646	-0.735152	
78	1.000869	-0.000810	1.194408	0.000810	1.000869	-0.660029	
79	1.001348	-0.001363	2.107761	0.001363	1.001348	-0.884027	
80	1.001280	-0.000930	1.219546	0.000930	1.001280	-0.558771	
81	1.001670	-0.000977	1.114762	0.000977	1.001670	-0.717476	
82	1.002803	-0.001562	1.726563	0.001562	1.002803	-1.197733	
83	1.001917	-0.001080	1.123611	0.001080	1.001917	-0.816592	
84	1.003049	-0.001622	1.664576	0.001622	1.003049	-1.305442	
85	1.002424	-0.001193	0.965133	0.001193	1.002424	-1.023840	
86	1.002344	-0.001122	0.789993	0.001122	1.002344	-0.986776	
87	1.003761	-0.001714	1.097253	0.001714	1.003761	-1.492747	
88	1.002693	-0.001153	0.639140	0.001153	1.002693	-1.057889	
89	1.004407	-0.001549	0.636324	0.001549	1.004407	-1.418921	
90	1.002851	-0.001082	0.392424	0.001082	1.002851	-0.897530	
91	1.002809	-0.001047	0.398028	0.001047	1.002809	-0.803003	
92	1.004608	-0.001519	0.421216	0.001519	1.004608	-1.039705	
93	1.002623	-0.001013	0.437296	0.001013	1.002623	-0.537271	
94	1.004520	-0.001351	0.051127	0.001351	1.004520	-0.786938	
95	1.002891	-0.000806	-0.089744	0.000806	1.002891	-0.392789	
96	1.003060	-0.000726	-0.286410	0.000726	1.003060	-0.483300	
97	1.005390	-0.001094	-0.930564	0.001094	1.005390	-0.940872	
98	1.003270	-0.000654	-0.705413	0.000654	1.003270	-0.719967	
99	1.004731	-0.000855	-1.276267	0.000855	1.004731	-1.080213	
100	1.003272	-0.000512	-1.018114	0.000512	1.003272	-0.757301	
101	1.003426	-0.000489	-1.146813	0.000489	1.003426	-0.802831	
102	1.005049	-0.000570	-1.976483	0.000570	1.005049	-1.020904	
103	1.003488	-0.000232	-1.627086	0.000232	1.003488	-0.652807	
104	1.005452	-0.000273	-2.791023	0.000273	1.005452	-0.948901	
105	1.003270	-0.000071	-1.903650	0.000071	1.003270	-0.331848	
106	1.003452	-0.000073	-2.193416	0.000073	1.003452	-0.317283	
107	1.005364	0.000188	-3.619335	-0.000188	1.005364	-0.093365	
108	1.003266	0.000185	-2.403983	-0.000185	1.003266	0.174325	
109	1.004776	0.000361	-3.578908	-0.000361	1.004776	0.464716	
110	1.002998	0.000219	-2.411255	-0.000219	1.002998	0.496708	
111	1.003120	0.000378	-2.482720	-0.000378	1.003120	0.625764	
112	1.002471	0.002187	-3.420498	-0.002187	1.002471	2.324144	
113	1.003284	0.000260	-2.656356	-0.000260	1.003284	0.598033	
114	1.004938	0.000588	-4.152987	-0.000588	1.004938	1.120356	
115	1.003082	0.000395	-2.937925	-0.000395	1.003082	0.770347	
116	1.002518	0.000080	-2.347342	-0.000080	1.002518	0.601863	
117	1.004622	0.001447	-5.062689	-0.001447	1.004622	1.237464	
118	1.003378	0.000746	-3.805953	-0.000746	1.003378	0.475767	
119	1.005201	0.001385	-6.112232	-0.001385	1.005201	0.732907	
120	1.003397	0.001010	-4.113083	-0.001010	1.003397	0.208333	
121	1.003628	0.000890	-4.304225	-0.000890	1.003628	0.080438	
122	1.005341	0.001276	-6.157019	-0.001276	1.005341	-0.250078	
123	1.003973	0.000802	-4.246467	-0.000802	1.003973	-0.545665	
124	1.006176	0.000695	-6.042718	-0.000695	1.006176	-1.326414	
125	1.003841	0.000421	-3.553544	-0.000421	1.003841	-1.032770	
126	1.003738	0.000484	-3.347325	-0.000484	1.003738	-1.091132	
127	1.006099	0.000564	-5.298676	-0.000564	1.006099	-2.181341	
128	1.003755	0.000412	-3.606059	-0.000412	1.003755	-1.572394	
129	1.006336	0.000896	-5.862897	-0.000896	1.006336	-2.401925	
130	1.003872	0.000517	-3.670741	-0.000517	1.003872	-1.566070	
131	1.004056	0.000581	-3.790076	-0.000581	1.004056	-1.531392	
132	1.005922	0.000704	-5.386923	-0.000704	1.005922	-2.064232	
133	1.003823	0.000360	-3.545116	-0.000360	1.003823	-1.466310	
134	1.006036	0.000802	-5.491102	-0.000802	1.006036	-2.162670	
135	1.003929	0.000541	-3.690100	-0.000541	1.003929	-1.457293	
136	1.003880	0.000555	-3.622655	-0.000555	1.003880	-1.395984	
137	1.005739	0.000842	-5.339546	-0.000842	1.005739	-1.965337	
138	1.003559	0.000246	-3.114622	-0.000246	1.003559	-1.522685	
139	1.004215	0.000318	-3.547481	-0.000318	1.004215	-1.761284	
140	1.002049	0.000007	-1.578839	-0.000007	1.002049	-1.041962	
141	1.002068	-0.000032	-1.340404	0.000032	1.002068	-1.082890	
142	1.003216	-0.000200	-1.776018	0.000200	1.003216	-1.633092	
143	1.001975	-0.000036	-1.227619	0.000036	1.001975	-0.917569	
144	1.002824	-0.000152	-1.936560	0.000152	1.002824	-1.092510	
145	1.001540	-0.000114	-1.095107	0.000114	1.001540	-0.671665	
146	1.001595	-0.000038	-1.085938	0.000038	1.001595	-0.707732	
147	1.002121	-0.000119	-1.446055	0.000119	1.002121	-0.991363	
148	1.001433	-0.000127	-1.090303	0.000127	1.001433	-0.557186	
149	1.002143	0.000012	-1.661405	-0.000012	1.002143	-0.448291	
150	1.001370	-0.000137	-1.038122	0.000137	1.001370	-0.277779	
151	1.001469	-0.000127	-0.983289	0.000127	1.001469	-0.336860	
152	1.002835	0.000005	-1.857175	-0.000005	1.002835	-0.699800	
153	1.002078	0.000005	-1.600816	-0.000005	1.002078	-0.595922	
154	1.003026	0.000037	-2.430939	-0.000037	1.003026	-0.822123	
155	1.001787	-0.000076	-1.381007	0.000076	1.001787	-0.412204	
156	1.001859	-0.000040	-1.205792	0.000040	1.001859	-0.282985	
157	1.002537	0.000049	-1.392181	-0.000049	1.002537	-0.045661	
158	1.001793	-0.000155	-0.870407	0.000155	1.001793	-0.150801	
159	1.002749	-0.000295	-1.299955	0.000295	1.002749	-0.452319	
160	1.001939	-0.000372	-0.578713	0.000372	1.001939	-0.572989	
161	1.002026	-0.000350	-0.386491	0.000350	1.002026	-0.670120	
162	1.003504	-0.000800	-0.281885	0.000800	1.003504	-1.417282	
163	1.002275	-0.000668	0.062674	0.000668	1.002275	-1.028778	
164	1.003287	-0.001049	-0.003570	0.001049	1.003287	-1.615570	
165	1.002568	-0.000470	-0.557982	0.000470	1.002568	-1.273533	
166	1.002551	-0.000390	-0.714695	0.000390	1.002551	-1.329937	
167	1.003414	-0.000205	-1.329690	0.000205	1.003414	-1.634308	
168	1.001916	-0.000156	-0.663966	0.000156	1.001916	-0.949309	
169	1.002024	-0.000122	-0.932511	0.000122	1.002024	-0.941337	
170	1.002857	0.000020	-1.990619	-0.000020	1.002857	-1.042122	
171	1.001911	0.000074	-1.522514	-0.000074	1.001911	-0.585292	
172	1.002882	0.000145	-2.024074	-0.000145	1.002882	-0.884794	
173	1.001918	0.000142	-1.201092	-0.000142	1.001918	-0.543830	
174	1.001830	0.000113	-1.139519	-0.000113	1.001830	-0.577602	
175	1.002522	0.000112	-1.767619	-0.000112	1.002522	-0.934917	
176	1.001758	0.000028	-1.200043	-0.000028	1.001758	-0.651562	
177	1.002536	0.000009	-1.600224	-0.000009	1.002536	-0.794547	
178	1.001477	0.000078	-0.735386	-0.000078	1.001477	-0.293857	
179	1.001495	-0.000027	-0.729291	0.000027	1.001495	-0.291196	
180	1.001760	0.000048	-1.242360	-0.000048	1.001760	-0.124906	
181	1.001015	0.000028	-0.872177	-0.000028	1.001015	0.085808	
182	1.001529	0.000142	-1.391174	-0.000142	1.001529	0.141956	
183	1.001051	0.000048	-0.824592	-0.000048	1.001051	0.063425	
184	1.001091	0.000141	-0.856094	-0.000141	1.001091	0.090286	
185	1.001721	0.000207	-1.432919	-0.000207	1.001721	-0.014789	
186	1.001196	-0.000026	-0.936626	0.000026	1.001196	-0.143522	
187	1.000648	-0.000087	-0.355063	0.000087	1.000648	0.144471	
188	0.999808	-0.000163	0.367357	0.000163	0.999808	0.358070	
189	0.999857	-0.000189	0.320676	0.000189	0.999857	0.347837	
190	0.999774	-0.000206	0.454860	0.000206	0.999774	0.515473	
191	0.999956	-0.000114	0.315555	0.000114	0.999956	0.382653	
192	0.999956	-0.000307	0.549757	0.000307	0.999956	0.426692	
193	1.000097	-0.000179	0.261478	0.000179	1.000097	0.197552	
194	1.000087	-0.000120	0.223399	0.000120	1.000087	0.161139	
195	1.000240	-0.000390	0.468573	0.000390	1.000240	-0.210363	
196	1.000264	-0.000331	0.371224	0.000331	1.000264	-0.316957	
197	1.000337	-0.000563	0.630280	0.000563	1.000337	-0.636842	
198	1.000139	-0.000537	0.596513	0.000537	1.000139	-0.511306	
199	0.999988	-0.000598	0.799205	0.000598	0.999988	-0.501719	
200	0.999918	-0.001001	1.607583	0.001001	0.999918	-0.817898	
201	0.999802	-0.000617	1.044927	0.000617	0.999802	-0.422864	
202	0.999845	-0.001235	1.819191	0.001235	0.999845	-0.850733	
203	0.999826	-0.000600	0.977464	0.000600	0.999826	-0.398198	
204	0.999840	-0.000652	1.105897	0.000652	0.999840	-0.496673	
205	0.999804	-0.001045	2.117079	0.001045	0.999804	-0.825344	
206	1.000006	-0.000635	1.179456	0.000635	1.000006	-0.714353	
207	0.999811	-0.000844	1.485820	0.000844	0.999811	-0.827287	
208	0.999794	-0.000372	0.694744	0.000372	0.999794	-0.360024	
209	0.999733	-0.000340	0.448153	0.000340	0.999733	-0.158752	
210	0.999791	-0.000101	0.245102	0.000101	0.999791	0.058671	
211	0.999804	-0.000024	0.004032	0.000024	0.999804	0.163048	
212	0.999915	0.000317	-0.438108	-0.000317	0.999915	0.124118	
213	0.999862	0.000172	-0.486467	-0.000172	0.999862	0.156607	
214	0.999998	0.000222	-0.456187	-0.000222	0.999998	0.202027	
215	0.999956	0.000366	-0.547385	-0.000366	0.999956	0.203465	
216	1.000062	0.000107	-0.265194	-0.000107	1.000062	0.052587	
217	0.999965	0.000254	-0.578661	-0.000254	0.999965	0.136583	
218	1.000049	0.000342	-0.753089	-0.000342	1.000049	0.217558	
219	0.999975	0.000318	-0.813561	-0.000318	0.999975	0.237783	
220	0.999785	0.000557	-1.054737	-0.000557	0.999785	0.424575	
221	0.999818	0.000440	-0.663645	-0.000440	0.999818	0.305150	
222	0.999925	0.000694	-1.024464	-0.000694	0.999925	0.358780	
223	0.999865	0.000351	-0.826877	-0.000351	0.999865	0.006202	
224	0.999833	0.000316	-0.607807	-0.000316	0.999833	0.004333	
225	0.999926	0.000376	-0.618787	-0.000376	0.999926	0.008656	
226	0.999742	0.000120	-0.010720	-0.000120	0.999742	0.037324	
227	0.999813	0.000026	0.021384	-0.000026	0.999813	0.072301	
228	0.999833	-0.000235	0.307084	0.000235	0.999833	0.014843	
229	0.999805	-0.000487	0.611638	0.000487	0.999805	-0.063129	
230	0.999706	-0.000924	1.652271	0.000924	0.999706	-0.341845	
231	0.999882	-0.000661	1.444451	0.000661	0.999882	-0.315270	
232	0.999660	-0.001379	2.910697	0.001379	0.999660	-0.515656	
233	0.999582	-0.001131	2.436308	0.001131	0.999582	-0.244694	
234	0.999706	-0.001416	2.901211	0.001416	0.999706	-0.481564	
235	0.999399	-0.002332	4.966974	0.002332	0.999399	-0.710823	
236	0.999489	-0.001926	4.043540	0.001926	0.999489	-0.589892	
237	0.999950	-0.002574	6.111074	0.002574	0.999950	-0.937732	
238	1.000408	-0.002075	4.027442	0.002075	1.000408	-1.255697	
239	1.000918	-0.002258	3.782770	0.002258	1.000918	-1.770571	
240	1.003231	-0.000395	5.379337	0.000395	1.003231	-1.642050	
241	1.001857	-0.002159	3.181606	0.002159	1.001857	-2.313257	
242	1.003327	-0.002951	4.279378	0.002951	1.003327	-3.357980	
243	1.002262	-0.001945	2.420342	0.001945	1.002262	-2.353467	
244	1.002027	-0.001751	2.205328	0.001751	1.002027	-2.107876	
245	1.002924	-0.002010	2.672563	0.002010	1.002924	-2.624381	
246	1.001725	-0.001231	1.415358	0.001231	1.001725	-1.752675	
247	1.001710	-0.001172	1.776054	0.001172	1.001710	-1.821707	
248	1.000704	-0.000816	1.084612	0.000816	1.000704	-0.981033	
249	1.000670	-0.000563	0.794043	0.000563	1.000670	-0.832322	
250	1.000764	-0.000578	0.887063	0.000578	1.000764	-1.106535	
251	1.000801	-0.000276	0.165405	0.000276	1.000801	-0.828424	
252	1.001037	-0.000190	-0.174465	0.000190	1.001037	-0.933996	
253	1.001523	0.000060	-0.462367	-0.000060	1.001523	-1.261677	
254	1.001093	0.000194	-0.564186	-0.000194	1.001093	-0.803083	
255	1.001754	0.000206	-0.940583	-0.000206	1.001754	-1.172133	
256	1.001332	0.000090	-0.677361	-0.000090	1.001332	-0.877839	
257	1.001349	-0.000002	-0.543360	0.000002	1.001349	-0.925857	
258	1.001515	-0.000218	-0.489112	0.000218	1.001515	-1.413587	
259	1.001498	-0.000278	-0.365073	0.000278	1.001498	-1.259300	
260	1.002074	-0.000347	-0.528192	0.000347	1.002074	-1.948409	
261	1.001762	-0.000400	-0.376902	0.000400	1.001762	-1.599003	
262	1.001676	-0.000544	-0.066560	0.000544	1.001676	-1.649775	
263	1.002943	-0.001037	0.025191	0.001037	1.002943	-2.792673	
264	1.001959	-0.000881	0.473564	0.000881	1.001959	-1.999662	
265	1.002954	-0.001813	1.389653	0.001813	1.002954	-3.450404	
266	1.002042	-0.001302	1.332899	0.001302	1.002042	-2.378852	
267	1.002083	-0.001606	1.659512	0.001606	1.002083	-2.576768	
268	1.002930	-0.002769	3.136621	0.002769	1.002930	-4.119547	
269	1.002027	-0.001985	2.483485	0.001985	1.002027	-2.791114	
270	1.002452	-0.003385	4.715972	0.003385	1.002452	-4.170711	
271	1.001611	-0.002471	3.537718	0.002471	1.001611	-2.859643	
272	1.001783	-0.002522	3.703547	0.002522	1.001783	-2.999926	
273	1.002706	-0.000403	6.659371	0.000403	1.002706	-2.711686	
274	1.001583	-0.002772	4.258490	0.002772	1.001583	-3.102919	
275	1.002626	-0.000397	7.382873	0.000397	1.002626	-2.780044	
276	1.001725	-0.002837	4.405810	0.002837	1.001725	-3.218226	
277	1.001432	-0.002830	4.485043	0.002830	1.001432	-3.047649	
278	1.002660	-0.000444	7.567352	0.000444	1.002660	-2.588653	
279	1.002170	-0.002649	4.217780	0.002649	1.002170	-3.099087	
280	1.002411	-0.000748	7.285000	0.000748	1.002411	-2.695420	
281	1.001988	-0.002505	3.996573	0.002505	1.001988	-2.946110	
282	1.001325	-0.002580	4.216347	0.002580	1.001325	-2.809582	
283	1.003319	-0.001002	6.011656	0.001002	1.003319	-3.253125	
284	1.001552	-0.002378	3.737048	0.002378	1.001552	-2.982268	
285	0.999043	-0.005755	6.920686	0.005755	0.999043	-4.082004	
286	1.001578	-0.002200	3.083754	0.002200	1.001578	-3.024863	
287	1.001416	-0.001987	2.928183	0.001987	1.001416	-2.782707	
288	1.000473	-0.001681	5.654518	0.001681	1.000473	-3.061247	
289	1.000433	-0.002072	3.366592	0.002072	1.000433	-2.323578	
290	0.999485	-0.004713	5.179410	0.004713	0.999485	-3.668250	
291	1.000306	-0.001692	2.876443	0.001692	1.000306	-2.064010	
292	1.000374	-0.001576	2.634187	0.001576	1.000374	-2.069446	
293	1.001011	-0.001918	3.418670	0.001918	1.001011	-3.103775	
294	1.000447	-0.001161	2.142058	0.001161	1.000447	-1.738689	
295	1.000337	-0.001211	2.035770	0.001211	1.000337	-1.916828	
296	1.000433	-0.000306	0.441654	0.000306	1.000433	-0.940937	
297	1.000589	0.000081	-0.383547	-0.000081	1.000589	-0.737710	
298	1.000876	0.000813	-1.709665	-0.000813	1.000876	-0.591789	
299	1.000873	0.000753	-1.778145	-0.000753	1.000873	-0.458696	
300	1.001295	0.001536	-3.672914	-0.001536	1.001295	-0.700715	
301	1.001245	0.001269	-3.391050	-0.001269	1.001245	-0.678491	
302	1.001455	0.001456	-4.130886	-0.001456	1.001455	-0.898351	
303	1.004760	0.003196	-7.708241	-0.003196	1.004760	-2.068744	
304	1.001724	0.001783	-4.834259	-0.001783	1.001724	-1.227822	
305	0.999795	0.000428	-7.423513	-0.000428	0.999795	-2.957780	
306	1.002090	0.002250	-5.655632	-0.002250	1.002090	-1.286145	
307	1.002825	0.004024	-5.832365	-0.004024	1.002825	-0.032814	
308	0.997707	0.000589	-7.234526	-0.000589	0.997707	-3.390922	
309	1.004738	0.002524	-6.263414	-0.002524	1.004738	-2.148691	
310	0.996737	0.000315	-6.284070	-0.000315	0.996737	-3.789848	
311	1.000271	0.002467	-4.957701	-0.002467	1.000271	-1.088196	
312	0.996779	0.001621	-4.319103	-0.001621	0.996779	-1.223713	
313	0.991816	0.000453	-5.968049	-0.000453	0.991816	-2.653552	
314	0.993808	0.000713	-3.659267	-0.000713	0.993808	-1.097476	
315	0.988713	0.000718	-5.274312	-0.000718	0.988713	-1.035414	
316	0.990623	0.000640	-3.000612	-0.000640	0.990623	0.319141	
317	0.994502	0.003835	-5.076585	-0.003835	0.994502	1.842309	
318	0.984767	0.000634	-6.854535	-0.000634	0.984767	0.747692	
319	1.000961	0.008148	-9.417918	-0.008148	1.000961	2.625904	
320	0.985419	0.000902	-11.235531	-0.000902	0.985419	1.314321	
321	0.989964	0.001468	-8.723866	-0.001468	0.989964	1.585373	
322	0.990496	0.001171	-10.419312	-0.001171	0.990496	1.202539	
323	0.985476	0.001395	-17.310044	-0.001395	0.985476	1.903261	
324	0.989149	0.001470	-11.624834	-0.001470	0.989149	1.840800	
325	0.984502	0.001494	-19.675063	-0.001494	0.984502	2.645365	
326	0.990578	0.001608	-14.457406	-0.001608	0.990578	2.275848	
327	0.989254	0.001659	-14.252270	-0.001659	0.989254	2.547109	
328	0.991069	0.001415	-27.865568	-0.001415	0.991069	2.015127	
329	0.994719	0.001587	-20.073062	-0.001587	0.994719	1.655079	
330	0.994228	0.001822	-32.607624	-0.001822	0.994228	2.367223	
331	0.994315	0.001480	-22.151653	-0.001480	0.994315	2.177638	
332	0.994911	0.001570	-23.219813	-0.001570	0.994911	2.236018	
333	0.992259	0.002310	-36.320736	-0.002310	0.992259	3.385477	
334	0.994689	0.001790	-24.625566	-0.001790	0.994689	2.385409	
335	0.995216	0.001187	-26.444361	-0.001187	0.995216	1.906641	
336	0.991406	0.003015	-40.371853	-0.003015	0.991406	4.343519	
337	0.994549	0.001948	-27.948616	-0.001948	0.994549	3.123283	
338	0.990835	0.003518	-42.709962	-0.003518	0.990835	5.935360	
339	0.995587	0.002389	-29.953216	-0.002389	0.995587	4.113656	
340	0.993880	0.002799	-30.086121	-0.002799	0.993880	4.828898	
341	0.996319	0.003359	-47.818469	-0.003359	0.996319	6.017028	
342	0.994194	0.002451	-30.298827	-0.002451	0.994194	4.525961	
343	0.991365	0.003994	-44.907272	-0.003994	0.991365	6.707279	
344	0.993619	0.002734	-29.449113	-0.002734	0.993619	4.673564	
345	0.994144	0.002229	-28.922503	-0.002229	0.994144	4.174599	
346	0.988130	0.003682	-40.524554	-0.003682	0.988130	6.890702	
347	0.993534	0.002899	-27.039176	-0.002899	0.993534	4.779424	
348	0.989654	0.003785	-38.246987	-0.003785	0.989654	6.730876	
349	0.994499	0.002590	-25.324309	-0.002590	0.994499	4.271861	
350	0.994881	0.003025	-24.399102	-0.003025	0.994881	4.379631	
351	0.998154	0.003982	-38.460016	-0.003982	0.998154	4.253380	
352	0.999222	0.002623	-24.453338	-0.002623	0.999222	2.585100	
353	1.000605	0.003376	-36.964946	-0.003376	1.000605	3.179843	
354	1.001457	0.002967	-24.182490	-0.002967	1.001457	2.175239	
355	0.998645	0.002307	-20.899217	-0.002307	0.998645	2.753518	
356	0.999616	0.003212	-32.940291	-0.003212	0.999616	3.398992	
357	1.003124	0.002360	-22.420850	-0.002360	1.003124	1.044207	
358	0.999884	0.002932	-31.219927	-0.002932	0.999884	2.762478	
359	1.000246	0.002078	-20.111519	-0.002078	1.000246	1.586347	
360	0.999845	0.001873	-18.855086	-0.001873	0.999845	1.395885	
361	0.999461	0.002890	-27.125899	-0.002890	0.999461	2.121543	
362	1.000863	0.001711	-18.091835	-0.001711	1.000863	0.864030	
363	1.000390	0.002661	-25.631288	-0.002661	1.000390	1.830793	
364	1.000341	0.001646	-16.544566	-0.001646	1.000341	1.374681	
365	1.000179	0.001878	-15.896690	-0.001878	1.000179	1.640414	
366	1.000867	0.002535	-22.780999	-0.002535	1.000867	2.051907	
367	1.000449	0.001486	-14.197724	-0.001486	1.000449	1.233048	
368	1.000658	0.002318	-20.946933	-0.002318	1.000658	1.615517	
369	1.000590	0.001592	-13.050526	-0.001592	1.000590	0.785731	
370	1.000537	0.001292	-12.533835	-0.001292	1.000537	0.433763	
371	1.000337	0.001965	-17.791706	-0.001965	1.000337	0.898396	
372	1.000046	0.001168	-10.584461	-0.001168	1.000046	0.904906	
373	0.999230	0.001721	-14.091535	-0.001721	0.999230	2.372260	
374	0.999577	0.000746	-8.484818	-0.000746	0.999577	2.043903	
375	0.999332	0.000866	-7.820649	-0.000866	0.999332	2.911604	
376	0.999299	0.001346	-11.704564	-0.001346	0.999299	5.302159	
377	0.999571	0.000967	-7.249142	-0.000967	0.999571	4.318740	
378	0.999461	0.001248	-10.279748	-0.001248	0.999461	6.792713	
379	0.998787	0.003488	-5.242081	-0.003488	0.998787	5.529723	
380	0.997547	0.002409	-3.753448	-0.002409	0.997547	5.191561	
381	0.999641	0.000853	-8.937237	-0.000853	0.999641	5.744688	
382	0.993447	0.000935	2.089039	-0.000935	0.993447	5.163678	
383	0.999600	0.000849	-7.831799	-0.000849	0.999600	5.442141	
384	0.999390	0.002539	-4.025376	-0.002539	0.999390	3.742261	
385	0.999487	0.002441	-3.936566	-0.002441	0.999487	3.694810	
386	1.002045	0.002187	-8.095196	-0.002187	1.002045	4.232037	
387	1.000805	0.001875	-4.130598	-0.001875	1.000805	2.630971	
388	1.001387	0.002732	-5.750379	-0.002732	1.001387	3.877535	
389	1.001220	0.001322	-3.473367	-0.001322	1.001220	2.182008	
390	1.001685	0.001299	-3.844362	-0.001299	1.001685	1.767136	
391	0.997849	0.000123	-0.169631	-0.000123	0.997849	2.998941	
392	1.002222	0.001288	-3.882922	-0.001288	1.002222	1.356198	
393	1.003429	0.001871	-5.928141	-0.001871	1.003429	2.059391	
394	1.002178	0.001203	-3.411994	-0.001203	1.002178	1.278834	
395	1.002295	0.001087	-3.602765	-0.001087	1.002295	1.107547	
396	1.003471	0.001368	-4.558605	-0.001368	1.003471	1.661822	
397	1.002636	0.000430	-2.170116	-0.000430	1.002636	0.741449	
398	1.003674	0.000151	-2.105318	-0.000151	1.003674	0.818870	
399	1.002607	-0.000277	-0.820785	0.000277	1.002607	0.162769	
400	1.002802	-0.000575	-0.410982	0.000575	1.002802	-0.110558	
401	1.004411	-0.001135	0.553788	0.001135	1.004411	0.011568	
402	1.002654	-0.000923	0.470964	0.000923	1.002654	-0.378134	
403	1.003815	-0.001131	-0.017961	0.001131	1.003815	0.000338	
404	1.002413	-0.000485	-0.556513	0.000485	1.002413	0.088900	
405	1.002540	-0.000148	-0.994061	0.000148	1.002540	0.219232	
406	1.003684	-0.000055	-1.256287	0.000055	1.003684	0.635020	
407	1.002586	-0.000223	-0.844799	0.000223	1.002586	0.145729	
408	1.002801	-0.000335	-0.602442	0.000335	1.002801	0.507057	
409	0.999777	-0.000245	1.241491	0.000245	0.999777	1.314537	
410	0.999637	-0.000774	1.305568	0.000774	0.999637	0.698188	
411	0.999459	-0.000186	0.640465	0.000186	0.999459	1.775952	
412	0.999748	0.000335	-0.458387	-0.000335	0.999748	1.295321	
413	0.999556	0.001108	-1.517730	-0.001108	0.999556	2.294600	
414	0.999857	0.000786	-1.294921	-0.000786	0.999857	1.434172	
415	1.000169	0.000696	-1.460349	-0.000696	1.000169	1.023966	
416	0.999603	0.001133	-2.038877	-0.001133	0.999603	1.722720	
417	1.000147	0.000523	-1.589169	-0.000523	1.000147	0.653687	
418	1.000237	0.000543	-1.697273	-0.000543	1.000237	0.554289	
419	1.000243	0.001190	-2.541401	-0.001190	1.000243	1.271755	
420	1.000467	0.000865	-2.015598	-0.000865	1.000467	0.766236	
421	1.001460	0.001376	-3.864681	-0.001376	1.001460	0.863451	
422	1.001255	0.001151	-2.920120	-0.001151	1.001255	0.624918	
423	1.001552	0.000930	-3.286633	-0.000930	1.001552	0.290597	
424	1.002607	0.001674	-5.303399	-0.001674	1.002607	0.506728	
425	1.001868	0.001014	-3.474469	-0.001014	1.001868	0.093980	
426	1.003031	0.001595	-5.361675	-0.001595	1.003031	0.034202	
427	1.001788	0.000936	-3.040516	-0.000936	1.001788	0.006277	
428	1.001813	0.000651	-2.290450	-0.000651	1.001813	-0.123227	
429	1.002793	0.000541	-2.674913	-0.000541	1.002793	-0.480640	
430	1.001596	0.000318	-1.579771	-0.000318	1.001596	-0.235916	
431	1.002698	0.000314	-2.941276	-0.000314	1.002698	-0.756784	
432	1.001656	0.000300	-1.567139	-0.000300	1.001656	-0.395613	
433	1.001738	0.000316	-1.523058	-0.000316	1.001738	-0.451895	
434	1.002074	0.000414	-2.120593	-0.000414	1.002074	-0.549303	
435	1.000714	0.000213	-1.046065	-0.000213	1.000714	-0.177115	
436	1.000134	0.000152	-0.397817	-0.000152	1.000134	0.016792	
437	1.000092	-0.000033	0.238025	0.000033	1.000092	-0.136910	
438	1.000026	-0.000069	0.442751	0.000069	1.000026	-0.311823	
439	1.000187	0.000002	-0.023763	-0.000002	1.000187	-0.713259	
440	1.000138	0.000059	-0.147415	-0.000059	1.000138	-0.748082	
441	1.000589	0.000138	-0.697255	-0.000138	1.000589	-1.433689	
442	1.000273	0.000271	-0.442258	-0.000271	1.000273	-0.948657	
443	1.000380	0.000381	-0.869696	-0.000381	1.000380	-1.050533	
444	1.000878	0.000655	-2.484203	-0.000655	1.000878	-1.900571	
445	1.000356	0.000686	-1.649319	-0.000686	1.000356	-0.885605	
446	1.002073	0.001284	-4.096920	-0.001284	1.002073	-1.709152	
447	1.000042	0.001004	-2.852670	-0.001004	1.000042	-0.301702	
448	0.999217	0.001362	-3.006758	-0.001362	0.999217	0.461675	
449	0.996969	0.000899	-5.277036	-0.000899	0.996969	0.926116	
450	0.997982	0.001934	-3.493255	-0.001934	0.997982	2.027490	
451	0.998678	0.000874	-7.924508	-0.000874	0.998678	1.742660	
452	1.000054	0.002339	-5.308203	-0.002339	1.000054	2.036525	
453	1.000302	0.002262	-5.434557	-0.002262	1.000302	1.850148	
454	0.999888	0.000840	-8.597297	-0.000840	0.999888	1.237144	
455	1.000093	0.001983	-4.870064	-0.001983	1.000093	1.294487	
456	1.000171	0.000645	-7.538334	-0.000645	1.000171	0.205336	
457	1.000514	0.001746	-4.337959	-0.001746	1.000514	0.724482	
458	1.000700	0.001578	-3.925527	-0.001578	1.000700	0.617172	
459	1.002946	0.001797	-7.355159	-0.001797	1.002946	0.180564	
460	1.001894	0.001251	-4.246540	-0.001251	1.001894	0.290831	
461	1.003540	0.001949	-6.987101	-0.001949	1.003540	0.406106	
462	1.002558	0.001160	-4.402851	-0.001160	1.002558	0.174674	
463	1.002932	0.001267	-4.763720	-0.001267	1.002932	0.198514	
464	1.005139	0.001907	-7.727192	-0.001907	1.005139	0.170333	
465	1.004052	0.001270	-5.511485	-0.001270	1.004052	0.051398	
466	1.006351	0.002137	-8.859356	-0.002137	1.006351	0.135941	
467	1.006196	0.002059	-7.411452	-0.002059	1.006196	-0.305700	
468	1.006672	0.001764	-7.927549	-0.001764	1.006672	-0.545223	
469	1.012270	0.001110	-13.704613	-0.001110	1.012270	-2.110822	
470	1.007231	0.001366	-7.926808	-0.001366	1.007231	-1.426132	
471	1.011769	0.001599	-12.158018	-0.001599	1.011769	-2.780649	
472	1.007098	0.000918	-6.745025	-0.000918	1.007098	-1.927963	
473	1.007488	0.000756	-6.803579	-0.000756	1.007488	-2.274423	
474	1.010131	0.000943	-9.298849	-0.000943	1.010131	-2.987513	
475	1.005372	0.000529	-4.510087	-0.000529	1.005372	-1.624435	
476	1.005872	0.000600	-5.166686	-0.000600	1.005872	-1.645416	
477	1.002079	0.000390	-2.150623	-0.000390	1.002079	-0.287003	
478	1.000172	0.000483	-0.896613	-0.000483	1.000172	0.586531	
479	0.999632	0.000734	-1.045638	-0.000734	0.999632	1.258526	
480	0.999979	0.000445	-0.592574	-0.000445	0.999979	0.639739	
481	0.999735	0.000657	-0.726950	-0.000657	0.999735	0.997334	
482	0.999978	0.000334	-0.256982	-0.000334	0.999978	0.576181	
483	0.999979	0.000257	-0.246733	-0.000257	0.999979	0.567362	
484	0.999908	0.000370	-0.615071	-0.000370	0.999908	0.827450	
485	0.999835	0.000389	-0.522896	-0.000389	0.999835	0.729064	
486	0.999760	0.000629	-1.013148	-0.000629	0.999760	1.025220	
487	0.999912	0.000540	-0.929421	-0.000540	0.999912	0.748551	
488	0.999943	0.000528	-1.047651	-0.000528	0.999943	0.826160	
489	0.999616	0.000904	-1.637510	-0.000904	0.999616	1.537202	
490	0.999790	0.000491	-0.694839	-0.000491	0.999790	0.924570	
491	0.999714	0.000561	-0.776532	-0.000561	0.999714	1.156657	
492	1.000407	0.000405	-1.003683	-0.000405	1.000407	0.400604	
493	1.001186	0.000593	-1.855641	-0.000593	1.001186	0.079892	
494	1.002543	0.000962	-3.791998	-0.000962	1.002543	-0.141680	
495	1.001766	0.000985	-3.100347	-0.000985	1.001766	0.146168	
496	1.003900	0.001695	-6.913533	-0.001695	1.003900	0.246343	
497	1.002294	0.001495	-4.744104	-0.001495	1.002294	0.710204	
498	1.002652	0.001672	-4.975448	-0.001672	1.002652	0.711025	
499	1.004536	0.002143	-7.671287	-0.002143	1.004536	0.829917	
500	1.002720	0.001468	-5.033515	-0.001468	1.002720	0.754286	
501	1.002639	0.001480	-5.209872	-0.001480	1.002639	0.918004	
502	1.004607	0.002154	-8.583683	-0.002154	1.004607	1.750127	
503	1.002426	0.001338	-4.662531	-0.001338	1.002426	1.366221	
504	1.004553	0.001707	-7.145403	-0.001707	1.004553	1.936918	
505	1.002491	0.000980	-3.892078	-0.000980	1.002491	1.052026	
506	1.002369	0.000824	-3.648990	-0.000824	1.002369	1.167273	
507	1.002495	0.000646	-3.362383	-0.000646	1.002495	2.167928	
508	0.999396	0.000314	0.083925	-0.000314	0.999396	2.878326	
509	0.997706	-0.000262	1.862237	0.000262	0.997706	4.998710	
510	0.998629	-0.000592	1.582707	0.000592	0.998629	2.655848	
511	0.998399	-0.000738	2.142896	0.000738	0.998399	2.697711	
512	0.997591	-0.000900	3.535502	0.000900	0.997591	4.087180	
513	0.996060	-0.000659	3.725297	0.000659	0.996060	4.286081	
514	0.990582	-0.000867	8.014225	0.000867	0.990582	8.337815	
515	0.991719	-0.000912	6.818024	0.000912	0.991719	6.230987	
516	0.991947	-0.000984	6.611419	0.000984	0.991947	5.583975	
517	0.988803	-0.001125	9.085564	0.001125	0.988803	6.553171	
518	0.993032	-0.000701	5.693797	0.000701	0.993032	2.878453	
519	0.990417	-0.000811	7.853626	0.000811	0.990417	2.398546	
520	0.994059	-0.000709	4.687426	0.000709	0.994059	0.813263	
521	0.994353	-0.000466	4.237255	0.000466	0.994353	0.638327	
522	0.989406	-0.000366	7.889488	0.000366	0.989406	1.324822	
523	0.994649	-0.000465	3.793739	0.000465	0.994649	0.659088	
524	0.991051	0.000094	5.951208	-0.000094	0.991051	2.133045	
525	0.993966	-0.000163	3.840009	0.000163	0.993966	1.342991	
526	0.993614	-0.000399	4.100410	0.000399	0.993614	1.318971	
527	0.990248	-0.000051	6.517925	0.000051	0.990248	2.825861	
528	0.994015	-0.000422	4.122622	0.000422	0.994015	1.191782	
529	0.989031	-0.000278	8.003098	0.000278	0.989031	1.912228	
530	0.995744	-0.000494	3.444085	0.000494	0.995744	0.295508	
531	0.996793	-0.000604	3.203467	0.000604	0.996793	-0.342807	
532	0.998143	-0.002401	3.854907	0.002401	0.998143	-2.314658	
533	1.000270	-0.000553	1.406281	0.000553	1.000270	-1.635696	
534	1.000984	-0.000733	2.010567	0.000733	1.000984	-2.701939	
535	1.000615	-0.000930	1.789248	0.000930	1.000615	-2.003978	
536	1.001117	-0.000959	1.330393	0.000959	1.001117	-2.074095	
537	1.001246	-0.001816	3.555362	0.001816	1.001246	-3.623299	
538	1.000752	-0.001569	3.241807	0.001569	1.000752	-2.637062	
539	1.000098	-0.000490	7.066721	0.000490	1.000098	-3.310589	
540	1.001128	-0.001967	3.761751	0.001967	1.001128	-3.216387	
541	1.002891	-0.002509	1.987229	0.002509	1.002891	-4.330118	
542	1.000773	-0.002617	5.328402	0.002617	1.000773	-3.704724	
543	1.000509	-0.001425	2.905778	0.001425	1.000509	-1.932062	
544	1.000241	-0.001781	3.987989	0.001781	1.000241	-2.179029	
545	1.000685	-0.001294	1.762110	0.001294	1.000685	-1.724113	
546	1.000797	-0.001207	1.690763	0.001207	1.000797	-1.750943	
547	1.000294	-0.001437	3.254171	0.001437	1.000294	-1.982024	
548	1.000448	-0.000935	2.113509	0.000935	1.000448	-1.481222	
549	1.000223	-0.001588	3.976377	0.001588	1.000223	-2.293995	
550	1.000764	-0.001031	2.106671	0.001031	1.000764	-1.833023	
551	1.000599	-0.001232	2.624309	0.001232	1.000599	-2.082585	
552	1.000425	-0.002297	5.119301	0.002297	1.000425	-3.129749	
553	1.000275	-0.001500	3.531564	0.001500	1.000275	-2.002549	
554	1.000660	-0.002186	5.130261	0.002186	1.000660	-2.842470	
555	0.999943	-0.001203	2.760407	0.001203	0.999943	-1.287741	
556	1.000247	-0.001087	2.206154	0.001087	1.000247	-1.156722	
557	1.000328	-0.000941	2.534276	0.000941	1.000328	-1.022138	
558	1.000385	-0.000459	0.962538	0.000459	1.000385	-0.629626	
559	1.000977	-0.000402	0.350790	0.000402	1.000977	-1.016839	
560	1.000677	-0.000191	-0.041247	0.000191	1.000677	-0.711812	
561	1.000830	-0.000168	-0.116811	0.000168	1.000830	-0.833539	
562	1.001275	-0.000118	-0.037867	0.000118	1.001275	-1.163701	
563	1.001076	-0.000105	-0.306961	0.000105	1.001076	-0.999787	
564	1.001907	-0.000221	-0.590716	0.000221	1.001907	-1.551507	
565	1.001312	-0.000191	-0.058636	0.000191	1.001312	-1.092527	
566	1.001157	-0.000315	0.411091	0.000315	1.001157	-1.056051	
567	1.001865	-0.000446	0.612683	0.000446	1.001865	-1.711216	
568	1.001081	-0.000333	0.379210	0.000333	1.001081	-1.176914	
569	1.002029	-0.000639	0.345766	0.000639	1.002029	-2.183892	
570	1.001095	-0.000322	0.438536	0.000322	1.001095	-1.360112	
571	1.001294	-0.000317	0.151615	0.000317	1.001294	-1.432839	
572	1.001928	-0.000465	-0.404461	0.000465	1.001928	-1.955914	
573	1.000513	-0.000177	0.036480	0.000177	1.000513	-0.772061	
574	1.000191	-0.000232	0.342603	0.000232	1.000191	-0.569752	
575	0.999776	0.000065	0.022319	-0.000065	0.999776	0.118565	
576	0.999807	0.000256	-0.364587	-0.000256	0.999807	0.398016	
577	0.999530	0.000534	-0.862423	-0.000534	0.999530	1.280578	
578	0.999729	0.000521	-1.009584	-0.000521	0.999729	1.196283	
579	0.999478	0.001093	-1.895067	-0.001093	0.999478	2.376247	
580	0.999563	0.000968	-1.602473	-0.000968	0.999563	2.025877	
581	0.999718	0.000932	-2.086794	-0.000932	0.999718	1.929610	
582	0.999529	0.001808	-4.143508	-0.001808	0.999529	3.386862	
583	0.999790	0.001465	-3.392787	-0.001465	0.999790	2.067657	
584	0.999962	0.001643	-3.902100	-0.001643	0.999962	1.818740	
585	1.001545	0.003128	-7.946964	-0.003128	1.001545	1.904419	
586	1.001573	0.002116	-6.385790	-0.002116	1.001573	0.751151	
587	1.003144	0.000357	-11.349684	-0.000357	1.003144	-1.094323	
588	1.003113	0.001607	-8.072579	-0.001607	1.003113	-0.407863	
589	1.003324	0.002017	-8.087314	-0.002017	1.003324	-0.311966	
590	1.005110	0.001284	-12.384373	-0.001284	1.005110	-1.553102	
591	1.003929	0.001758	-8.277419	-0.001758	1.003929	-0.818983	
592	1.006028	0.001015	-11.938705	-0.001015	1.006028	-2.355489	
593	1.004186	0.001710	-7.125481	-0.001710	1.004186	-1.078263	
594	1.003323	0.001828	-5.789386	-0.001828	1.003323	-0.691215	
595	1.005933	0.001834	-8.560936	-0.001834	1.005933	-1.929284	
596	1.003275	0.001086	-4.646716	-0.001086	1.003275	-1.078979	
597	1.005393	0.001012	-6.106725	-0.001012	1.005393	-2.051807	
598	1.004086	0.000571	-4.158211	-0.000571	1.004086	-1.511922	
599	1.004114	0.000405	-3.981039	-0.000405	1.004114	-1.528035	
600	1.005040	0.000382	-4.527421	-0.000382	1.005040	-1.871994	
601	1.003907	0.000188	-3.209738	-0.000188	1.003907	-1.471843	
602	1.005326	0.000217	-3.882368	-0.000217	1.005326	-2.105295	
603	1.003755	-0.000012	-2.618426	0.000012	1.003755	-1.596198	
604	1.003738	-0.000073	-2.635928	0.000073	1.003738	-1.639874	
605	1.005487	-0.000017	-3.753098	0.000017	1.005487	-2.404308	
606	1.003870	-0.000016	-2.743032	0.000016	1.003870	-1.659747	
607	1.005111	0.000067	-3.693414	-0.000067	1.005111	-2.145831	
608	1.003085	0.000096	-2.353625	-0.000096	1.003085	-1.181738	
609	1.003085	0.000156	-2.330812	-0.000156	1.003085	-1.164268	
610	1.004201	0.000074	-3.015819	-0.000074	1.004201	-1.837198	
611	1.002937	-0.000014	-2.161266	0.000014	1.002937	-1.372966	
612	1.003816	0.000108	-2.842440	-0.000108	1.003816	-1.902550	
613	1.002521	0.000053	-2.098817	-0.000053	1.002521	-1.337376	
614	1.001883	0.000126	-1.678584	-0.000126	1.001883	-1.057087	
615	1.002446	0.000175	-2.000178	-0.000175	1.002446	-1.593456	
616	1.001871	0.000133	-1.573443	-0.000133	1.001871	-1.150966	
617	1.002413	0.000254	-1.899775	-0.000254	1.002413	-1.462328	
618	1.001709	0.000164	-1.434858	-0.000164	1.001709	-0.964301	
619	1.001831	0.000163	-1.470722	-0.000163	1.001831	-0.974101	
620	1.003283	0.000161	-2.467986	-0.000161	1.003283	-1.648214	
621	1.002196	0.000021	-1.570711	-0.000021	1.002196	-1.092662	
622	1.002990	-0.000001	-1.872217	0.000001	1.002990	-1.615163	
623	1.002310	0.000025	-1.495185	-0.000025	1.002310	-1.206104	
624	1.002496	0.000030	-1.676453	-0.000030	1.002496	-1.277578	
625	1.003158	-0.000257	-1.605578	0.000257	1.003158	-2.003030	
626	1.002373	-0.000085	-1.319770	0.000085	1.002373	-1.438846	
627	1.003464	-0.000511	-1.408089	0.000511	1.003464	-2.513175	
628	1.002365	-0.000270	-1.021699	0.000270	1.002365	-1.749958	
629	1.002300	-0.000398	-0.871441	0.000398	1.002300	-1.867660	
630	1.003716	-0.000774	-1.160881	0.000774	1.003716	-3.195456	
631	1.002580	-0.000433	-0.871483	0.000433	1.002580	-2.149620	
632	1.004103	-0.000787	-1.212431	0.000787	1.004103	-3.478431	
633	1.002681	-0.000460	-0.941791	0.000460	1.002681	-2.304096	
634	1.002269	-0.000567	-0.630320	0.000567	1.002269	-2.249050	
635	1.003714	-0.000766	-0.760169	0.000766	1.003714	-3.453205	
636	1.002580	-0.000674	-0.589510	0.000674	1.002580	-2.528574	
637	1.002809	-0.001004	0.107994	0.001004	1.002809	-3.450165	
638	1.001196	-0.000662	0.591745	0.000662	1.001196	-2.054333	
639	1.001332	-0.001065	0.885403	0.001065	1.001332	-2.498336	
640	1.001529	-0.001949	2.755796	0.001949	1.001529	-4.158152	
641	1.001298	-0.001246	1.703614	0.001246	1.001298	-2.897918	
642	1.001409	-0.002330	4.068459	0.002330	1.001409	-4.706156	
643	1.001118	-0.001710	2.819605	0.001710	1.001118	-3.307321	
644	1.000987	-0.001730	3.189724	0.001730	1.000987	-3.152888	
645	0.999606	-0.001490	7.276097	0.001490	0.999606	-3.929920	
646	1.000595	-0.002220	4.057156	0.002220	1.000595	-3.107090	
647	0.998812	-0.001039	9.361907	0.001039	0.998812	-3.084884	
648	0.999381	-0.000561	6.653718	0.000561	0.999381	-1.904950	
649	0.999189	-0.001748	6.832310	0.001748	0.999189	-2.479317	
650	0.998771	-0.000583	11.224422	0.000583	0.998771	-2.531957	
651	0.997370	-0.004690	7.753697	0.004690	0.997370	-2.641875	
652	0.996103	-0.000500	12.839987	0.000500	0.996103	-1.216502	
653	0.996959	-0.003646	8.518012	0.003646	0.996959	-2.347440	
654	0.996725	-0.000231	10.005660	0.000231	0.996725	-0.880069	
655	0.994941	-0.000945	16.502877	0.000945	0.994941	-2.042238	
656	0.996370	-0.000635	12.043064	0.000635	0.996370	-1.317181	
657	0.994612	-0.001054	19.700492	0.001054	0.994612	-1.980252	
658	0.996286	-0.000832	14.075907	0.000832	0.996286	-1.463061	
659	0.996113	-0.000855	14.763604	0.000855	0.996113	-1.548106	
660	0.994188	-0.001161	23.356989	0.001161	0.994188	-2.752100	
661	0.995891	-0.000856	16.400006	0.000856	0.995891	-1.932496	
662	0.994040	-0.001330	26.189555	0.001330	0.994040	-3.220761	
663	0.996418	-0.001105	17.898501	0.001105	0.996418	-2.758944	
664	0.994826	-0.000900	19.804974	0.000900	0.994826	-2.350791	
665	0.992720	-0.001421	30.972919	0.001421	0.992720	-4.479349	
666	1.000841	-0.000805	15.664858	0.000805	1.000841	-3.873383	
667	0.997221	-0.000712	20.580237	0.000712	0.997221	-3.155917	
668	0.992725	-0.001953	34.272352	0.001953	0.992725	-5.859296	
669	0.997496	-0.000874	21.173009	0.000874	0.997496	-3.464461	
670	0.993478	-0.001249	34.677877	0.001249	0.993478	-4.911548	
671	0.996453	-0.000554	22.464224	0.000554	0.996453	-2.577519	
672	0.997760	-0.001583	22.158624	0.001583	0.997760	-3.211061	
673	0.992302	-0.001976	36.073877	0.001976	0.992302	-2.924460	
674	0.994703	-0.001554	23.750115	0.001554	0.994703	-1.327394	
675	0.992018	-0.001892	36.648807	0.001892	0.992018	-1.569119	
676	0.994930	-0.001256	23.873702	0.001256	0.994930	-0.850116	
677	0.995335	-0.001337	23.523354	0.001337	0.995335	-1.212975	
678	0.991030	-0.002390	36.332329	0.002390	0.991030	-1.695781	
679	0.995368	-0.001463	22.266648	0.001463	0.995368	-1.271877	
680	0.991891	-0.002078	33.481582	0.002078	0.991891	-1.860204	
681	0.995389	-0.001518	20.985444	0.001518	0.995389	-1.406221	
682	0.997299	-0.000875	18.358868	0.000875	0.997299	-1.294929	
683	0.992441	-0.002566	30.212740	0.002566	0.992441	-2.349947	
684	0.994724	-0.001375	19.270651	0.001375	0.994724	-1.248744	
685	0.991637	-0.001770	28.791081	0.001770	0.991637	-1.546401	
686	0.994842	-0.001129	18.545745	0.001129	0.994842	-0.705236	
687	0.995597	-0.001330	17.357167	0.001330	0.995597	-0.777761	
688	0.992483	-0.002575	27.782086	0.002575	0.992483	-0.469657	
689	0.997558	-0.000867	15.338629	0.000867	0.997558	-0.014473	
690	0.992491	-0.002156	26.733393	0.002156	0.992491	0.614912	
691	0.995273	-0.001216	17.360606	0.001216	0.995273	0.627784	
692	0.995084	-0.001377	17.022216	0.001377	0.995084	0.671383	
693	0.992917	-0.001740	24.581480	0.001740	0.992917	0.975904	
694	1.006474	-0.007516	3.035324	0.007516	1.006474	-7.374364	
695	0.992353	-0.001612	23.652463	0.001612	0.992353	0.489095	
696	1.004765	-0.008301	3.675377	0.008301	1.004765	-7.380317	
697	1.005687	-0.007892	3.665907	0.007892	1.005687	-8.163195	
698	0.992484	-0.001273	23.135608	0.001273	0.992484	0.905011	
699	1.005605	-0.007139	2.788029	0.007139	1.005605	-7.416393	
700	0.994256	-0.001124	21.350094	0.001124	0.994256	0.015484	
701	0.999259	-0.000241	11.186737	0.000241	0.999259	-0.696123	
702	0.999424	-0.000565	11.644917	0.000565	0.999424	-1.185905	
703	0.997779	-0.001060	19.184186	0.001060	0.997779	-1.644716	
704	0.999981	-0.000557	10.822650	0.000557	0.999981	-1.504782	
705	0.999885	-0.000960	16.847932	0.000960	0.999885	-2.342829	
706	1.000689	-0.000351	9.972911	0.000351	1.000689	-1.597696	
707	0.999765	-0.000752	11.374964	0.000752	0.999765	-1.814228	
708	0.997855	-0.001658	19.768116	0.001658	0.997855	-2.299905	
709	0.999808	-0.000861	11.521125	0.000861	0.999808	-1.717809	
710	0.997923	-0.001766	20.266850	0.001766	0.997923	-1.998404	
711	0.999908	-0.000717	11.821369	0.000717	0.999908	-1.079403	
712	0.999068	-0.000778	12.567198	0.000778	0.999068	-0.668120	
713	0.997612	-0.001603	20.195891	0.001603	0.997612	-0.233979	
714	0.999043	-0.000740	12.322887	0.000740	0.999043	0.303746	
715	0.998710	-0.001647	18.888248	0.001647	0.998710	0.167810	
716	1.000489	-0.000866	11.048302	0.000866	1.000489	-0.054892	
717	1.008202	-0.006824	3.284725	0.006824	1.008202	-7.387658	
718	1.000124	-0.001305	17.157399	0.001305	1.000124	-0.346529	
719	1.008071	-0.006059	3.221752	0.006059	1.008071	-7.242693	
720	1.000264	-0.001573	17.303426	0.001573	1.000264	-1.355286	
721	1.000724	-0.000847	10.424135	0.000847	1.000724	-0.890846	
722	1.000795	-0.001230	10.785596	0.001230	1.000795	-1.189344	
723	1.000070	-0.001407	17.726359	0.001407	1.000070	-0.815607	
724	1.000184	-0.001008	11.419937	0.001008	1.000184	-0.465982	
725	1.000290	-0.001394	17.939059	0.001394	1.000290	-0.630816	
726	1.000270	-0.000932	11.628294	0.000932	1.000270	-0.529342	
727	1.002047	-0.001161	9.733798	0.001161	1.002047	-1.149156	
728	1.000339	-0.001641	18.256834	0.001641	1.000339	-0.977884	
729	1.001064	-0.001485	10.488509	0.001485	1.001064	-1.011708	
730	1.000045	-0.001645	18.667392	0.001645	1.000045	-0.674700	
731	1.000279	-0.001112	11.922406	0.001112	1.000279	-0.447270	
732	1.000342	-0.001031	11.974031	0.001031	1.000342	-0.377874	
733	0.999914	-0.001662	18.646133	0.001662	0.999914	-0.409865	
734	1.000553	-0.001351	11.324874	0.001351	1.000553	-0.500005	
735	1.000607	-0.001840	17.400764	0.001840	1.000607	-0.411011	
736	1.000382	-0.000832	10.786875	0.000832	1.000382	0.190262	
737	1.000396	-0.000791	10.971833	0.000791	1.000396	0.219968	
738	0.999041	-0.001069	17.907100	0.001069	0.999041	0.770656	
739	1.000098	-0.000736	10.101102	0.000736	1.000098	0.384660	
740	0.999380	-0.001393	15.957466	0.001393	0.999380	0.530466	
741	0.999618	-0.000837	9.618844	0.000837	0.999618	0.439760	
742	0.999974	-0.000709	9.061178	0.000709	0.999974	0.443350	
743	0.999491	-0.000997	13.214899	0.000997	0.999491	1.449218	
744	1.003545	-0.006643	3.979403	0.006643	1.003545	-5.259461	
745	0.999916	-0.000731	10.148807	0.000731	0.999916	2.754171	
746	1.000504	-0.001682	5.197328	0.001682	1.000504	1.139087	
747	0.997688	-0.002504	5.929623	0.002504	0.997688	1.077679	
748	0.992721	-0.002903	9.351054	0.002903	0.992721	3.751409	
749	0.998600	-0.001922	4.610412	0.001922	0.998600	1.210181	
750	0.996877	-0.002194	4.986687	0.002194	0.996877	1.481277	
751	0.999163	-0.000884	6.463552	0.000884	0.999163	2.044984	
752	0.998920	-0.001663	4.074560	0.001663	0.998920	0.010880	
753	0.997653	-0.001964	6.829844	0.001964	0.997653	-0.025977	
754	0.997828	-0.001675	4.441013	0.001675	0.997828	-0.192027	
755	0.998490	-0.001621	4.279395	0.001621	0.998490	-0.542631	
756	0.997793	-0.003076	6.571704	0.003076	0.997793	-1.178170	
757	0.997786	-0.001880	4.810146	0.001880	0.997786	-0.204759	
758	0.997251	-0.002631	7.319652	0.002631	0.997251	-0.084685	
759	0.997978	-0.001746	4.754582	0.001746	0.997978	0.125621	
760	0.998274	-0.001829	4.518617	0.001829	0.998274	0.004068	
761	0.998788	-0.002568	6.622627	0.002568	0.998788	-0.235740	
762	0.999190	-0.001843	4.367712	0.001843	0.999190	-0.016612	
763	0.999695	-0.000700	6.801145	0.000700	0.999695	1.929499	
764	0.996357	-0.001922	5.292034	0.001922	0.996357	1.617903	
765	0.998615	-0.001814	4.602923	0.001814	0.998615	1.103190	
766	0.997885	-0.002255	7.097504	0.002255	0.997885	2.600365	
767	0.998999	-0.001626	4.229296	0.001626	0.998999	1.574938	
768	1.003391	-0.000474	3.673989	0.000474	1.003391	3.106486	
769	1.001945	-0.001584	1.939879	0.001584	1.001945	0.445687	
770	1.002040	-0.001361	1.675815	0.001361	1.002040	0.545161	
771	1.008235	-0.000274	0.124292	0.000274	1.008235	1.333008	
772	1.005437	-0.000964	-0.024672	0.000964	1.005437	-0.306736	
773	1.000370	-0.001402	2.232142	0.001402	1.000370	0.668952	
774	1.004127	-0.001170	-0.165725	0.001170	1.004127	-0.927860	
775	1.002024	-0.000600	0.211159	0.000600	1.002024	-0.006658	
776	1.001692	0.000745	-0.576775	-0.000745	1.001692	1.280197	
777	1.004573	-0.000702	-1.569431	0.000702	1.004573	-0.853050	
778	1.004333	-0.000003	-2.777986	0.000003	1.004333	-0.054710	
779	1.004649	0.000580	-3.880080	-0.000580	1.004649	0.219537	
780	1.004848	0.001021	-4.755249	-0.001021	1.004848	0.585961	
781	1.010740	0.000177	-9.673123	-0.000177	1.010740	0.756414	
782	1.005382	0.001246	-5.891024	-0.001246	1.005382	0.697221	
783	1.010693	-0.000053	-10.714005	0.000053	1.010693	0.240797	
784	1.004922	0.003262	-6.743064	-0.003262	1.004922	1.070855	
785	1.005410	0.001415	-6.400346	-0.001415	1.005410	0.348965	
786	1.010092	0.000872	-11.053429	-0.000872	1.010092	-0.152391	
787	1.005351	0.001577	-6.704112	-0.001577	1.005351	0.308306	
788	1.008098	0.002216	-10.146423	-0.002216	1.008098	0.473981	
789	1.004518	0.001593	-5.891861	-0.001593	1.004518	0.247456	
790	1.003609	0.001257	-4.496442	-0.001257	1.003609	0.301170	
791	1.006035	0.001265	-5.839658	-0.001265	1.006035	-0.264530	
792	1.003860	0.000462	-3.181776	-0.000462	1.003860	-0.566739	
793	1.004341	0.000344	-3.366561	-0.000344	1.004341	-0.584150	
794	1.002276	0.000092	-1.602228	-0.000092	1.002276	-0.314820	
795	1.000903	0.000130	-0.539268	-0.000130	1.000903	0.366607	
796	0.999377	0.000096	0.606447	-0.000096	0.999377	1.271069	
797	0.999491	0.000209	0.335947	-0.000209	0.999491	0.989583	
798	0.999451	0.000214	0.206930	-0.000214	0.999451	1.130713	
799	0.999675	0.000099	0.089700	-0.000099	0.999675	0.573186	
800	0.999670	0.000026	0.266433	-0.000026	0.999670	0.455414	
801	0.999512	0.000267	0.504617	-0.000267	0.999512	0.888856	
802	0.999727	0.000129	0.265567	-0.000129	0.999727	0.518730	
803	0.999522	0.000139	0.169614	-0.000139	0.999522	0.942777	
804	0.999429	0.000078	0.366918	-0.000078	0.999429	0.855538	
805	0.999529	0.000260	0.256348	-0.000260	0.999529	0.932508	
806	0.999287	0.000316	0.124400	-0.000316	0.999287	1.259030	
807	0.999666	0.000506	-0.458729	-0.000506	0.999666	0.735248	
808	1.000098	0.000985	-2.402858	-0.000985	1.000098	0.477600	
809	1.000483	0.001227	-3.067742	-0.001227	1.000483	0.390149	
810	1.000535	0.001747	-3.967976	-0.001747	1.000535	0.664796	
811	1.001074	0.001398	-7.494316	-0.001398	1.001074	0.450901	
812	1.000522	0.002699	-6.039287	-0.002699	1.000522	1.505863	
813	1.000210	0.000940	-11.660007	-0.000940	1.000210	0.776730	
814	0.998787	0.000749	-7.929455	-0.000749	0.998787	1.109164	
815	0.996632	0.000926	-7.215252	-0.000926	0.996632	1.916793	
816	0.992598	0.001958	-9.236346	-0.001958	0.992598	4.010780	
817	0.994329	0.001238	-5.114956	-0.001238	0.994329	2.565670	
818	0.991806	0.001264	-8.096662	-0.001264	0.991806	3.516980	
819	0.994210	0.000674	-5.033290	-0.000674	0.994210	2.182073	
820	0.994010	0.000669	-4.239786	-0.000669	0.994010	2.174517	
821	0.990949	0.001228	-4.545895	-0.001228	0.990949	3.153133	
822	0.995194	0.002848	-2.133964	-0.002848	0.995194	3.261932	
823	0.998333	0.002931	-4.183674	-0.002931	0.998333	1.807102	
824	0.994524	0.001727	-0.582741	-0.001727	0.994524	2.542156	
825	0.994874	0.001449	-0.056993	-0.001449	0.994874	2.239800	
826	0.990798	0.001276	1.777766	-0.001276	0.990798	2.928989	
827	0.995337	0.002015	0.726000	-0.002015	0.995337	2.704123	
828	0.990535	0.001090	2.266171	-0.001090	0.990535	2.782143	
829	0.994728	0.001007	1.279361	-0.001007	0.994728	2.103966	
830	0.994514	0.001044	1.608954	-0.001044	0.994514	2.257558	
831	0.992844	0.001395	2.145235	-0.001395	0.992844	2.834854	
832	0.997447	0.000790	0.444473	-0.000790	0.997447	0.871564	
833	0.999651	0.000605	-0.834999	-0.000605	0.999651	-0.152567	
834	1.000604	0.000607	-1.557732	-0.000607	1.000604	-0.759434	
835	1.000362	0.000201	-0.305694	-0.000201	1.000362	-0.443002	
836	1.000182	-0.000088	0.461162	0.000088	1.000182	-0.365652	
837	1.000008	-0.000194	0.724294	0.000194	1.000008	-0.094069	
838	0.999945	-0.000298	0.987640	0.000298	0.999945	-0.043978	
839	0.999975	-0.000521	1.572917	0.000521	0.999975	-0.128065	
840	0.999929	-0.000311	1.156955	0.000311	0.999929	-0.158686	
841	0.999952	-0.000685	1.953512	0.000685	0.999952	-0.402296	
842	0.999960	-0.000601	1.485243	0.000601	0.999960	-0.225060	
843	1.000238	-0.000554	1.417387	0.000554	1.000238	-0.187929	
844	1.002028	-0.000913	0.952686	0.000913	1.002028	-0.895260	
845	1.001411	-0.000598	0.666346	0.000598	1.001411	-0.505861	
846	1.002941	-0.000769	0.011535	0.000769	1.002941	-1.105572	
847	1.002089	-0.000412	-0.190152	0.000412	1.002089	-0.770819	
848	1.002096	-0.000435	-0.311119	0.000435	1.002096	-0.979117	
849	1.003237	-0.000416	-1.039196	0.000416	1.003237	-1.769667	
850	1.002031	-0.000110	-0.967005	0.000110	1.002031	-1.216839	
851	1.003592	-0.000135	-2.135583	0.000135	1.003592	-2.212373	
852	1.002200	0.000053	-1.386580	-0.000053	1.002200	-1.320667	
853	1.002237	0.000115	-1.512141	-0.000115	1.002237	-1.270924	
854	1.003480	0.000050	-2.321070	-0.000050	1.003480	-1.846282	
855	1.002264	0.000085	-1.543968	-0.000085	1.002264	-1.082158	
856	1.003342	0.000081	-2.117211	-0.000081	1.003342	-1.488593	
857	1.002167	0.000010	-1.387535	-0.000010	1.002167	-0.917469	
858	1.002203	-0.000043	-1.182750	0.000043	1.002203	-0.944417	
859	1.002979	-0.000225	-1.100340	0.000225	1.002979	-1.446940	
860	1.001642	-0.000266	-0.350234	0.000266	1.001642	-0.956170	
861	1.002476	-0.000605	-0.389687	0.000605	1.002476	-1.639077	
862	1.001677	-0.000496	0.123503	0.000496	1.001677	-1.192303	
863	1.001707	-0.000597	0.105714	0.000597	1.001707	-1.319661	
864	1.002622	-0.000899	0.387057	0.000899	1.002622	-2.004793	
865	1.001740	-0.000587	0.364626	0.000587	1.001740	-1.389250	
866	1.002623	-0.000865	0.815160	0.000865	1.002623	-2.031730	
867	1.001643	-0.000689	0.645622	0.000689	1.001643	-1.359845	
868	1.001659	-0.000727	0.699943	0.000727	1.001659	-1.299457	
869	1.002417	-0.001433	1.533783	0.001433	1.002417	-1.969431	
870	1.001661	-0.000876	0.962247	0.000876	1.001661	-1.203843	
871	1.002240	-0.001342	1.815320	0.001342	1.002240	-1.763237	
872	1.001648	-0.000964	1.009263	0.000964	1.001648	-1.292734	
873	1.001947	-0.001227	0.805963	0.001227	1.001947	-1.634720	
874	1.002634	-0.001495	1.769096	0.001495	1.002634	-2.022270	
875	1.001639	-0.001014	1.118084	0.001014	1.001639	-1.164036	
876	1.002462	-0.001608	1.844630	0.001608	1.002462	-1.681361	
877	1.001629	-0.001053	1.169214	0.001053	1.001629	-1.020866	
878	1.001571	-0.001114	1.275348	0.001114	1.001571	-1.043360	
879	1.002506	-0.001580	1.690650	0.001580	1.002506	-1.590333	
880	1.001758	-0.000839	0.810743	0.000839	1.001758	-0.948151	
881	1.002600	-0.001195	0.912644	0.001195	1.002600	-1.427120	
882	1.001613	-0.000638	0.460950	0.000638	1.001613	-0.837445	
883	1.001816	-0.000553	0.308948	0.000553	1.001816	-0.883586	
884	1.002880	-0.000870	0.420293	0.000870	1.002880	-1.523793	
885	1.001863	-0.000532	0.068902	0.000532	1.001863	-1.054559	
886	1.002989	-0.000781	-0.155675	0.000781	1.002989	-1.761939	
887	1.001994	-0.000385	-0.161105	0.000385	1.001994	-1.186669	
888	1.001880	-0.000348	-0.179458	0.000348	1.001880	-1.097723	
889	1.002745	-0.000485	-0.542218	0.000485	1.002745	-1.531472	
890	1.001898	-0.000304	-0.529911	0.000304	1.001898	-1.035032	
891	1.002341	-0.000326	-0.814340	0.000326	1.002341	-1.273397	
892	1.001343	-0.000180	-0.564251	0.000180	1.001343	-0.708202	
893	1.001314	-0.000096	-0.652873	0.000096	1.001314	-0.672747	
894	1.001951	-0.000033	-1.122398	0.000033	1.001951	-0.996297	
895	1.001297	0.000032	-0.819381	-0.000032	1.001297	-0.627794	
896	1.001753	0.000087	-1.252900	-0.000087	1.001753	-0.853273	
897	1.001176	0.000017	-0.940264	-0.000017	1.001176	-0.566893	
898	1.001241	0.000010	-0.869952	-0.000010	1.001241	-0.502176	
899	1.001678	-0.000120	-0.968715	0.000120	1.001678	-0.778358	
900	1.001197	-0.000193	-0.472965	0.000193	1.001197	-0.613734	
901	1.001037	-0.000400	-0.185606	0.000400	1.001037	-0.661190	
902	1.000441	-0.000336	0.073852	0.000336	1.000441	-0.373964	
903	1.000434	-0.000454	0.219110	0.000454	1.000434	-0.487605	
904	1.000321	-0.000579	0.410227	0.000579	1.000321	-0.577016	
905	1.000399	-0.000432	0.253772	0.000432	1.000399	-0.391400	
906	1.000435	-0.000366	0.111138	0.000366	1.000435	-0.219332	
907	1.000214	-0.000224	-0.004181	0.000224	1.000214	0.050240	
908	1.000019	-0.000150	0.038730	0.000150	1.000019	0.276097	
909	0.999346	0.000012	0.326663	-0.000012	0.999346	0.777435	
910	0.999769	-0.000075	0.225636	0.000075	0.999769	0.337109	
911	0.999699	-0.000027	0.156960	0.000027	0.999699	0.175334	
912	1.000021	-0.000000	-0.083648	0.000000	1.000021	-0.084860	
913	1.000082	-0.000114	-0.110787	0.000114	1.000082	-0.288373	
914	1.000085	-0.000310	0.452291	0.000310	1.000085	-0.454722	
915	1.000223	-0.000186	0.230350	0.000186	1.000223	-0.238782	
916	1.000107	-0.000276	0.405607	0.000276	1.000107	-0.231788	
917	1.000229	-0.000510	0.908051	0.000510	1.000229	-0.477998	
918	1.000151	-0.000528	0.720369	0.000528	1.000151	-0.438743	
919	1.000275	-0.000672	1.221999	0.000672	1.000275	-0.654927	
920	0.999993	-0.000526	0.853412	0.000526	0.999993	-0.340729	
921	0.999926	-0.000573	0.887253	0.000573	0.999926	-0.295027	
922	1.000100	-0.000673	1.176439	0.000673	1.000100	-0.330663	
923	0.999967	-0.000457	0.695578	0.000457	0.999967	-0.148932	
924	1.000043	-0.000513	1.012048	0.000513	1.000043	-0.287541	
925	0.999949	-0.000491	0.711306	0.000491	0.999949	-0.291794	
926	0.999991	-0.000519	0.713316	0.000519	0.999991	-0.330868	
927	1.000085	-0.000656	1.175340	0.000656	1.000085	-0.399491	
928	0.999932	-0.000512	0.902977	0.000512	0.999932	-0.185777	
929	1.000010	-0.000911	1.743501	0.000911	1.000010	-0.422662	
930	0.999903	-0.000722	1.191365	0.000722	0.999903	-0.244964	
931	0.999996	-0.000781	1.290168	0.000781	0.999996	-0.406243	
932	0.999861	-0.001297	2.524260	0.001297	0.999861	-0.686747	
933	0.999962	-0.000869	1.540971	0.000869	0.999962	-0.418909	
934	0.999791	-0.001397	2.454771	0.001397	0.999791	-0.546556	
935	0.999878	-0.000916	1.362525	0.000916	0.999878	-0.338274	
936	0.999881	-0.000794	1.375640	0.000794	0.999881	-0.245481	
937	0.999913	-0.001005	1.925316	0.001005	0.999913	-0.275358	
938	1.000048	-0.000549	0.938691	0.000549	1.000048	-0.244412	
939	0.999901	-0.000716	1.597635	0.000716	0.999901	-0.242878	
940	1.000141	-0.000487	0.810181	0.000487	1.000141	-0.206228	
941	1.000192	-0.000371	0.676903	0.000371	1.000192	-0.165611	
942	1.000551	-0.000593	0.850780	0.000593	1.000551	-0.376643	
943	1.000172	-0.000491	0.617907	0.000491	1.000172	-0.159215	
944	1.000321	-0.000571	0.746538	0.000571	1.000321	-0.187460	
945	1.000487	-0.000339	0.112272	0.000339	1.000487	-0.159388	
946	1.000547	-0.000173	-0.055438	0.000173	1.000547	-0.030470	
947	1.000802	-0.000093	-0.058478	0.000093	1.000802	-0.018522	
948	1.000472	-0.000091	-0.050086	0.000091	1.000472	0.015010	
949	1.000838	-0.000112	-0.179721	0.000112	1.000838	-0.102531	
950	1.000590	-0.000110	-0.196522	0.000110	1.000590	-0.081787	
951	1.000561	-0.000190	-0.127499	0.000190	1.000561	-0.123563	
952	1.001081	-0.000286	-0.116617	0.000286	1.001081	-0.296439	
953	1.000798	-0.000249	-0.096292	0.000249	1.000798	-0.311379	
954	1.001168	-0.000460	-0.161675	0.000460	1.001168	-0.632061	
955	1.001062	-0.000283	-0.226427	0.000283	1.001062	-0.551246	
956	1.001145	-0.000325	-0.228105	0.000325	1.001145	-0.657749	
957	1.001729	-0.000498	-0.340608	0.000498	1.001729	-1.020087	
958	1.001203	-0.000114	-0.644043	0.000114	1.001203	-0.515538	
959	1.001853	0.000087	-1.664907	-0.000087	1.001853	-0.615085	
960	1.001207	0.000156	-1.403461	-0.000156	1.001207	-0.377903	
961	1.001098	0.000287	-1.319700	-0.000287	1.001098	-0.266353	
962	1.001576	0.000331	-1.783313	-0.000331	1.001576	-0.497387	
963	1.001205	0.000223	-1.564360	-0.000223	1.001205	-0.434157	
964	1.001661	0.000574	-2.932057	-0.000574	1.001661	-0.502548	
965	1.000678	0.000429	-1.756192	-0.000429	1.000678	-0.127873	
966	1.000543	0.000634	-1.802384	-0.000634	1.000543	0.068179	
967	1.000839	0.001485	-3.297647	-0.001485	1.000839	0.527986	
968	1.000504	0.001137	-2.578643	-0.001137	1.000504	0.528287	
969	1.000925	0.001376	-3.698637	-0.001376	1.000925	0.496658	
970	1.000673	0.000921	-2.424989	-0.000921	1.000673	0.271655	
971	1.000762	0.000683	-2.273718	-0.000683	1.000762	0.078669	
972	1.001030	0.001301	-3.434038	-0.001301	1.001030	0.070612	
973	1.000560	0.000369	-1.782265	-0.000369	1.000560	-0.274160	
974	1.000634	0.001043	-2.958145	-0.001043	1.000634	0.005165	
975	1.000424	0.000537	-1.782406	-0.000537	1.000424	-0.118610	
976	1.000439	0.000500	-1.652767	-0.000500	1.000439	-0.077046	
977	1.000553	0.000755	-2.014397	-0.000755	1.000553	-0.068654	
978	1.000323	0.000302	-1.188973	-0.000302	1.000323	-0.228510	
979	1.000526	0.000227	-1.315263	-0.000227	1.000526	-0.614363	
980	1.000437	-0.000067	-0.795735	0.000067	1.000437	-0.696924	
981	1.000517	-0.000209	-0.749901	0.000209	1.000517	-0.896408	
982	1.000642	-0.000297	-0.841573	0.000297	1.000642	-1.280896	
983	1.000372	-0.000241	-0.513470	0.000241	1.000372	-0.813554	
984	1.000506	-0.000289	-0.428237	0.000289	1.000506	-0.993826	
985	1.000267	-0.000408	-0.211310	0.000408	1.000267	-0.623491	
986	1.000047	-0.000360	-0.048739	0.000360	1.000047	-0.382483	
987	1.000343	-0.000350	0.166715	0.000350	1.000343	-0.613054	
988	1.000133	-0.000438	0.102800	0.000438	1.000133	-0.497009	
989	1.000367	-0.000557	0.313245	0.000557	1.000367	-0.853783	
990	0.999908	-0.000453	0.286686	0.000453	0.999908	-0.442009	
991	0.999920	-0.000412	0.380766	0.000412	0.999920	-0.443130	
992	1.000154	-0.000847	0.702332	0.000847	1.000154	-0.982520	
993	1.000076	-0.000680	0.561060	0.000680	1.000076	-0.860759	
994	1.000720	-0.000948	0.780289	0.000948	1.000720	-1.930352	
995	1.000431	-0.000925	0.781983	0.000925	1.000431	-1.794844	
996	1.000482	-0.001009	0.829490	0.001009	1.000482	-2.386756	
997	1.001131	-0.001671	1.614311	0.001671	1.001131	-4.273357	
998	0.999168	-0.001334	2.317510	0.001334	0.999168	-2.719974	
999	0.998747	-0.001361	2.730744	0.001361	0.998747	-2.851639	
1000	0.993927	-0.000341	6.769630	0.000341	0.993927	-4.058554	
1001	0.996786	-0.001573	4.222618	0.001573	0.996786	-2.972758	
1002	0.992305	-0.000402	8.348355	0.000402	0.992305	-3.887142	
1003	0.996786	-0.001762	4.409130	0.001762	0.996786	-2.789674	
1004	0.995019	-0.001001	5.513571	0.001001	0.995019	-2.747471	
1005	0.998476	-0.004168	4.951910	0.004168	0.998476	-4.994637	
1006	0.996277	-0.001865	4.930204	0.001865	0.996277	-2.114887	
1007	0.994152	-0.004397	8.719536	0.004397	0.994152	-3.228154	
1008	0.995495	-0.002370	5.729890	0.002370	0.995495	-1.125189	
1009	0.994976	-0.001937	5.969022	0.001937	0.994976	-0.592252	
1010	0.991267	-0.005168	10.823045	0.005168	0.991267	-0.534186	
1011	0.993969	-0.002142	6.927901	0.002142	0.993969	0.381842	
1012	0.989667	-0.001688	11.957110	0.001688	0.989667	1.823855	
1013	0.993316	-0.001790	7.710066	0.001790	0.993316	1.327604	
1014	0.993703	-0.001969	7.360171	0.001969	0.993703	1.394392	
1015	0.988922	-0.004049	12.404071	0.004049	0.988922	2.485587	
1016	0.993162	-0.001758	7.728173	0.001758	0.993162	1.832719	
1017	0.989783	-0.002149	11.758626	0.002149	0.989783	2.932622	
1018	0.993348	-0.001663	7.557877	0.001663	0.993348	1.851756	
1019	0.993445	-0.001726	7.395716	0.001726	0.993445	1.799425	
1020	0.991090	-0.001962	10.723838	0.001962	0.991090	2.473619	
1021	0.996430	-0.001637	5.439038	0.001637	0.996430	0.545955	
1022	0.995310	-0.002258	7.571505	0.002258	0.995310	0.639383	
1023	0.996806	-0.001378	4.621069	0.001378	0.996806	0.796746	
1024	0.996843	-0.001152	4.389671	0.001152	0.996843	1.121556	
1025	0.995806	-0.001697	6.014983	0.001697	0.995806	1.691760	
1026	0.998137	-0.000930	3.063059	0.000930	0.998137	0.750833	
1027	0.999108	-0.001180	2.818751	0.001180	0.999108	0.121590	
1028	0.999805	-0.000615	1.213223	0.000615	0.999805	-0.310182	
1029	0.999957	-0.000585	0.834074	0.000585	0.999957	-0.516038	
1030	1.000053	-0.000613	0.978709	0.000613	1.000053	-0.833663	
1031	0.999994	-0.000275	0.377209	0.000275	0.999994	-0.405947	
1032	0.999847	-0.000118	0.235440	0.000118	0.999847	-0.120211	
1033	0.999959	-0.000020	-0.097125	0.000020	0.999959	0.045594	
1034	0.999939	0.000237	-0.417688	-0.000237	0.999939	0.380478	
1035	1.000051	0.000413	-0.822329	-0.000413	1.000051	0.395451	
1036	1.000102	0.000399	-0.805395	-0.000399	1.000102	0.148092	
1037	1.000381	0.000547	-1.366335	-0.000547	1.000381	-0.072685	
1038	1.000168	0.000455	-1.171195	-0.000455	1.000168	0.119756	
1039	1.000185	0.000533	-1.342477	-0.000533	1.000185	0.273643	
1040	1.000033	0.001010	-2.031572	-0.001010	1.000033	0.887501	
1041	1.000135	0.000671	-1.479461	-0.000671	1.000135	0.595448	
1042	1.000201	0.001271	-2.432679	-0.001271	1.000201	1.062800	
1043	1.000016	0.000748	-1.604003	-0.000748	1.000016	0.661873	
1044	0.999754	0.000754	-1.362778	-0.000754	0.999754	0.849100	
1045	0.999759	0.001054	-1.920648	-0.001054	0.999759	1.420447	
1046	0.999375	0.000689	-1.009025	-0.000689	0.999375	1.418790	
1047	0.998922	0.001017	-1.167069	-0.001017	0.998922	2.775497	
1048	0.999237	0.000751	-0.692028	-0.000751	0.999237	2.202584	
1049	1.000251	0.000643	-1.169527	-0.000643	1.000251	1.811678	
1050	1.001238	0.000775	-1.933749	-0.000775	1.001238	2.141289	
1051	1.001736	0.000554	-1.913637	-0.000554	1.001736	0.976906	
1052	1.002727	0.000829	-3.060952	-0.000829	1.002727	1.215715	
1053	1.001860	0.000810	-2.444903	-0.000810	1.001860	0.844335	
1054	1.001861	0.000883	-2.596246	-0.000883	1.001861	0.919740	
1055	1.002843	0.001146	-3.650216	-0.001146	1.002843	1.467409	
1056	1.001859	0.000834	-2.178248	-0.000834	1.001859	0.991903	
1057	1.003195	0.000844	-3.070416	-0.000844	1.003195	0.964775	
1058	1.002111	0.000335	-1.702348	-0.000335	1.002111	0.298341	
1059	1.002088	0.000242	-1.511633	-0.000242	1.002088	0.001639	
1060	1.003400	0.000277	-2.413227	-0.000277	1.003400	-0.641072	
1061	1.001926	0.000223	-1.375395	-0.000223	1.001926	-0.547852	
1062	1.002312	0.000295	-1.554969	-0.000295	1.002312	-0.671751	
1063	1.001517	0.000143	-0.978003	-0.000143	1.001517	-0.303876	
1064	1.001573	0.000146	-1.028490	-0.000146	1.001573	-0.157619	
1065	1.002789	0.000339	-1.898183	-0.000339	1.002789	-0.014574	
1066	1.001776	0.000456	-1.282187	-0.000456	1.001776	0.448836	
1067	1.002264	0.001075	-2.159165	-0.001075	1.002264	1.236619	
1068	1.001915	0.000629	-1.766926	-0.000629	1.001915	0.726375	
1069	1.002163	0.000744	-2.149929	-0.000744	1.002163	0.648699	
1070	1.003150	0.001582	-3.495880	-0.001582	1.003150	1.033178	
1071	1.002276	0.000902	-2.440520	-0.000902	1.002276	0.444273	
1072	1.002929	0.001285	-3.507492	-0.001285	1.002929	0.718722	
1073	1.002072	0.000712	-2.120360	-0.000712	1.002072	0.328184	
1074	1.001941	0.000494	-1.658755	-0.000494	1.001941	0.296727	
1075	1.003151	0.000423	-2.171251	-0.000423	1.003151	0.258393	
1076	1.002034	0.000152	-1.197791	-0.000152	1.002034	0.196680	
1077	1.002242	0.000607	-1.510703	-0.000607	1.002242	0.763097	
1078	1.002237	0.000129	-1.057914	-0.000129	1.002237	0.149657	
1079	1.002136	0.000331	-1.381062	-0.000331	1.002136	0.139175	
1080	1.002942	0.000831	-2.536812	-0.000831	1.002942	0.324081	
1081	1.001311	0.000547	-1.404523	-0.000547	1.001311	0.307908	
1082	1.001226	0.000481	-1.259024	-0.000481	1.001226	0.151388	
1083	1.002107	0.000485	-1.766980	-0.000485	1.002107	-0.261221	
1084	1.001317	0.000312	-1.093373	-0.000312	1.001317	-0.246979	
1085	1.001743	0.000095	-0.918603	-0.000095	1.001743	-0.408569	
1086	1.000828	-0.000106	-0.077391	0.000106	1.000828	-0.140080	
1087	1.001083	-0.000393	0.349975	0.000393	1.001083	-0.328531	
1088	1.001288	-0.001040	1.501321	0.001040	1.001288	-0.523589	
1089	1.001452	-0.000940	1.314118	0.000940	1.001452	-0.689679	
1090	1.003079	-0.001879	2.445435	0.001879	1.003079	-1.579656	
1091	1.002074	-0.001540	2.058964	0.001540	1.002074	-1.278459	
1092	1.002530	-0.001417	2.122174	0.001417	1.002530	-1.372404	
1093	1.005380	-0.001167	2.603365	0.001167	1.005380	-1.939354	
1094	1.002475	-0.001717	2.226777	0.001717	1.002475	-1.764798	
1095	1.005170	-0.001935	2.751900	0.001935	1.005170	-2.749497	
1096	1.002818	-0.001825	1.920177	0.001825	1.002818	-2.330422	
1097	1.001343	-0.001973	2.569357	0.001973	1.001343	-1.704838	
1098	1.003911	-0.002918	3.405159	0.002918	1.003911	-3.398922	
1099	1.003046	-0.001777	2.271793	0.001777	1.003046	-2.249207	
1100	1.004311	-0.001539	3.954820	0.001539	1.004311	-2.410515	
1101	1.001872	-0.001606	2.456787	0.001606	1.001872	-1.802554	
1102	1.002030	-0.001606	2.112309	0.001606	1.002030	-1.920459	
1103	1.002873	-0.002021	2.866192	0.002021	1.002873	-2.511370	
1104	1.002087	-0.001137	1.518400	0.001137	1.002087	-1.635702	
1105	1.001922	-0.002006	2.583729	0.002006	1.001922	-1.969328	
1106	1.001797	-0.000774	1.105031	0.000774	1.001797	-1.225084	
1107	1.001907	-0.000994	1.215493	0.000994	1.001907	-1.350709	
1108	1.002011	-0.001700	2.400321	0.001700	1.002011	-1.688648	
1109	1.001451	-0.001116	1.643507	0.001116	1.001451	-1.072518	
1110	1.002315	-0.001571	2.111201	0.001571	1.002315	-1.599055	
1111	1.001535	-0.001037	1.197345	0.001037	1.001535	-0.843167	
1112	1.001433	-0.001021	1.116030	0.001021	1.001433	-0.608023	
1113	1.002204	-0.001357	1.480159	0.001357	1.002204	-0.574914	
1114	1.001435	-0.000887	0.960292	0.000887	1.001435	-0.116693	
1115	1.000481	-0.000568	1.304203	0.000568	1.000481	0.786720	
1116	1.001590	-0.000552	0.365831	0.000552	1.001590	-0.091841	
1117	1.002045	-0.000564	0.156855	0.000564	1.002045	-0.357058	
1118	1.003163	-0.000912	0.210838	0.000912	1.003163	-0.810768	
1119	1.002119	-0.000536	-0.116077	0.000536	1.002119	-0.636359	
1120	1.003573	-0.000779	-0.561452	0.000779	1.003573	-1.229359	
1121	1.002422	-0.000518	-0.630702	0.000518	1.002422	-0.829011	
1122	1.002535	-0.000408	-0.877278	0.000408	1.002535	-0.798423	
1123	1.003815	-0.000335	-1.751078	0.000335	1.003815	-1.001408	
1124	1.002396	-0.000219	-1.304976	0.000219	1.002396	-0.681957	
1125	1.003616	0.000012	-2.417087	-0.000012	1.003616	-0.898139	
1126	1.002579	0.000004	-1.931783	-0.000004	1.002579	-0.753257	
1127	1.002593	0.000158	-2.112918	-0.000158	1.002593	-0.708434	
1128	1.003901	0.000302	-3.224761	-0.000302	1.003901	-1.081840	
1129	1.002177	0.000209	-2.042139	-0.000209	1.002177	-0.453781	
1130	1.002026	0.000434	-2.310912	-0.000434	1.002026	0.240457	
1131	1.000803	0.000412	-1.033820	-0.000412	1.000803	0.509153	
1132	1.000378	-0.000011	-0.637363	0.000011	1.000378	0.767926	
1133	0.999420	0.000013	0.093414	-0.000013	0.999420	1.972510	
1134	0.999115	-0.000061	0.506811	0.000061	0.999115	1.713380	
1135	0.998516	-0.000018	1.091762	0.000018	0.998516	2.907912	
1136	0.998781	-0.000201	1.096018	0.000201	0.998781	2.080329	
1137	0.998847	-0.000128	1.055308	0.000128	0.998847	2.034943	
1138	0.998814	0.000099	0.661604	-0.000099	0.998814	2.341870	
1139	0.999527	0.000061	0.176379	-0.000061	0.999527	0.950377	
1140	0.999880	-0.000106	-0.016816	0.000106	0.999880	0.377744	
1141	1.000133	0.000167	-0.444504	-0.000167	1.000133	-0.125394	
1142	1.000480	0.000255	-0.888925	-0.000255	1.000480	-0.727178	
1143	1.001024	0.000343	-1.276019	-0.000343	1.001024	-1.689561	
1144	1.000620	0.000169	-0.726459	-0.000169	1.000620	-1.205089	
1145	1.001229	0.000233	-1.216842	-0.000233	1.001229	-1.817975	
1146	1.000593	0.000154	-0.865645	-0.000154	1.000593	-0.760680	
1147	1.000207	0.000202	-0.391870	-0.000202	1.000207	-0.067212	
1148	1.000174	0.000232	-0.218552	-0.000232	1.000174	0.639402	
1149	1.000259	0.000125	-0.113399	-0.000125	1.000259	0.801185	
1150	1.001213	0.000352	-0.805243	-0.000352	1.001213	1.023507	
1151	1.001117	0.000075	-0.744293	-0.000075	1.001117	0.379246	
1152	1.001549	0.000193	-0.988917	-0.000193	1.001549	0.064426	
1153	1.002810	0.000049	-1.437377	-0.000049	1.002810	-0.570100	
1154	1.001922	0.000019	-1.015816	-0.000019	1.001922	-0.611200	
1155	1.002955	0.000048	-1.674862	-0.000048	1.002955	-1.020815	
1156	1.002049	0.000042	-1.217959	-0.000042	1.002049	-0.847338	
1157	1.001993	0.000035	-1.118205	-0.000035	1.001993	-0.814993	
1158	1.002987	0.000072	-1.751802	-0.000072	1.002987	-1.110608	
1159	1.001924	0.000088	-1.091454	-0.000088	1.001924	-0.595227	
1160	1.002710	-0.000034	-1.491896	0.000034	1.002710	-0.746257	
1161	1.001810	0.000035	-0.999380	-0.000035	1.001810	-0.460270	
1162	1.001852	0.000014	-0.972469	-0.000014	1.001852	-0.517239	
1163	1.002710	-0.000094	-1.366900	0.000094	1.002710	-0.985073	
1164	1.001941	-0.000023	-1.093441	0.000023	1.001941	-0.802878	
1165	1.002888	0.000026	-1.639685	-0.000026	1.002888	-1.271947	
1166	1.002201	0.000149	-1.312336	-0.000149	1.002201	-1.006959	
1167	1.002155	0.000109	-1.227999	-0.000109	1.002155	-1.002266	
1168	1.003107	0.000286	-1.858929	-0.000286	1.003107	-1.296074	
1169	1.002135	0.000185	-1.238192	-0.000185	1.002135	-0.811471	
1170	1.002112	0.000103	-1.150222	-0.000103	1.002112	-0.850656	
1171	1.003021	-0.000032	-1.679773	0.000032	1.003021	-1.279691	
1172	1.002382	0.000022	-1.345284	-0.000022	1.002382	-1.093351	
1173	1.003335	0.000128	-2.064812	-0.000128	1.003335	-1.568916	
1174	1.002296	0.000059	-1.340169	-0.000059	1.002296	-1.105237	
1175	1.002336	0.000140	-1.284598	-0.000140	1.002336	-1.167764	
1176	1.003689	-0.000117	-1.806235	0.000117	1.003689	-2.247231	
1177	1.002604	-0.000249	-1.048230	0.000249	1.002604	-1.945664	
1178	1.003973	-0.000455	-1.303517	0.000455	1.003973	-3.561198	
1179	1.002890	-0.000408	-0.687749	0.000408	1.002890	-2.723605	
1180	1.002948	-0.000678	-0.459006	0.000678	1.002948	-3.029994	
1181	1.004263	-0.001342	-0.089019	0.001342	1.004263	-4.623450	
1182	1.002937	-0.001204	0.182762	0.001204	1.002937	-3.199992	
1183	1.004466	-0.001744	0.380335	0.001744	1.004466	-4.609139	
1184	1.002957	-0.001351	0.459839	0.001351	1.002957	-2.985210	
1185	1.002853	-0.001426	0.653942	0.001426	1.002853	-2.862688	
1186	1.003778	-0.001918	1.469561	0.001918	1.003778	-3.970856	
1187	1.000986	-0.001384	1.967991	0.001384	1.000986	-2.005428	
1188	1.000679	-0.001719	3.447318	0.001719	1.000679	-2.554082	
1189	1.000455	-0.001237	2.248632	0.001237	1.000455	-1.936161	
1190	1.000575	-0.001439	2.108283	0.001439	1.000575	-2.180627	
1191	1.000809	-0.002193	3.204570	0.002193	1.000809	-3.534185	
1192	1.000763	-0.001521	2.072517	0.001521	1.000763	-2.621269	
1193	1.001581	-0.001692	3.147871	0.001692	1.001581	-4.151472	
1194	1.001153	-0.001612	1.910809	0.001612	1.001153	-3.381190	
1195	1.001288	-0.001647	1.812279	0.001647	1.001288	-3.704337	
1196	1.002167	-0.001876	2.283997	0.001876	1.002167	-5.902479	
1197	1.001643	-0.001612	1.222366	0.001612	1.001643	-4.343302	
1198	1.002480	-0.001942	1.264651	0.001942	1.002480	-6.620937	
1199	1.001641	-0.001166	0.456000	0.001166	1.001641	-4.327144	
1200	1.001527	-0.000972	0.187846	0.000972	1.001527	-4.101483	
1201	1.002854	-0.002293	-0.274801	0.002293	1.002854	-5.964529	
1202	1.000443	-0.000615	0.199576	0.000615	1.000443	-3.113914	
1203	1.000634	-0.001755	0.534028	0.001755	1.000634	-4.675748	
1204	1.000642	-0.000810	0.140340	0.000810	1.000642	-2.645477	
1205	0.999242	0.000105	0.058021	-0.000105	0.999242	-1.674077	
1206	0.998289	0.000426	-0.364561	-0.000426	0.998289	-1.732998	
1207	0.998943	0.000305	-0.344399	-0.000305	0.998943	-0.743114	
1208	0.998213	0.000750	-0.702530	-0.000750	0.998213	-0.493745	
1209	0.999146	0.000729	-0.775344	-0.000729	0.999146	-0.073858	
1210	0.998412	0.000597	-0.573041	-0.000597	0.998412	0.370006	
1211	0.996841	0.001265	-0.719140	-0.001265	0.996841	1.347368	
1212	0.997895	0.000859	-0.450358	-0.000859	0.997895	1.232276	
1213	0.996347	0.001444	-0.698505	-0.001444	0.996347	2.181602	
1214	0.998103	0.001292	-1.418319	-0.001292	0.998103	1.341261	
1215	0.998029	0.001528	-1.993885	-0.001528	0.998029	1.430142	
1216	0.996259	0.002128	-3.437747	-0.002128	0.996259	1.633095	
1217	0.998397	0.001885	-2.782452	-0.001885	0.998397	0.978738	
1218	0.995102	0.000245	-4.046057	-0.000245	0.995102	-0.553920	
1219	0.999061	0.002077	-3.677074	-0.002077	0.999061	0.361628	
1220	1.004288	0.002783	-5.681437	-0.002783	1.004288	-1.129930	
1221	0.993449	0.000468	-5.829941	-0.000468	0.993449	-1.123502	
1222	0.999370	0.002793	-5.046914	-0.002793	0.999370	0.502844	
1223	0.992296	0.000512	-7.583218	-0.000512	0.992296	-0.716875	
1224	0.994864	0.001121	-5.716771	-0.001121	0.994864	-0.217498	
1225	0.995057	0.000387	-6.438386	-0.000387	0.995057	-1.104524	
1226	0.992153	0.000754	-10.544090	-0.000754	0.992153	-2.290238	
1227	0.995089	0.000388	-7.086696	-0.000388	0.995089	-1.996766	
1228	0.991436	0.000857	-11.210165	-0.000857	0.991436	-3.159006	
1229	0.993197	0.000571	-7.657070	-0.000571	0.993197	-1.788442	
1230	1.010457	0.006553	-13.183241	-0.006553	1.010457	-2.196372	
1231	0.989064	0.000978	-15.633839	-0.000978	0.989064	-1.791200	
1232	0.993617	0.001174	-12.095161	-0.001174	0.993617	-0.644513	
1233	0.989789	0.001858	-20.304355	-0.001858	0.989789	-0.427871	
1234	0.995403	0.000495	-15.745222	-0.000495	0.995403	-0.794273	
1235	0.993781	0.000974	-15.888562	-0.000974	0.993781	-0.271000	
1236	0.990464	0.001615	-25.765659	-0.001615	0.990464	-0.251316	
1237	0.995439	0.001290	-18.551446	-0.001290	0.995439	0.012200	
1238	0.990823	0.002065	-28.427000	-0.002065	0.990823	0.687043	
1239	0.995313	0.001876	-19.726984	-0.001876	0.995313	1.050329	
1240	0.995459	0.001601	-20.479965	-0.001601	0.995459	0.939407	
1241	0.992972	0.001681	-31.541179	-0.001681	0.992972	2.021084	
1242	0.995573	0.001695	-20.859113	-0.001695	0.995573	1.946627	
1243	0.993743	0.002454	-32.643036	-0.002454	0.993743	3.516870	
1244	0.995052	0.002097	-20.622499	-0.002097	0.995052	3.244133	
1245	0.996611	0.001928	-21.911731	-0.001928	0.996611	3.027381	
1246	0.994750	0.002915	-33.141671	-0.002915	0.994750	4.670573	
1247	0.998059	0.001649	-23.143021	-0.001649	0.998059	2.179525	
1248	0.998918	0.002261	-35.348575	-0.002261	0.998918	2.274824	
1249	1.000871	0.001841	-24.165562	-0.001841	1.000871	0.880559	
1250	0.997796	0.001414	-21.083936	-0.001414	0.997796	1.332081	
1251	0.999693	0.002902	-35.910843	-0.002902	0.999693	2.128349	
1252	0.998860	0.001816	-22.784880	-0.001816	0.998860	1.788718	
1253	0.999620	0.002416	-22.687020	-0.002416	0.999620	2.082411	
1254	1.000131	0.002523	-35.226312	-0.002523	1.000131	2.136763	
1255	1.000734	0.001612	-23.599148	-0.001612	1.000734	1.174006	
1256	1.001703	0.002521	-35.745100	-0.002521	1.001703	1.451198	
1257	0.999880	0.001399	-23.019707	-0.001399	0.999880	1.048393	
1258	0.999351	0.001645	-22.743016	-0.001645	0.999351	1.463104	
1259	0.999058	0.002650	-33.582058	-0.002650	0.999058	2.347033	
1260	0.998854	0.002032	-21.863072	-0.002032	0.998854	1.714422	
1261	0.998628	0.002462	-32.652424	-0.002462	0.998628	2.355589	
1262	0.998782	0.001804	-20.769199	-0.001804	0.998782	1.849925	
1263	0.998514	0.001705	-19.761128	-0.001705	0.998514	1.829335	
1264	0.996956	0.002695	-28.002038	-0.002695	0.996956	3.634024	
1265	0.997603	0.001342	-16.882469	-0.001342	0.997603	2.440553	
1266	0.996200	0.002213	-24.981542	-0.002213	0.996200	3.982281	
1267	0.997773	0.001017	-15.601531	-0.001017	0.997773	2.179484	
1268	0.998022	0.001138	-15.392954	-0.001138	0.998022	2.209672	
1269	0.996231	0.002144	-21.226265	-0.002144	0.996231	4.103134	
1270	0.997132	0.001412	-13.083554	-0.001412	0.997132	2.626916	
1271	0.995931	0.001964	-19.202420	-0.001964	0.995931	3.813691	
1272	0.995790	0.000916	-9.847378	-0.000916	0.995790	2.632951	
1273	0.997599	0.001484	-11.340591	-0.001484	0.997599	2.657159	
1274	0.996388	0.001596	-15.678331	-0.001596	0.996388	3.936698	
1275	0.997579	0.001139	-9.425166	-0.001139	0.997579	2.574318	
1276	0.996264	0.001738	-13.661502	-0.001738	0.996264	3.827043	
1277	0.997828	0.001145	-8.941645	-0.001145	0.997828	2.254423	
1278	1.006376	0.009106	-12.027538	-0.009106	1.006376	3.250691	
1279	0.996529	0.001665	-11.920298	-0.001665	0.996529	3.594799	
1280	1.006600	0.007287	-9.926952	-0.007287	1.006600	1.615886	
1281	0.996380	0.001488	-10.957659	-0.001488	0.996380	3.398762	
1282	0.994599	0.006611	-4.070866	-0.006611	0.994599	6.871588	
1283	0.996493	0.001419	-5.923107	-0.001419	0.996493	2.975632	
1284	0.996553	0.001278	-9.433844	-0.001278	0.996553	3.886451	
1285	0.999304	0.005849	-6.241435	-0.005849	0.999304	4.743694	
1286	0.995920	0.001103	-8.599395	-0.001103	0.995920	4.258797	
1287	1.003429	0.007382	-8.346274	-0.007382	1.003429	3.678194	
1288	0.994948	0.006131	-2.856157	-0.006131	0.994948	7.111667	
1289	0.999775	0.000781	-10.329282	-0.000781	0.999775	3.461030	
1290	1.001376	0.006635	-7.092181	-0.006635	1.001376	4.385415	
1291	0.999516	0.000690	-9.248553	-0.000690	0.999516	3.349965	
1292	1.005851	0.005256	-8.403295	-0.005256	1.005851	1.702255	
1293	0.999255	0.003488	-5.405391	-0.003488	0.999255	3.632756	
1294	1.000351	0.000768	-9.718798	-0.000768	1.000351	3.235755	
1295	0.999900	0.004795	-5.188655	-0.004795	0.999900	4.185401	
1296	1.000107	0.000792	-9.427313	-0.000792	1.000107	3.519155	
1297	1.000551	0.003671	-6.122092	-0.003671	1.000551	3.530035	
1298	1.003665	0.005186	-7.662824	-0.005186	1.003665	3.229815	
1299	1.000139	0.000812	-9.830273	-0.000812	1.000139	3.306870	
1300	1.004261	0.006036	-8.244718	-0.006036	1.004261	2.479828	
1301	1.000220	0.000819	-10.580005	-0.000819	1.000220	3.322985	
1302	1.005031	0.006675	-9.261645	-0.006675	1.005031	2.441427	
1303	0.999533	0.002196	-6.854417	-0.002196	0.999533	3.018036	
1304	1.000536	0.000917	-12.169728	-0.000917	1.000536	3.436035	
1305	1.005991	0.006003	-9.670387	-0.006003	1.005991	1.803548	
1306	1.000623	0.001178	-12.259230	-0.001178	1.000623	2.924152	
1307	1.005319	0.004847	-9.555139	-0.004847	1.005319	1.654998	
1308	1.002507	0.001877	-8.734466	-0.001877	1.002507	1.519896	
1309	1.000519	0.001066	-11.640174	-0.001066	1.000519	2.782772	
1310	0.999645	0.002014	-6.390273	-0.002014	0.999645	2.666800	
1311	1.000331	0.000797	-10.103799	-0.000797	1.000331	2.861128	
1312	1.001371	0.003257	-6.284782	-0.003257	1.001371	2.741116	
1313	0.999643	0.003998	-5.231557	-0.003998	0.999643	3.859633	
1314	1.000278	0.000537	-8.874932	-0.000537	1.000278	3.008813	
1315	1.000197	0.002798	-4.954101	-0.002798	1.000197	2.869109	
1316	1.000205	0.000935	-8.326611	-0.000935	1.000205	3.293034	
1317	1.000026	0.002435	-4.163182	-0.002435	1.000026	2.791362	
1318	0.999864	0.002446	-4.032873	-0.002446	0.999864	2.841202	
1319	1.003558	0.007240	-8.902186	-0.007240	1.003558	3.709965	
1320	0.999860	0.002266	-3.681899	-0.002266	0.999860	2.450295	
1321	1.001009	0.004219	-6.527723	-0.004219	1.001009	3.273285	
1322	1.000176	0.002183	-4.049857	-0.002183	1.000176	1.911713	
1323	1.000097	0.002149	-4.162712	-0.002149	1.000097	1.905016	
1324	1.004172	0.005686	-8.977435	-0.005686	1.004172	2.104450	
1325	1.000103	0.002370	-4.053985	-0.002370	1.000103	1.955935	
1326	1.000580	0.000767	-8.143558	-0.000767	1.000580	1.775204	
1327	1.000136	0.002421	-4.569839	-0.002421	1.000136	2.323969	
1328	0.999934	0.002372	-4.347921	-0.002372	0.999934	2.440488	
1329	1.000877	0.000772	-8.403826	-0.000772	1.000877	2.132495	
1330	1.000503	0.002608	-5.214538	-0.002608	1.000503	2.413897	
1331	1.001631	0.000946	-10.248703	-0.000946	1.001631	1.577821	
1332	1.001099	0.002637	-6.025716	-0.002637	1.001099	1.895224	
1333	1.000470	0.002417	-5.362942	-0.002417	1.000470	2.079955	
1334	0.997509	0.003167	-4.913869	-0.003167	0.997509	4.219913	
1335	1.001693	0.002318	-6.369945	-0.002318	1.001693	1.616972	
1336	0.999653	0.002110	-4.510517	-0.002110	0.999653	2.114069	
1337	1.003058	0.000491	-10.472410	-0.000491	1.003058	0.528186	
1338	1.000988	0.002083	-5.034059	-0.002083	1.000988	1.559628	
1339	1.004029	0.000744	-10.706621	-0.000744	1.004029	0.432325	
1340	1.002420	0.001921	-5.923187	-0.001921	1.002420	0.864321	
1341	1.002479	0.001881	-5.871171	-0.001881	1.002479	0.777294	
1342	1.000788	0.002256	-5.500721	-0.002256	1.000788	1.838326	
1343	1.002340	0.001881	-5.238811	-0.001881	1.002340	0.651395	
1344	0.997453	0.001023	-1.382969	-0.001023	0.997453	2.190118	
1345	1.001816	0.001541	-4.781560	-0.001541	1.001816	0.509467	
1346	1.002601	0.001850	-5.781203	-0.001850	1.002601	0.441555	
1347	1.003243	0.000693	-8.576883	-0.000693	1.003243	-0.157475	
1348	1.002027	0.001758	-5.458490	-0.001758	1.002027	0.703476	
1349	1.004312	0.000778	-10.192835	-0.000778	1.004312	-0.318977	
1350	1.002229	0.001637	-5.776791	-0.001637	1.002229	0.401690	
1351	1.001836	0.001655	-5.328274	-0.001655	1.001836	0.462129	
1352	1.004507	0.000777	-10.361616	-0.000777	1.004507	-0.662329	
1353	1.002109	0.001591	-5.279922	-0.001591	1.002109	0.402742	
1354	1.003695	0.001837	-8.478609	-0.001837	1.003695	0.565934	
1355	1.001762	0.001433	-4.950913	-0.001433	1.001762	1.022316	
1356	1.001782	0.001721	-4.988538	-0.001721	1.001782	1.574418	
1357	1.003121	0.001799	-8.475020	-0.001799	1.003121	3.738371	
1358	1.001748	0.001149	-6.088674	-0.001149	1.001748	3.789063	
1359	1.002627	0.000572	-10.149108	-0.000572	1.002627	7.412487	
1360	1.001806	0.000579	-7.331614	-0.000579	1.001806	6.337251	
1361	1.001654	0.000701	-7.500083	-0.000701	1.001654	7.835613	
1362	1.002253	0.000733	-11.780020	-0.000733	1.002253	14.230469	
1363	1.000629	0.000343	-7.168112	-0.000343	1.000629	10.978392	
1364	1.000254	0.000560	-10.918146	-0.000560	1.000254	17.548592	
1365	0.999510	0.000628	-6.860949	-0.000628	0.999510	11.653845	
1366	0.999442	0.000921	-7.124720	-0.000921	0.999442	10.501115	
1367	0.999405	0.000587	-11.021375	-0.000587	0.999405	12.074261	
1368	0.998157	0.003870	-6.229947	-0.003870	0.998157	6.926576	
1369	0.999526	0.000788	-11.952345	-0.000788	0.999526	2.818385	
1370	0.997197	0.003130	-6.229667	-0.003130	0.997197	2.303179	
1371	0.999634	0.000722	-8.112497	-0.000722	0.999634	-1.568963	
1372	1.000065	0.000703	-12.838730	-0.000703	1.000065	-4.167057	
1373	1.001031	0.000853	-8.967550	-0.000853	1.001031	-2.959165	
1374	1.003096	0.000935	-14.394564	-0.000935	1.003096	-5.106420	
1375	1.007392	0.004074	-11.601075	-0.004074	1.007392	-2.846360	
1376	1.002469	0.000685	-9.224030	-0.000685	1.002469	-3.265046	
1377	1.005605	0.000699	-15.095238	-0.000699	1.005605	-5.548052	
1378	1.004696	0.002008	-9.444448	-0.002008	1.004696	-2.664354	
1379	1.005828	0.000331	-13.889098	-0.000331	1.005828	-5.590671	
1380	1.003674	0.002259	-7.775314	-0.002259	1.003674	-1.981763	
1381	1.004664	0.000997	-8.420135	-0.000997	1.004664	-3.334633	
1382	1.005949	0.000468	-11.680605	-0.000468	1.005949	-5.424880	
1383	1.004030	0.001759	-6.698327	-0.001759	1.004030	-2.368837	
1384	1.006793	0.000778	-10.525460	-0.000778	1.006793	-5.001373	
1385	1.003605	0.001549	-5.497595	-0.001549	1.003605	-2.055344	
1386	1.004120	0.001169	-5.401776	-0.001169	1.004120	-2.524984	
1387	1.006248	0.001248	-7.578382	-0.001248	1.006248	-4.008447	
1388	1.003368	0.000598	-3.941168	-0.000598	1.003368	-2.434603	
1389	1.005121	0.000725	-5.278415	-0.000725	1.005121	-3.745474	
1390	1.003605	0.000113	-3.192546	-0.000113	1.003605	-2.923370	
1391	1.003382	-0.000023	-2.777833	0.000023	1.003382	-2.873757	
1392	1.005826	-0.000359	-4.538624	0.000359	1.005826	-4.890950	
1393	1.003556	-0.000404	-2.421215	0.000404	1.003556	-3.212192	
1394	1.005811	-0.000357	-3.858843	0.000357	1.005811	-4.722016	
1395	1.003682	-0.000449	-2.369497	0.000449	1.003682	-3.234444	
1396	1.003703	-0.000252	-2.395066	0.000252	1.003703	-2.992238	
1397	1.005687	-0.000124	-3.927159	0.000124	1.005687	-4.095862	
1398	1.003570	-0.000146	-2.489644	0.000146	1.003570	-2.264370	
1399	1.005040	-0.000103	-3.685360	0.000103	1.005040	-2.348852	
1400	1.003509	-0.000093	-2.802703	0.000093	1.003509	-1.171671	
1401	1.003393	-0.000047	-2.905242	0.000047	1.003393	-0.928080	
1402	1.004272	0.000013	-3.484575	-0.000013	1.004272	-1.144070	
1403	1.003148	0.000036	-2.662069	-0.000036	1.003148	-1.092825	
1404	1.004325	0.000352	-3.651999	-0.000352	1.004325	-1.845704	
1405	1.003406	-0.000190	-2.694569	0.000190	1.003406	-2.036399	
1406	1.003446	-0.000157	-2.653054	0.000157	1.003446	-2.170753	
1407	1.004965	-0.000169	-3.512037	0.000169	1.004965	-3.344219	
1408	1.003617	-0.000296	-2.726801	0.000296	1.003617	-2.496997	
1409	1.005267	0.000025	-3.788010	-0.000025	1.005267	-3.317682	
1410	1.003536	-0.000146	-2.474509	0.000146	1.003536	-2.440653	
1411	1.003689	-0.000164	-2.513281	0.000164	1.003689	-2.568042	
1412	1.005053	-0.000118	-3.419105	0.000118	1.005053	-3.838132	
1413	1.003142	-0.000218	-1.937888	0.000218	1.003142	-2.782099	
1414	1.004587	-0.000200	-2.502687	0.000200	1.004587	-4.161202	
1415	1.002784	-0.000772	-0.797512	0.000772	1.002784	-3.341331	
1416	1.002084	-0.000679	0.413176	0.000679	1.002084	-3.163049	
1417	1.002543	-0.005180	3.278926	0.005180	1.002543	-6.702927	
1418	1.001628	-0.001435	2.522020	0.001435	1.001628	-3.893819	
1419	1.005196	-0.001685	-0.344721	0.001685	1.005196	-5.585301	
1420	1.000358	-0.000593	9.363647	0.000593	1.000358	-6.133060	
1421	1.002801	-0.001439	4.726232	0.001439	1.002801	-5.367070	
1422	1.000752	-0.000396	12.352974	0.000396	1.000752	-6.748505	
1423	1.000806	-0.000759	8.934520	0.000759	1.000806	-5.121900	
1424	1.000319	-0.000650	10.231093	0.000650	1.000319	-4.999222	
1425	1.000239	-0.000878	17.147387	0.000878	1.000239	-7.379508	
1426	0.999908	-0.000684	12.514157	0.000684	0.999908	-4.639564	
1427	1.000243	-0.000976	20.328250	0.000976	1.000243	-7.060091	
1428	1.000244	-0.000863	14.081095	0.000863	1.000244	-4.679641	
1429	1.000430	-0.000893	14.620281	0.000893	1.000430	-4.624065	
1430	0.999758	-0.001115	23.715880	0.001115	0.999758	-6.313157	
1431	1.000405	-0.001002	15.909613	0.001002	1.000405	-4.359001	
1432	1.000023	-0.001182	25.045287	0.001182	1.000023	-5.886632	
1433	1.000233	-0.000984	16.857485	0.000984	1.000233	-3.682464	
1434	0.999964	-0.000798	17.159575	0.000798	0.999964	-3.118158	
1435	1.000117	-0.001463	26.650141	0.001463	1.000117	-4.215581	
1436	1.000157	-0.000974	17.800829	0.000974	1.000157	-2.215753	
1437	1.000470	-0.001544	26.541582	0.001544	1.000470	-3.190210	
1438	1.000236	-0.001093	17.475871	0.001093	1.000236	-1.914859	
1439	1.000052	-0.001117	17.295981	0.001117	1.000052	-1.715577	
1440	0.999848	-0.001154	25.938961	0.001154	0.999848	-1.916527	
1441	0.999733	-0.001522	1.711418	0.001522	0.999733	-0.623085	
1442	0.999433	-0.001413	25.805847	0.001413	0.999433	-1.687539	
1443	1.000325	-0.002198	1.601249	0.002198	1.000325	-1.098014	
1444	1.000752	-0.003970	2.681739	0.003970	1.000752	-2.441747	
1445	0.997305	-0.001390	26.802751	0.001390	0.997305	-1.138945	
1446	0.999451	-0.000553	17.203783	0.000553	0.999451	-0.777790	
1447	0.998849	-0.001620	26.339721	0.001620	0.998849	-1.286642	
1448	1.000572	-0.001612	0.825369	0.001612	1.000572	-1.513253	
1449	1.001317	-0.003084	1.443723	0.003084	1.001317	-2.566936	
1450	0.999594	-0.001922	25.515093	0.001922	0.999594	-1.636104	
1451	0.999596	-0.001336	16.829939	0.001336	0.999596	-0.827173	
1452	0.998526	-0.001583	25.453530	0.001583	0.998526	-0.999657	
1453	0.999218	-0.000873	16.978345	0.000873	0.999218	-0.677958	
1454	0.999092	-0.001340	16.890696	0.001340	0.999092	-0.928381	
1455	0.998238	-0.001731	26.026938	0.001731	0.998238	-0.931032	
1456	0.998610	-0.001672	17.389375	0.001672	0.998610	-0.922394	
1457	0.997856	-0.001829	26.416665	0.001829	0.997856	-0.537627	
1458	0.998652	-0.001195	17.550329	0.001195	0.998652	-0.410589	
1459	0.998803	-0.001009	17.319269	0.001009	0.998803	-0.390873	
1460	0.998115	-0.001839	26.197780	0.001839	0.998115	-1.275438	
1461	0.998124	-0.001270	17.814213	0.001270	0.998124	-0.785162	
1462	0.996753	-0.001811	27.164983	0.001811	0.996753	-1.292616	
1463	0.997713	-0.001144	18.203343	0.001144	0.997713	-0.918357	
1464	0.997784	-0.001038	17.777319	0.001038	0.997784	-0.955024	
1465	0.996474	-0.002383	27.140521	0.002383	0.996474	-2.093714	
1466	0.997490	-0.001277	17.997273	0.001277	0.997490	-1.172538	
1467	0.996360	-0.002149	27.320819	0.002149	0.996360	-2.084730	
1468	0.999502	-0.001924	1.971569	0.001924	0.999502	-0.834122	
1469	0.997313	-0.001440	18.925542	0.001440	0.997313	-1.407593	
1470	0.996455	-0.002086	28.671092	0.002086	0.996455	-1.609915	
1471	0.997773	-0.001537	19.025920	0.001537	0.997773	-0.613629	
1472	0.996145	-0.002573	29.468402	0.002573	0.996145	-0.381787	
1473	0.999389	-0.001008	17.328151	0.001008	0.999389	-0.001216	
1474	0.997811	-0.005340	5.331837	0.005340	0.997811	-2.286273	
1475	0.996271	-0.001897	28.032370	0.001897	0.996271	0.323142	
1476	0.997120	-0.003784	4.720340	0.003784	0.997120	-0.455455	
1477	0.995225	-0.005065	6.880157	0.005065	0.995225	-0.165899	
1478	0.993837	-0.003109	6.450439	0.003109	0.993837	1.754759	
1479	0.998817	-0.001146	16.108622	0.001146	0.998817	-0.122015	
1480	0.996648	-0.001422	25.172848	0.001422	0.996648	0.589223	
1481	0.995655	-0.004897	6.405245	0.004897	0.995655	-0.835218	
1482	0.997663	-0.001694	22.972705	0.001694	0.997663	0.423886	
1483	1.002730	-0.000834	11.010382	0.000834	1.002730	-0.971671	
1484	1.000895	-0.000879	12.472626	0.000879	1.000895	-0.472244	
1485	0.998339	-0.001344	21.790302	0.001344	0.998339	0.050348	
1486	1.001554	-0.000594	11.929767	0.000594	1.001554	-0.589661	
1487	0.999099	-0.001872	22.116808	0.001872	0.999099	-0.851118	
1488	0.999208	-0.001280	14.464556	0.001280	0.999208	-0.661243	
1489	0.998800	-0.001140	14.764339	0.001140	0.998800	-0.356636	
1490	0.998753	-0.001450	22.168823	0.001450	0.998753	-0.161752	
1491	0.996704	-0.003602	4.950353	0.003602	0.996704	-0.947044	
1492	0.998062	-0.001393	21.355111	0.001393	0.998062	0.515500	
1493	0.999357	-0.002809	2.022035	0.002809	0.999357	-1.691745	
1494	0.998922	-0.001560	1.805073	0.001560	0.998922	-0.454099	
1495	0.998000	-0.001070	19.793184	0.001070	0.998000	0.682946	
1496	0.999174	-0.000711	12.558887	0.000711	0.999174	0.347142	
1497	0.998156	-0.001021	19.555796	0.001021	0.998156	0.649880	
1498	0.999431	-0.000874	12.213915	0.000874	0.999431	-0.069481	
1499	0.999767	-0.000818	12.083624	0.000818	0.999767	0.004226	
1500	0.999061	-0.001052	19.246789	0.001052	0.999061	-0.027011	
1501	0.999922	-0.001122	12.452818	0.001122	0.999922	-0.696820	
1502	1.000192	-0.000871	11.737317	0.000871	1.000192	-0.736814	
1503	0.998834	-0.001233	19.482887	0.001233	0.998834	-0.429014	
1504	0.999695	-0.001053	11.984074	0.001053	0.999695	-0.625802	
1505	0.999417	-0.000877	17.971967	0.000877	0.999417	-0.076074	
1506	1.000604	-0.000791	10.603867	0.000791	1.000604	-0.341158	
1507	1.000889	-0.000833	10.321210	0.000833	1.000889	-0.354095	
1508	0.999436	-0.001577	17.012628	0.001577	0.999436	-0.368262	
1509	1.008440	-0.008776	2.403264	0.008776	1.008440	-9.421119	
1510	1.000390	-0.001710	15.853153	0.001710	1.000390	-0.680898	
1511	1.000884	-0.000598	9.503712	0.000598	1.000884	-0.158768	
1512	1.000785	-0.001005	9.907931	0.001005	1.000785	-0.559110	
1513	1.000969	-0.001494	14.871559	0.001494	1.000969	-0.936549	
1514	1.006410	-0.004235	4.125232	0.004235	1.006410	-4.844456	
1515	1.000417	-0.001395	14.205447	0.001395	1.000417	-0.934216	
1516	1.007918	-0.005007	2.203341	0.005007	1.007918	-6.297720	
1517	1.007641	-0.005200	3.055787	0.005200	1.007641	-6.016625	
1518	1.000530	-0.001363	14.397000	0.001363	1.000530	-1.203611	
1519	1.002198	-0.004423	7.337543	0.004423	1.002198	-3.539138	
1520	1.000263	-0.001240	13.968257	0.001240	1.000263	-0.835619	
1521	1.008797	-0.007065	0.795607	0.007065	1.008797	-8.369967	
1522	1.007346	-0.007064	3.070047	0.007064	1.007346	-7.154396	
1523	0.999653	-0.000974	14.346701	0.000974	0.999653	0.598039	
1524	1.000268	-0.000740	8.707793	0.000740	1.000268	0.351260	
1525	0.999650	-0.001016	13.439452	0.001016	0.999650	1.101315	
1526	0.998351	-0.001956	8.220971	0.001956	0.998351	0.211333	
1527	0.998194	-0.001394	8.339516	0.001394	0.998194	0.620093	
1528	0.999765	-0.000898	11.833258	0.000898	0.999765	0.686292	
1529	1.000515	-0.005202	6.089282	0.005202	1.000515	-3.100604	
1530	0.999819	-0.000862	11.081844	0.000862	0.999819	-0.220907	
1531	1.005167	-0.005323	1.953714	0.005323	1.005167	-6.104519	
1532	1.002650	-0.004467	3.945705	0.004467	1.002650	-4.184562	
1533	1.000455	-0.001055	10.149141	0.001055	1.000455	-0.684641	
1534	1.003934	-0.004795	2.958166	0.004795	1.003934	-4.529318	
1535	0.991248	-0.004872	11.706911	0.004872	0.991248	1.359950	
1536	1.003438	-0.003116	3.163364	0.003116	1.003438	-2.546795	
1537	0.999557	-0.003063	5.596665	0.003063	0.999557	-1.195931	
1538	0.999882	-0.000348	9.504960	0.000348	0.999882	0.992858	
1539	1.001241	-0.001587	5.139490	0.001587	1.001241	-0.634748	
1540	1.000063	-0.000972	9.326247	0.000972	1.000063	0.364197	
1541	1.000005	-0.003000	5.409777	0.003000	1.000005	-1.392452	
1542	1.000340	-0.002894	5.193304	0.002894	1.000340	-1.358005	
1543	1.000043	-0.000819	9.068196	0.000819	1.000043	0.995950	
1544	1.000484	-0.002610	4.900382	0.002610	1.000484	-0.894371	
1545	1.005996	-0.008408	3.740262	0.008408	1.005996	-7.436726	
1546	1.001115	-0.001582	5.178092	0.001582	1.001115	-0.145190	
1547	0.995750	-0.003165	7.172660	0.003165	0.995750	0.803499	
1548	1.000610	-0.001004	9.797449	0.001004	1.000610	1.420444	
1549	1.001606	-0.003315	5.318770	0.003315	1.001606	-1.759443	
1550	1.000362	-0.001349	10.887533	0.001349	1.000362	0.739803	
1551	0.999412	-0.003021	6.703133	0.003021	0.999412	-1.122768	
1552	1.000483	-0.003572	6.336126	0.003572	1.000483	-1.709974	
1553	1.000953	-0.001124	10.366796	0.001124	1.000953	0.265644	
1554	1.000930	-0.003294	5.877342	0.003294	1.000930	-1.759849	
1555	1.001740	-0.001337	9.479418	0.001337	1.001740	-0.195668	
1556	0.999756	-0.002858	5.971511	0.002858	0.999756	-1.150979	
1557	1.001229	-0.003465	5.128967	0.003465	1.001229	-2.203345	
1558	1.002130	-0.001056	7.963031	0.001056	1.002130	-0.678296	
1559	1.000405	-0.002579	4.719056	0.002579	1.000405	-1.355476	
1560	1.002287	-0.001030	6.598046	0.001030	1.002287	-0.497031	
1561	1.000502	-0.002089	3.768339	0.002089	1.000502	-1.044615	
1562	1.000467	-0.001997	3.269991	0.001997	1.000467	-0.950794	
1563	1.000926	-0.002587	4.206789	0.002587	1.000926	-1.399308	
1564	1.000361	-0.001497	2.316026	0.001497	1.000361	-0.797489	
1565	1.001087	-0.001749	2.152880	0.001749	1.001087	-1.330932	
1566	1.000967	-0.000968	0.642621	0.000968	1.000967	-1.103429	
1567	1.000237	-0.000556	0.585216	0.000556	1.000237	-0.540072	
1568	1.000023	-0.000563	0.648952	0.000563	1.000023	-0.413451	
1569	1.000139	-0.000168	0.059792	0.000168	1.000139	-0.204113	
1570	1.000180	-0.000055	-0.225726	0.000055	1.000180	-0.177857	
1571	1.000088	-0.000024	-0.220100	0.000024	1.000088	-0.077451	
1572	1.000102	-0.000065	-0.221003	0.000065	1.000102	-0.146706	
1573	1.000084	0.000108	-0.532168	-0.000108	1.000084	-0.047589	
1574	1.000122	0.000056	-0.446985	-0.000056	1.000122	-0.004146	
1575	1.000216	0.000239	-0.824557	-0.000239	1.000216	0.086874	
1576	1.000162	0.000104	-0.471486	-0.000104	1.000162	-0.021284	
1577	1.000180	0.000069	-0.412144	-0.000069	1.000180	-0.048301	
1578	1.000394	0.000020	-0.438773	-0.000020	1.000394	-0.177339	
1579	1.000067	-0.000061	0.028416	0.000061	1.000067	-0.092845	
1580	1.000042	-0.000189	0.353854	0.000189	1.000042	-0.169616	
1581	1.000099	-0.000201	0.153293	0.000201	1.000099	-0.108649	
1582	1.000080	-0.000172	0.060497	0.000172	1.000080	-0.067675	
1583	0.999980	-0.000114	0.127433	0.000114	0.999980	0.181509	
1584	1.000049	-0.000197	0.059137	0.000197	1.000049	0.132704	
1585	1.000016	-0.000108	0.083784	0.000108	1.000016	0.289553	
1586	0.999909	-0.000198	0.377145	0.000198	0.999909	0.424835	
1587	0.999893	-0.000247	0.461342	0.000247	0.999893	0.216674	
1588	0.999817	-0.000357	0.739803	0.000357	0.999817	0.248336	
1589	0.999906	-0.000272	0.446265	0.000272	0.999906	0.112348	
1590	0.999923	-0.000194	0.330708	0.000194	0.999923	0.028564	
1591	0.999854	-0.000018	0.399469	0.000018	0.999854	0.146283	
1592	1.000043	0.000087	0.042722	-0.000087	1.000043	0.101592	
1593	1.000433	0.000220	-0.290406	-0.000220	1.000433	0.168956	
1594	1.000711	0.000039	-0.476067	-0.000039	1.000711	-0.035018	
1595	1.000815	0.000060	-0.533230	-0.000060	1.000815	0.009510	
1596	1.001552	-0.000092	-0.833742	0.000092	1.001552	0.069156	
1597	1.001082	-0.000053	-0.657256	0.000053	1.001082	0.264697	
1598	1.001609	0.000110	-1.072321	-0.000110	1.001609	0.424083	
1599	1.001046	0.000084	-0.871530	-0.000084	1.001046	0.377694	
1600	1.001102	0.000016	-0.870022	-0.000016	1.001102	0.279846	
1601	1.001989	0.000286	-1.543259	-0.000286	1.001989	0.185504	
1602	1.001234	0.000123	-0.986826	-0.000123	1.001234	0.017175	
1603	1.002110	0.000201	-1.675928	-0.000201	1.002110	-0.297404	
1604	1.001410	-0.000052	-0.922460	0.000052	1.001410	-0.376925	
1605	1.001509	-0.000126	-1.002889	0.000126	1.001509	-0.491965	
1606	1.002349	0.000063	-1.606613	-0.000063	1.002349	-0.814527	
1607	1.002093	-0.000042	-1.374202	0.000042	1.002093	-0.940613	
1608	1.002464	-0.000030	-1.455971	0.000030	1.002464	-1.163027	
1609	1.001603	-0.000021	-0.922588	0.000021	1.001603	-0.806013	
1610	1.001734	-0.000165	-0.919120	0.000165	1.001734	-1.003635	
1611	1.002676	-0.000353	-1.187912	0.000353	1.002676	-1.676316	
1612	1.001759	-0.000320	-0.772895	0.000320	1.001759	-1.114687	
1613	1.002713	-0.000285	-0.977250	0.000285	1.002713	-1.604461	
1614	1.001731	-0.000113	-0.604970	0.000113	1.001731	-0.930180	
1615	1.001713	-0.000356	-0.468271	0.000356	1.001713	-0.969464	
1616	1.002570	-0.000419	-0.676144	0.000419	1.002570	-1.409188	
1617	1.001526	-0.000290	-0.345590	0.000290	1.001526	-0.898727	
1618	1.002271	-0.000623	-0.504074	0.000623	1.002271	-1.482997	
1619	1.001603	-0.000378	-0.441226	0.000378	1.001603	-1.017684	
1620	1.001777	-0.000254	-0.647803	0.000254	1.001777	-1.057705	
1621	1.002639	-0.000378	-0.890162	0.000378	1.002639	-1.676117	
1622	1.001642	0.000008	-0.613067	-0.000008	1.001642	-1.035327	
1623	1.002690	-0.000178	-1.160923	0.000178	1.002690	-1.904699	
1624	1.001596	-0.000317	-0.370968	0.000317	1.001596	-1.263511	
1625	1.001442	-0.000400	-0.169661	0.000400	1.001442	-1.109694	
1626	1.002414	-0.000758	-0.186149	0.000758	1.002414	-1.555580	
1627	1.001173	-0.000612	0.153065	0.000612	1.001173	-0.656486	
1628	1.001677	-0.000752	0.389574	0.000752	1.001677	-0.740413	
1629	1.000237	-0.000842	1.073879	0.000842	1.000237	-0.163927	
1630	0.999719	-0.000566	1.287198	0.000566	0.999719	0.177084	
1631	0.999365	-0.000887	2.117136	0.000887	0.999365	0.078019	
1632	0.999148	-0.000526	1.551007	0.000526	0.999148	0.313097	
1633	0.998901	-0.000763	2.065616	0.000763	0.998901	0.499515	
1634	0.999018	-0.000615	1.781232	0.000615	0.999018	0.674361	
1635	0.998957	-0.000672	1.966438	0.000672	0.998957	0.798678	
1636	0.998480	-0.000968	2.881920	0.000968	0.998480	1.338945	
1637	0.998919	-0.000462	1.751344	0.000462	0.998919	0.983317	
1638	0.998710	-0.000466	2.080069	0.000466	0.998710	1.150750	
1639	0.999087	-0.000476	1.447543	0.000476	0.999087	0.519955	
1640	0.999236	-0.000314	1.265457	0.000314	0.999236	0.287147	
1641	0.999618	-0.000726	1.308278	0.000726	0.999618	-0.393649	
1642	0.999679	-0.000675	0.863732	0.000675	0.999679	-0.317139	
1643	0.999600	-0.000715	1.090478	0.000715	0.999600	-0.190725	
1644	0.999695	-0.000519	0.680292	0.000519	0.999695	-0.050434	
1645	0.999599	-0.000409	0.641934	0.000409	0.999599	0.085437	
1646	0.999560	-0.000302	0.792626	0.000302	0.999560	0.126241	
1647	0.999654	-0.000274	0.525812	0.000274	0.999654	0.028464	
1648	0.999527	-0.000288	0.600866	0.000288	0.999527	0.018741	
1649	0.999648	-0.000101	0.348126	0.000101	0.999648	0.076607	
1650	0.999612	-0.000006	0.259709	0.000006	0.999612	0.144574	
1651	0.999557	-0.000044	0.144529	0.000044	0.999557	0.119361	
1652	0.999631	-0.000008	0.119693	0.000008	0.999631	0.111282	
1653	0.999651	-0.000043	0.101168	0.000043	0.999651	-0.065542	
1654	0.999680	-0.000319	0.340376	0.000319	0.999680	-0.270879	
1655	0.999633	-0.000238	0.465993	0.000238	0.999633	-0.123856	
1656	0.999616	-0.000650	0.734500	0.000650	0.999616	-0.419010	
1657	0.999656	-0.000287	0.579960	0.000287	0.999656	-0.103867	
1658	0.999447	-0.000382	0.782921	0.000382	0.999447	-0.116666	
1659	0.999645	-0.000152	0.476916	0.000152	0.999645	-0.043752	
1660	0.999682	-0.000157	0.383420	0.000157	0.999682	-0.122716	
1661	0.999332	-0.000285	0.660930	0.000285	0.999332	-0.197314	
1662	0.999597	-0.000229	0.501040	0.000229	0.999597	-0.229922	
1663	0.999338	-0.000358	0.800878	0.000358	0.999338	-0.406839	
1664	0.999474	-0.000374	0.631976	0.000374	0.999474	-0.289824	
1665	0.999453	-0.000388	0.684772	0.000388	0.999453	-0.274905	
1666	0.999318	-0.000455	0.906238	0.000455	0.999318	-0.291518	
1667	0.999395	-0.000288	0.852488	0.000288	0.999395	-0.165261	
1668	0.999444	-0.000352	0.907377	0.000352	0.999444	-0.273294	
1669	0.999301	-0.000583	1.244896	0.000583	0.999301	-0.631891	
1670	0.999657	-0.000426	0.770477	0.000426	0.999657	-0.636834	
1671	0.999444	-0.000839	1.339577	0.000839	0.999444	-1.090677	
1672	0.999703	-0.000584	1.052481	0.000584	0.999703	-0.737096	
1673	0.999589	-0.000538	1.135130	0.000538	0.999589	-0.481947	
1674	0.999399	-0.000825	1.694593	0.000825	0.999399	-0.536460	
1675	0.999478	-0.000544	1.306544	0.000544	0.999478	-0.205987	
1676	0.998900	-0.000906	2.135945	0.000906	0.998900	-0.080040	
1677	0.999246	-0.000595	1.520128	0.000595	0.999246	0.059710	
1678	0.999482	-0.000637	1.369967	0.000637	0.999482	-0.119225	
1679	0.999007	-0.001030	2.047991	0.001030	0.999007	-0.240879	
1680	0.999605	-0.000786	1.144999	0.000786	0.999605	-0.406453	
1681	0.999219	-0.001045	1.759328	0.001045	0.999219	-0.472319	
1682	0.999616	-0.000587	1.048554	0.000587	0.999616	-0.280543	
1683	0.999570	-0.000676	1.152566	0.000676	0.999570	-0.284592	
1684	0.999031	-0.000867	1.669405	0.000867	0.999031	-0.018192	
1685	0.999430	-0.000607	1.077531	0.000607	0.999430	-0.034723	
1686	0.999060	-0.000755	1.606108	0.000755	0.999060	0.154371	
1687	0.999337	-0.000665	1.325669	0.000665	0.999337	-0.161695	
1688	0.999471	-0.000622	1.054192	0.000622	0.999471	-0.249010	
1689	0.999362	-0.000907	1.339245	0.000907	0.999362	-0.494433	
1690	0.999616	-0.000536	0.817877	0.000536	0.999616	-0.368469	
1691	0.999290	-0.000808	1.441579	0.000808	0.999290	-0.498059	
1692	0.999442	-0.000610	1.045300	0.000610	0.999442	-0.299164	
1693	0.999404	-0.000666	1.187423	0.000666	0.999404	-0.184159	
1694	0.998866	-0.001235	2.422884	0.001235	0.998866	-0.172655	
1695	0.999352	-0.000790	1.395298	0.000790	0.999352	-0.139803	
1696	0.999603	-0.001487	2.206246	0.001487	0.999603	-0.573742	
1697	0.999767	-0.000981	1.417905	0.000981	0.999767	-0.493026	
1698	0.999786	-0.001073	1.517326	0.001073	0.999786	-0.570413	
1699	0.999785	-0.001331	1.886364	0.001331	0.999785	-0.728776	
1700	0.999762	-0.000954	1.156495	0.000954	0.999762	-0.428575	
1701	0.999640	-0.001110	1.854590	0.001110	0.999640	-0.250762	
1702	0.999693	-0.000813	1.035394	0.000813	0.999693	-0.231489	
1703	0.999551	-0.000638	0.818934	0.000638	0.999551	0.109456	
1704	0.999682	-0.000527	0.457008	0.000527	0.999682	0.575915	
1705	0.999633	0.000021	-0.284621	-0.000021	0.999633	0.868435	
1706	0.999508	0.000253	-0.435708	-0.000253	0.999508	1.800103	
1707	0.999564	0.000408	-0.406546	-0.000408	0.999564	1.408590	
1708	1.000006	0.000339	-0.905972	-0.000339	1.000006	0.962170	
1709	1.000450	0.000795	-1.658356	-0.000795	1.000450	1.143959	
1710	1.000708	0.000455	-1.454613	-0.000455	1.000708	0.283851	
1711	1.001584	0.000986	-2.815845	-0.000986	1.001584	0.185740	
1712	1.001231	0.000635	-2.000497	-0.000635	1.001231	-0.037403	
1713	1.001436	0.000563	-2.002997	-0.000563	1.001436	-0.234973	
1714	1.002039	0.000733	-2.718330	-0.000733	1.002039	-0.251343	
1715	1.001264	0.000556	-1.759099	-0.000556	1.001264	0.020863	
1716	1.001682	0.000783	-2.632277	-0.000783	1.001682	0.396921	
1717	1.001256	0.000586	-1.810807	-0.000586	1.001256	0.409802	
1718	1.001229	0.000533	-1.511037	-0.000533	1.001229	0.407614	
1719	1.002061	0.000766	-2.294736	-0.000766	1.002061	0.378137	
1720	1.001433	0.000536	-1.773794	-0.000536	1.001433	0.105436	
1721	1.001062	0.000685	-2.096434	-0.000685	1.001062	0.320667	
1722	0.999970	0.000371	-0.679144	-0.000371	0.999970	0.419170	
1723	0.999837	0.000433	-0.572333	-0.000433	0.999837	0.550034	
1724	0.999820	0.000509	-0.872595	-0.000509	0.999820	0.592232	
1725	0.999939	0.000368	-0.645075	-0.000368	0.999939	0.442642	
1726	0.999962	0.000472	-0.897911	-0.000472	0.999962	0.530670	
1727	1.000255	0.000168	-0.794524	-0.000168	1.000255	0.100930	
1728	1.000207	0.000018	-0.505792	-0.000018	1.000207	-0.032429	
1729	1.000127	0.000152	-0.214324	-0.000152	1.000127	-0.134578	
1730	1.000353	-0.000191	-0.114483	0.000191	1.000353	-0.615911	
1731	1.000309	-0.000454	0.100084	0.000454	1.000309	-0.918021	
1732	1.000334	-0.000484	0.146965	0.000484	1.000334	-0.839949	
1733	1.000268	-0.000569	0.584842	0.000569	1.000268	-0.831445	
1734	1.000286	-0.001403	1.654805	0.001403	1.000286	-1.656461	
1735	1.000258	-0.001234	1.915811	0.001234	1.000258	-1.511313	
1736	1.000936	-0.002209	3.398554	0.002209	1.000936	-3.569764	
1737	1.000672	-0.001734	2.028657	0.001734	1.000672	-2.756370	
1738	1.000795	-0.001531	1.766883	0.001531	1.000795	-2.836996	
1739	1.001335	-0.001970	2.523650	0.001970	1.001335	-3.852068	
1740	1.000575	-0.000969	1.604934	0.000969	1.000575	-1.913734	
1741	1.000439	-0.001194	1.860270	0.001194	1.000439	-1.823243	
1742	1.000010	-0.000433	0.789113	0.000433	1.000010	-0.329209	
1743	0.999749	-0.000268	0.474682	0.000268	0.999749	0.135112	
1744	0.999377	-0.000013	0.329650	0.000013	0.999377	0.736214	
1745	0.999450	0.000239	0.047206	-0.000239	0.999450	0.682003	
1746	0.999315	0.000540	-0.306010	-0.000540	0.999315	0.716499	
1747	0.999736	0.000503	-0.742256	-0.000503	0.999736	0.348087	
1748	0.999567	0.000494	-0.671496	-0.000494	0.999567	0.400324	
1749	0.998732	0.000667	-0.244047	-0.000667	0.998732	0.997505	
1750	0.998491	0.000425	0.395416	-0.000425	0.998491	1.068606	
1751	0.998180	0.000356	0.527567	-0.000356	0.998180	1.238540	
1752	0.997090	0.000579	0.571862	-0.000579	0.997090	1.917084	
1753	0.998127	0.000412	0.405747	-0.000412	0.998127	1.263674	
1754	0.997193	0.000457	1.121588	-0.000457	0.997193	1.654031	
1755	0.998152	0.000184	0.928342	-0.000184	0.998152	0.940722	
1756	0.998034	0.000139	1.123649	-0.000139	0.998034	0.964219	
1757	0.997061	0.000114	1.640678	-0.000114	0.997061	1.373858	
1758	0.997946	0.000154	1.180524	-0.000154	0.997946	1.122162	
1759	0.998501	0.000169	0.658815	-0.000169	0.998501	0.948923	
1760	0.999927	0.000437	-0.273006	-0.000437	0.999927	0.383406	
1761	1.000183	0.000316	-0.554895	-0.000316	1.000183	0.223893	
1762	1.000330	0.000412	-1.076970	-0.000412	1.000330	0.213222	
1763	1.000200	0.000401	-0.864116	-0.000401	1.000200	0.257886	
1764	1.000189	0.000463	-1.107053	-0.000463	1.000189	0.353331	
1765	1.000131	0.000377	-0.778812	-0.000377	1.000131	0.338660	
1766	1.000058	0.000477	-0.773966	-0.000477	1.000058	0.450855	
1767	1.000232	0.000597	-1.246565	-0.000597	1.000232	0.402760	
1768	0.999998	0.000337	-0.842384	-0.000337	0.999998	0.251775	
1769	1.000026	0.000340	-0.998797	-0.000340	1.000026	0.239487	
1770	1.000053	0.000163	-0.586010	-0.000163	1.000053	0.077720	
1771	0.999990	0.000037	-0.487238	-0.000037	0.999990	0.008102	
1772	0.999974	0.000068	-0.629176	-0.000068	0.999974	-0.005190	
1773	1.000030	0.000072	-0.417636	-0.000072	1.000030	0.022485	
1774	1.000086	-0.000010	-0.400091	0.000010	1.000086	-0.031092	
1775	1.000045	0.000138	-0.318008	-0.000138	1.000045	0.120609	
1776	1.000032	0.000243	-0.470452	-0.000243	1.000032	0.171534	
1777	1.000164	0.000460	-0.864418	-0.000460	1.000164	0.240252	
1778	1.000141	0.000387	-0.684314	-0.000387	1.000141	0.186277	
1779	1.000282	0.000426	-0.873249	-0.000426	1.000282	0.094179	
1780	1.000106	0.000279	-0.522450	-0.000279	1.000106	0.167759	
1781	1.000126	0.000185	-0.557574	-0.000185	1.000126	0.098787	
1782	1.000188	0.000479	-0.878109	-0.000479	1.000188	0.214086	
1783	1.000098	0.000236	-0.505964	-0.000236	1.000098	0.118353	
1784	1.000289	0.000242	-0.696883	-0.000242	1.000289	0.038485	
1785	1.000091	0.000326	-0.276980	-0.000326	1.000091	0.124764	
1786	1.000142	0.000251	-0.283863	-0.000251	1.000142	0.064357	
1787	1.000269	0.000159	-0.514694	-0.000159	1.000269	-0.063778	
1788	1.000111	0.000258	-0.232865	-0.000258	1.000111	-0.028844	
1789	1.000222	0.000122	-0.262578	-0.000122	1.000222	-0.159124	
1790	1.000001	0.000081	0.093807	-0.000081	1.000001	-0.047686	
1791	1.000114	-0.000013	-0.006029	0.000013	1.000114	-0.090741	
1792	1.000040	-0.000097	0.134588	0.000097	1.000040	-0.056722	
1793	0.999996	-0.000046	0.200146	0.000046	0.999996	0.027463	
1794	0.999780	-0.000371	0.844887	0.000371	0.999780	0.098128	
1795	0.999837	-0.000267	0.712732	0.000267	0.999837	-0.008030	
1796	0.999928	-0.000291	0.556346	0.000291	0.999928	-0.096235	
1797	0.999901	-0.000406	0.826570	0.000406	0.999901	-0.163502	
1798	0.999872	-0.000302	0.717541	0.000302	0.999872	-0.144892	
1799	0.999862	-0.000412	0.955584	0.000412	0.999862	-0.206035	
1800	0.999802	-0.000241	0.691510	0.000241	0.999802	-0.114634	
1801	0.999966	-0.000078	0.327383	0.000078	0.999966	-0.002460	
1802	0.999625	-0.000199	0.548893	0.000199	0.999625	0.112502	
1803	0.999840	-0.000068	0.354677	0.000068	0.999840	0.082104	
1804	1.000039	-0.000151	0.579446	0.000151	1.000039	0.034896	
1805	0.999982	-0.000292	0.660640	0.000292	0.999982	-0.047409	
1806	1.000161	-0.000344	0.490274	0.000344	1.000161	-0.159197	
1807	1.000367	-0.000413	0.657766	0.000413	1.000367	-0.128958	
1808	1.000275	-0.000385	0.601463	0.000385	1.000275	-0.023179	
1809	1.000348	-0.000523	1.192347	0.000523	1.000348	0.050702	
1810	1.000302	-0.000402	0.883389	0.000402	1.000302	0.029375	
1811	1.000255	-0.000527	1.023246	0.000527	1.000255	-0.029279	
1812	1.000495	-0.000840	1.352405	0.000840	1.000495	-0.292174	
1813	1.000562	-0.000387	0.842001	0.000387	1.000562	-0.311785	
1814	1.000786	-0.000741	1.069715	0.000741	1.000786	-0.633871	
1815	1.000725	-0.000299	0.403817	0.000299	1.000725	-0.496142	
1816	1.000838	-0.000255	0.294817	0.000255	1.000838	-0.540395	
1817	1.001316	-0.000367	0.053720	0.000367	1.001316	-0.849791	
1818	1.001002	-0.000199	-0.113334	0.000199	1.001002	-0.577568	
1819	1.001244	-0.000309	-0.147342	0.000309	1.001244	-0.753320	
1820	1.000953	-0.000188	-0.084285	0.000188	1.000953	-0.471649	
1821	1.000896	-0.000144	0.100620	0.000144	1.000896	-0.401338	
1822	1.000899	-0.000354	0.206482	0.000354	1.000899	-0.545092	
1823	1.000671	-0.000152	0.213934	0.000152	1.000671	-0.332418	
1824	1.000973	-0.000407	0.241152	0.000407	1.000973	-0.636762	
1825	1.000621	-0.000183	0.275838	0.000183	1.000621	-0.416703	
1826	1.000775	-0.000184	0.160096	0.000184	1.000775	-0.461933	
1827	1.000711	-0.000182	0.193222	0.000182	1.000711	-0.389734	
1828	1.000452	-0.000107	0.116271	0.000107	1.000452	-0.262333	
1829	1.000464	-0.000224	0.390671	0.000224	1.000464	-0.319943	
1830	1.000295	-0.000233	0.455299	0.000233	1.000295	-0.243596	
1831	1.000279	-0.000433	0.543319	0.000433	1.000279	-0.239211	
1832	1.000283	-0.000875	1.279456	0.000875	1.000283	-0.435189	
1833	1.000114	-0.000704	1.010730	0.000704	1.000114	-0.332670	
1834	1.000092	-0.000771	1.075733	0.000771	1.000092	-0.262429	
1835	0.999970	-0.000849	1.585174	0.000849	0.999970	-0.227378	
1836	1.000016	-0.000732	1.229462	0.000732	1.000016	-0.257693	
1837	1.000018	-0.001044	1.728668	0.001044	1.000018	-0.391038	
1838	1.000139	-0.000614	0.847521	0.000614	1.000139	-0.392964	
1839	1.000045	-0.000698	0.997497	0.000698	1.000045	-0.467635	
1840	1.000061	-0.001186	1.768552	0.001186	1.000061	-0.856167	
1841	1.000020	-0.000943	1.212457	0.000943	1.000020	-0.636174	
1842	0.999863	-0.001056	1.779690	0.001056	0.999863	-0.576965	
1843	0.999831	-0.000894	1.352199	0.000894	0.999831	-0.427764	
1844	0.999890	-0.001013	1.513117	0.001013	0.999890	-0.466225	
1845	0.999618	-0.001400	2.615505	0.001400	0.999618	-0.382802	
1846	0.999747	-0.001055	1.870858	0.001055	0.999747	-0.262253	
1847	0.999481	-0.001557	3.055737	0.001557	0.999481	-0.260568	
1848	0.999813	-0.001342	2.261865	0.001342	0.999813	-0.379851	
1849	0.999440	-0.001272	2.444506	0.001272	0.999440	-0.199745	
1850	0.999245	-0.001844	3.536715	0.001844	0.999245	-0.519926	
1851	0.999490	-0.001139	2.236516	0.001139	0.999490	-0.383075	
1852	0.999402	-0.001713	3.072600	0.001713	0.999402	-0.849957	
1853	0.999484	-0.000948	1.839506	0.000948	0.999484	-0.540038	
1854	0.999570	-0.000855	1.616546	0.000855	0.999570	-0.605556	
1855	0.999344	-0.001210	2.381047	0.001210	0.999344	-0.734329	
1856	0.999599	-0.000710	1.547871	0.000710	0.999599	-0.397053	
1857	0.999671	-0.001027	2.444463	0.001027	0.999671	-0.513971	
1858	0.999687	-0.000691	1.557861	0.000691	0.999687	-0.318429	
1859	0.999768	-0.000641	1.199172	0.000641	0.999768	-0.323602	
1860	0.999671	-0.000875	1.548551	0.000875	0.999671	-0.435071	
1861	0.999699	-0.000557	1.102729	0.000557	0.999699	-0.300091	
1862	0.999799	-0.000621	1.335898	0.000621	0.999799	-0.499979	
1863	0.999859	-0.000385	0.419751	0.000385	0.999859	-0.299080	
1864	0.999785	-0.000236	0.215780	0.000236	0.999785	-0.137992	
1865	0.999939	-0.000141	0.067386	0.000141	0.999939	-0.137544	
1866	1.000109	0.000057	-0.429006	-0.000057	1.000109	-0.046947	
1867	1.000322	0.000836	-2.024059	-0.000836	1.000322	0.094018	
1868	1.000375	0.000730	-2.088653	-0.000730	1.000375	-0.081939	
1869	1.000614	0.000991	-2.841846	-0.000991	1.000614	-0.277023	
1870	0.995462	0.001190	-2.492455	-0.001190	0.995462	1.400404	
1871	0.994559	0.001678	-0.768054	-0.001678	0.994559	2.594964	
1872	0.986587	0.001002	0.933478	-0.001002	0.986587	4.430520	
1873	0.992635	0.001851	-0.216021	-0.001851	0.992635	3.639358	
1874	0.991570	0.001435	0.461008	-0.001435	0.991570	3.814959	
1875	0.986955	0.001024	0.983874	-0.001024	0.986955	5.172848	
1876	0.992604	0.001549	0.687684	-0.001549	0.992604	4.023478	
1877	0.987752	0.001150	2.290985	-0.001150	0.987752	5.558505	
1878	0.993591	0.000901	1.712032	-0.000901	0.993591	3.530508	
1879	0.996576	0.001005	-0.289272	-0.001005	0.996576	2.216761	
1880	0.996884	0.001586	-2.020178	-0.001586	0.996884	2.264897	
1881	0.996833	0.000850	-0.185049	-0.000850	0.996833	1.672360	
1882	0.989993	0.000889	3.404722	-0.000889	0.989993	4.196197	
1883	0.994770	0.000493	2.015650	-0.000493	0.994770	2.382463	
1884	0.996333	0.000349	1.101630	-0.000349	0.996333	1.701697	
1885	0.999981	0.000463	-1.715986	-0.000463	0.999981	-0.034063	
1886	1.000362	0.000177	-1.027062	-0.000177	1.000362	-0.194088	
1887	1.000280	0.000088	-0.580773	-0.000088	1.000280	-0.110779	
1888	1.000210	-0.000220	-0.098871	0.000220	1.000210	-0.157663	
1889	1.000015	-0.000293	0.176181	0.000293	1.000015	-0.005875	
1890	1.000044	-0.000342	0.260543	0.000342	1.000044	-0.044884	
1891	1.000096	-0.000209	-0.036305	0.000209	1.000096	-0.134873	
1892	1.000069	-0.000100	-0.038357	0.000100	1.000069	-0.135809	
1893	1.000325	-0.000165	-0.222589	0.000165	1.000325	-0.224742	
1894	1.000287	-0.000104	-0.256957	0.000104	1.000287	-0.172512	
1895	1.000142	0.000256	-0.905390	-0.000256	1.000142	0.473652	
1896	1.000020	0.000352	-0.883609	-0.000352	1.000020	0.574763	
1897	0.999947	0.000629	-1.270672	-0.000629	0.999947	1.179264	
1898	0.999952	0.000480	-0.625806	-0.000480	0.999952	0.779105	
1899	0.999812	0.000355	-0.121285	-0.000355	0.999812	0.865373	
1900	0.999581	0.000252	0.208747	-0.000252	0.999581	1.324347	
1901	0.999471	-0.000133	0.509349	0.000133	0.999471	1.008851	
1902	0.998768	-0.000541	1.504049	0.000541	0.998768	2.134702	
1903	0.999076	-0.000395	1.356715	0.000395	0.999076	1.862073	
1904	0.998920	-0.000337	1.557532	0.000337	0.998920	2.200516	
1905	0.998317	-0.000336	2.170580	0.000336	0.998317	3.404182	
1906	0.998999	-0.000188	1.148353	0.000188	0.998999	2.345284	
1907	0.998412	0.000000	1.684194	-0.000000	0.998412	3.785046	
1908	0.999503	-0.000185	1.045458	0.000185	0.999503	2.192765	
1909	0.999740	-0.000077	0.990827	0.000077	0.999740	2.215020	
1910	1.000064	-0.000020	1.089979	0.000020	1.000064	3.289394	
1911	1.000277	-0.000306	0.688729	0.000306	1.000277	1.715804	
1912	1.001212	-0.000485	0.933065	0.000485	1.001212	1.643462	
1913	1.001199	-0.000426	0.719205	0.000426	1.001199	0.355227	
1914	1.001706	-0.000648	0.795335	0.000648	1.001706	-0.416740	
1915	1.002551	-0.001391	1.289894	0.001391	1.002551	-1.702594	
1916	1.002696	-0.001083	0.711851	0.001083	1.002696	-2.140652	
1917	1.002842	-0.001186	0.661736	0.001186	1.002842	-2.414451	
1918	1.004531	-0.002125	1.087911	0.002125	1.004531	-4.050957	
1919	1.003147	-0.001317	0.797321	0.001317	1.003147	-2.618441	
1920	1.004442	-0.001880	1.369633	0.001880	1.004442	-3.790114	
1921	1.003126	-0.001158	0.716991	0.001158	1.003126	-2.509729	
1922	1.003120	-0.001163	0.542065	0.001163	1.003120	-2.535127	
1923	1.005075	-0.000873	0.310635	0.000873	1.005075	-3.494823	
1924	1.003269	-0.000597	-0.098385	0.000597	1.003269	-2.330664	
1925	1.004516	-0.000862	-0.481229	0.000862	1.004516	-3.210434	
1926	1.002830	-0.000412	-0.573570	0.000412	1.002830	-1.955204	
1927	1.003004	-0.000400	-1.046924	0.000400	1.003004	-1.959860	
1928	1.004505	-0.000265	-1.999354	0.000265	1.004505	-2.574314	
1929	1.002818	-0.000100	-1.478135	0.000100	1.002818	-1.544154	
1930	1.003889	0.000263	-2.471031	-0.000263	1.003889	-1.887503	
1931	1.002856	0.000041	-1.688121	-0.000041	1.002856	-1.366974	
1932	1.002755	0.000155	-1.669733	-0.000155	1.002755	-1.263765	
1933	1.004187	0.000366	-2.782356	-0.000366	1.004187	-1.953709	
1934	1.002979	0.000209	-1.856415	-0.000209	1.002979	-1.443904	
1935	1.004049	0.000422	-2.769592	-0.000422	1.004049	-1.987624	
1936	1.003022	0.000035	-1.925015	-0.000035	1.003022	-1.574913	
1937	1.002974	0.000171	-1.897353	-0.000171	1.002974	-1.460374	
1938	1.004326	0.000152	-2.808342	-0.000152	1.004326	-2.331260	
1939	1.002890	0.000246	-1.835613	-0.000246	1.002890	-1.499058	
1940	1.004173	0.000258	-2.834932	-0.000258	1.004173	-2.298797	
1941	1.002967	0.000231	-1.863649	-0.000231	1.002967	-1.658354	
1942	1.002804	0.000121	-1.694926	-0.000121	1.002804	-1.614291	
1943	1.004537	-0.000167	-2.840879	0.000167	1.004537	-2.970672	
1944	1.003116	0.000013	-1.836850	-0.000013	1.003116	-2.063727	
1945	1.004718	-0.000237	-2.836990	0.000237	1.004718	-3.349604	
1946	1.003239	-0.000118	-1.786893	0.000118	1.003239	-2.329252	
1947	1.003268	-0.000012	-1.843723	0.000012	1.003268	-2.310539	
1948	1.004441	-0.000113	-2.699365	0.000113	1.004441	-3.307561	
1949	1.002687	-0.000061	-1.439318	0.000061	1.002687	-1.906039	
1950	1.002956	0.000083	-1.750909	-0.000083	1.002956	-2.384311	
1951	1.001448	0.000335	-0.837176	-0.000335	1.001448	-1.319718	
1952	1.000967	0.000336	-0.550833	-0.000336	1.000967	-1.044462	
1953	1.001676	-0.000088	-1.002038	0.000088	1.001676	-2.222115	
1954	1.000878	0.000237	-0.548084	-0.000237	1.000878	-1.389600	
1955	1.001643	-0.000087	-0.977285	0.000087	1.001643	-2.738793	
1956	1.001088	0.000085	-0.743202	-0.000085	1.001088	-1.873050	
1957	1.001255	0.000119	-0.888910	-0.000119	1.001255	-2.035296	
1958	1.001973	0.000130	-2.001372	-0.000130	1.001973	-3.128380	
1959	1.001468	0.000282	-1.621680	-0.000282	1.001468	-2.228753	
1960	1.001820	0.000440	-2.735234	-0.000440	1.001820	-3.321959	
1961	1.001402	0.000559	-2.055083	-0.000559	1.001402	-2.208269	
1962	1.001439	0.000610	-2.275631	-0.000610	1.001439	-2.064132	
1963	1.001934	0.001094	-3.764891	-0.001094	1.001934	-2.765449	
1964	1.001097	0.000784	-2.774908	-0.000784	1.001097	-1.635275	
1965	1.001691	0.001308	-4.145983	-0.001308	1.001691	-1.974297	
1966	1.000923	0.000794	-2.692454	-0.000794	1.000923	-1.256755	
1967	1.000949	0.000931	-2.566565	-0.000931	1.000949	-0.995306	
1968	1.001336	0.000981	-3.417415	-0.000981	1.001336	-1.816231	
1969	1.001133	0.000372	-2.089962	-0.000372	1.001133	-1.462517	
1970	1.001779	0.000352	-2.718797	-0.000352	1.001779	-2.635821	
1971	1.000829	0.000236	-1.893975	-0.000236	1.000829	-1.822440	
1972	1.001148	0.000418	-2.350234	-0.000418	1.001148	-1.940619	
1973	1.001905	0.001001	-3.926760	-0.001001	1.001905	-2.782008	
1974	1.000830	0.000728	-2.553982	-0.000728	1.000830	-1.969548	
1975	1.003289	0.001103	-4.696364	-0.001103	1.003289	-3.758690	
1976	1.001335	0.000902	-3.041993	-0.000902	1.001335	-2.447929	
1977	1.001615	0.000804	-3.075282	-0.000804	1.001615	-2.712020	
1978	1.002301	0.001057	-4.239824	-0.001057	1.002301	-4.343046	
1979	1.001875	0.000829	-2.917609	-0.000829	1.001875	-3.095170	
1980	1.004633	0.000375	-4.750340	-0.000375	1.004633	-5.616852	
1981	1.001384	0.000648	-2.637138	-0.000648	1.001384	-3.146686	
1982	1.001309	0.000550	-2.731853	-0.000550	1.001309	-3.099747	
1983	1.005958	-0.000571	-4.668176	0.000571	1.005958	-6.102482	
1984	1.001671	0.000948	-3.141009	-0.000948	1.001671	-2.456373	
1985	0.997778	0.000479	-3.929142	-0.000479	0.997778	-3.925163	
1986	1.000139	0.001587	-3.650963	-0.001587	1.000139	-1.280212	
1987	1.000177	0.001757	-3.892525	-0.001757	1.000177	-1.051000	
1988	0.997852	0.001702	-5.337159	-0.001702	0.997852	-1.819487	
1989	1.000521	0.003009	-4.386743	-0.003009	1.000521	0.247084	
1990	0.998349	0.002141	-5.109968	-0.002141	0.998349	-0.983088	
1991	0.999856	0.001880	-3.351971	-0.001880	0.999856	-0.269873	
1992	0.999667	0.001686	-3.108229	-0.001686	0.999667	-0.325077	
1993	0.998306	0.002073	-4.163332	-0.002073	0.998306	-0.942568	
1994	1.000338	0.001564	-2.950226	-0.001564	1.000338	-0.576820	
1995	0.999466	0.002410	-4.226190	-0.002410	0.999466	-0.551077	
1996	0.999817	0.001687	-2.914086	-0.001687	0.999817	-0.307381	
1997	0.999540	0.001761	-2.972478	-0.001761	0.999540	-0.138101	
1998	0.997967	0.002041	-4.465650	-0.002041	0.997967	-0.767689	
1999	0.999336	0.001757	-3.104730	-0.001757	0.999336	-0.102266	
2000	0.999489	0.002026	-3.103056	-0.002026	0.999489	0.104466	
2001	0.997453	0.002095	-4.056395	-0.002095	0.997453	-0.491871	
2002	0.999674	0.001822	-3.090820	-0.001822	0.999674	-0.039658	
2003	1.000480	0.003628	-4.907419	-0.003628	1.000480	0.439898	
2004	0.999037	0.001650	-2.393780	-0.001650	0.999037	0.355123	
2005	0.998928	0.001599	-2.283858	-0.001599	0.998928	0.402652	
2006	0.998088	0.002189	-3.210612	-0.002189	0.998088	0.688475	
2007	0.998975	0.001425	-1.956602	-0.001425	0.998975	0.546508	
2008	0.997661	0.001759	-1.779126	-0.001759	0.997661	1.262523	
2009	0.998031	0.001006	-0.464574	-0.001006	0.998031	1.172617	
2010	0.997841	0.000657	0.047699	-0.000657	0.997841	1.194788	
2011	0.996205	0.000649	0.996044	-0.000649	0.996205	2.365795	
2012	0.997097	0.000269	1.244075	-0.000269	0.997097	1.913975	
2013	0.994000	0.000322	3.078013	-0.000322	0.994000	4.026003	
2014	0.995857	0.000316	2.239018	-0.000316	0.995857	2.978538	
2015	0.995848	0.000471	2.191192	-0.000471	0.995848	3.013777	
2016	0.993612	0.000470	3.476898	-0.000470	0.993612	4.397893	
2017	0.995900	0.000392	2.220200	-0.000392	0.995900	2.695516	
2018	0.993654	0.000418	3.329609	-0.000418	0.993654	3.621155	
2019	0.995929	0.000201	2.140752	-0.000201	0.995929	2.077093	
2020	0.995605	0.000214	2.485000	-0.000214	0.995605	2.047809	
2021	0.993318	0.000352	4.017012	-0.000352	0.993318	3.411250	
2022	0.995518	0.000358	2.689360	-0.000358	0.995518	2.515840	
2023	0.993471	0.000733	3.038489	-0.000733	0.993471	4.197723	
2024	0.995298	0.000746	1.683946	-0.000746	0.995298	3.390650	
2025	0.995488	0.000812	1.697555	-0.000812	0.995488	3.479434	
2026	0.992683	0.000993	3.617408	-0.000993	0.992683	5.421939	
2027	0.995196	0.000515	2.540218	-0.000515	0.995196	3.443563	
2028	0.992476	0.000746	3.467502	-0.000746	0.992476	5.323832	
2029	0.994714	0.000413	2.580396	-0.000413	0.994714	3.671661	
2030	0.995567	0.000394	2.262065	-0.000394	0.995567	3.374030	
2031	0.996647	0.000530	1.758880	-0.000530	0.996647	3.734720	
2032	0.998650	0.000404	0.529789	-0.000404	0.998650	2.157951	
2033	0.998231	0.000391	0.225992	-0.000391	0.998231	2.803152	
2034	0.998947	0.000292	-0.141278	-0.000292	0.998947	1.593312	
2035	0.999080	0.000266	-0.116279	-0.000266	0.999080	1.340467	
2036	0.999139	0.000329	-0.106212	-0.000329	0.999139	1.368867	
2037	0.999349	0.000450	-0.191414	-0.000450	0.999349	0.852905	
2038	0.999368	0.000725	-1.035190	-0.000725	0.999368	0.961805	
2039	0.999518	0.000500	-0.640007	-0.000500	0.999518	0.562680	
2040	0.999619	0.000311	-0.417558	-0.000311	0.999619	0.390611	
2041	0.999515	0.000160	-0.188585	-0.000160	0.999515	0.390890	
2042	0.999492	-0.000011	0.228041	0.000011	0.999492	0.375801	
2043	0.999231	-0.000302	0.637885	0.000302	0.999231	0.677737	
2044	0.999370	-0.000307	0.572395	0.000307	0.999370	0.647834	
2045	0.999281	-0.000492	0.977890	0.000492	0.999281	0.604646	
2046	0.998820	-0.000650	1.910247	0.000650	0.998820	1.243295	
2047	0.999331	-0.000605	1.345920	0.000605	0.999331	0.629536	
2048	0.999156	-0.000883	1.981168	0.000883	0.999156	0.851079	
2049	0.999470	-0.000919	1.594088	0.000919	0.999470	0.317962	
2050	0.999639	-0.000878	1.501535	0.000878	0.999639	0.241406	
2051	0.999546	-0.001433	2.518292	0.001433	0.999546	-0.144724	
2052	0.999816	-0.000919	1.582618	0.000919	0.999816	-0.168629	
2053	0.999889	-0.001366	2.463078	0.001366	0.999889	-0.531159	
2054	0.999894	-0.000980	1.757485	0.000980	0.999894	-0.389943	
2055	0.999878	-0.000989	1.892559	0.000989	0.999878	-0.314910	
2056	0.999585	-0.002104	3.888417	0.002104	0.999585	-0.439842	
2057	0.999506	-0.001610	3.201539	0.001610	0.999506	-0.019271	
2058	0.999162	-0.003024	5.862318	0.003024	0.999162	0.193175	
2059	0.999762	-0.002071	4.051837	0.002071	0.999762	0.223713	
2060	1.000014	-0.002420	4.279986	0.002420	1.000014	0.195793	
2061	1.002454	-0.000629	6.258011	0.000629	1.002454	2.869107	
2062	1.000352	-0.002589	4.787384	0.002589	1.000352	0.338017	
2063	1.003650	-0.000569	6.226770	0.000569	1.003650	3.235928	
2064	1.001988	-0.004655	4.264331	0.004655	1.001988	-1.959909	
2065	1.002095	-0.002220	3.579016	0.002220	1.002095	0.330907	
2066	1.004426	-0.000551	3.596591	0.000551	1.004426	2.437543	
2067	1.001535	-0.001692	2.359012	0.001692	1.001535	0.277046	
2068	1.004691	-0.000384	2.037871	0.000384	1.004691	2.044921	
2069	1.001737	-0.001229	1.611226	0.001229	1.001737	0.371746	
2070	1.000436	-0.000948	1.580447	0.000948	1.000436	0.971103	
2071	1.003343	-0.001420	0.938480	0.001420	1.003343	0.793424	
2072	1.001832	-0.000732	0.423215	0.000732	1.001832	0.412312	
2073	1.002075	-0.001166	1.082635	0.001166	1.002075	0.616879	
2074	1.001462	-0.000648	0.454661	0.000648	1.001462	0.341807	
2075	1.001177	-0.000523	0.393521	0.000523	1.001177	0.470828	
2076	1.001589	-0.000823	0.590179	0.000823	1.001589	0.769596	
2077	1.001161	-0.000535	0.362054	0.000535	1.001161	0.537049	
2078	1.001432	-0.000836	0.916712	0.000836	1.001432	1.068590	
2079	1.000944	-0.000462	0.491937	0.000462	1.000944	0.818578	
2080	1.000656	-0.000357	0.465672	0.000357	1.000656	1.031486	
2081	0.999923	-0.000863	1.300986	0.000863	0.999923	1.579853	
2082	1.000745	-0.000498	0.490692	0.000498	1.000745	0.995918	
2083	1.000722	-0.000516	0.506105	0.000516	1.000722	1.125772	
2084	1.000911	-0.000686	1.009583	0.000686	1.000911	1.877841	
2085	1.000586	-0.000495	0.740964	0.000495	1.000586	1.380605	
2086	1.000802	-0.000599	1.296845	0.000599	1.000802	1.973525	
2087	1.000502	-0.000489	0.835700	0.000489	1.000502	1.257509	
2088	1.000385	-0.000567	1.026215	0.000567	1.000385	1.243247	
2089	1.001002	-0.001040	1.865939	0.001040	1.001002	1.583973	
2090	1.000185	-0.000861	1.520867	0.000861	1.000185	1.132224	
2091	1.001044	-0.001419	2.450743	0.001419	1.001044	1.455793	
2092	1.000404	-0.000906	1.731105	0.000906	1.000404	1.154213	
2093	1.000384	-0.000945	1.913863	0.000945	1.000384	1.305546	
2094	0.997158	-0.000381	3.616089	0.000381	0.997158	3.576370	
2095	1.000165	-0.000937	2.006377	0.000937	1.000165	1.363510	
2096	1.000437	-0.001549	3.183364	0.001549	1.000437	1.588052	
2097	1.000660	-0.001109	1.705080	0.001109	1.000660	0.723753	
2098	1.000822	-0.001321	1.643901	0.001321	1.000822	0.331491	
2099	1.002013	-0.002043	2.589004	0.002043	1.002013	0.117685	
2100	1.000652	-0.001532	2.054630	0.001532	1.000652	-0.006404	
2101	0.999195	-0.001973	3.737034	0.001973	0.999195	0.520552	
2102	1.001852	-0.001519	1.861869	0.001519	1.001852	-0.767154	
2103	1.001713	-0.001598	1.976643	0.001598	1.001713	-1.135063	
2104	1.003281	-0.002451	2.897384	0.002451	1.003281	-2.510151	
2105	1.001981	-0.001993	2.130118	0.001993	1.001981	-2.395654	
2106	0.999824	-0.004335	4.576619	0.004335	0.999824	-2.914217	
2107	1.002410	-0.001874	1.790520	0.001874	1.002410	-2.744177	
2108	1.002472	-0.001829	1.703408	0.001829	1.002472	-2.734632	
2109	1.003148	-0.003083	2.612070	0.003083	1.003148	-3.895824	
2110	1.002670	-0.001613	1.286804	0.001613	1.002670	-2.616540	
2111	1.004281	-0.002110	1.296314	0.002110	1.004281	-3.960261	
2112	1.002827	-0.001288	0.670542	0.001288	1.002827	-2.532003	
2113	1.002937	-0.001118	0.371119	0.001118	1.002937	-2.470243	
2114	1.004302	-0.001556	0.175210	0.001556	1.004302	-3.534171	
2115	1.002846	-0.000680	-0.308772	0.000680	1.002846	-2.161260	
2116	1.004626	-0.000696	-1.516827	0.000696	1.004626	-3.334455	
2117	1.003190	-0.000278	-1.535755	0.000278	1.003190	-2.179840	
2118	1.003184	-0.000091	-1.857294	0.000091	1.003184	-2.075100	
2119	1.004636	0.000135	-3.138443	-0.000135	1.004636	-2.807965	
2120	1.002771	0.000085	-1.992408	-0.000085	1.002771	-1.585036	
2121	1.003223	0.000330	-2.512320	-0.000330	1.003223	-1.565507	
2122	1.002060	0.000221	-1.558352	-0.000221	1.002060	-0.829880	
2123	1.001984	0.000132	-1.405015	-0.000132	1.001984	-0.764926	
2124	1.002845	0.000086	-1.874726	-0.000086	1.002845	-1.058708	
2125	1.001981	0.000017	-1.233399	-0.000017	1.001981	-0.835195	
2126	1.003032	-0.000034	-1.825793	0.000034	1.003032	-1.552948	
2127	1.002111	-0.000031	-1.214499	0.000031	1.002111	-1.227032	
2128	1.002162	-0.000057	-1.220551	0.000057	1.002162	-1.362440	
2129	1.003088	-0.000119	-1.777926	0.000119	1.003088	-1.918490	
2130	1.002280	-0.000128	-1.287319	0.000128	1.002280	-1.387497	
2131	1.003264	-0.000002	-1.961280	0.000002	1.003264	-1.855630	
2132	1.002210	-0.000170	-1.216843	0.000170	1.002210	-1.379761	
2133	1.002288	-0.000165	-1.080968	0.000165	1.002288	-1.455637	
2134	1.003450	-0.000346	-1.481683	0.000346	1.003450	-2.413068	
2135	1.002670	-0.000214	-1.254796	0.000214	1.002670	-1.963366	
2136	1.003640	-0.000462	-1.574886	0.000462	1.003640	-3.013664	
2137	1.002219	-0.000348	-0.915090	0.000348	1.002219	-1.941690	
2138	1.002252	-0.000323	-1.021244	0.000323	1.002252	-2.000604	
2139	1.002792	-0.000347	-1.319624	0.000347	1.002792	-2.645122	
2140	1.001389	-0.000277	-0.757853	0.000277	1.001389	-1.598845	
2141	1.001576	-0.000314	-1.011485	0.000314	1.001576	-2.098830	
2142	1.000806	-0.000146	-0.637100	0.000146	1.000806	-1.189189	
2143	1.000739	-0.000204	-0.499529	0.000204	1.000739	-1.144581	
2144	1.001094	-0.000173	-0.820815	0.000173	1.001094	-1.520396	
2145	1.000502	-0.000037	-0.337131	0.000037	1.000502	-0.776655	
2146	1.000849	0.000022	-0.775632	-0.000022	1.000849	-1.028804	
2147	1.000610	0.000094	-0.562142	-0.000094	1.000610	-0.561283	
2148	1.000650	0.000151	-0.599464	-0.000151	1.000650	-0.528812	
2149	1.000898	0.000132	-0.914713	-0.000132	1.000898	-0.946102	
2150	1.000770	0.000240	-0.840111	-0.000240	1.000770	-0.678503	
2151	1.001075	0.000218	-1.357198	-0.000218	1.001075	-1.299745	
2152	1.000891	0.000225	-1.244110	-0.000225	1.000891	-1.056468	
2153	1.001150	0.000461	-1.675830	-0.000461	1.001150	-1.364652	
2154	1.001998	0.000990	-3.530594	-0.000990	1.001998	-2.434318	
2155	1.001959	0.000841	-2.956594	-0.000841	1.001959	-2.069423	
2156	1.002716	0.001221	-4.541242	-0.001221	1.002716	-3.524214	
2157	1.002438	0.000842	-3.627726	-0.000842	1.002438	-2.606421	
2158	1.002136	0.000985	-3.754371	-0.000985	1.002136	-2.604581	
2159	1.000613	0.000269	-5.240111	-0.000269	1.000613	-5.049144	
2160	1.002121	0.001261	-4.092801	-0.001261	1.002121	-2.407464	
2161	1.003362	0.001837	-6.544924	-0.001837	1.003362	-3.582221	
2162	1.002439	0.001220	-4.213796	-0.001220	1.002439	-2.199733	
2163	1.001895	0.001345	-3.936642	-0.001345	1.001895	-1.753584	
2164	1.004778	0.001384	-5.798185	-0.001384	1.004778	-3.090139	
2165	1.000849	0.000994	-2.802487	-0.000994	1.000849	-1.056378	
2166	1.000316	0.001550	-3.173567	-0.001550	1.000316	-0.833909	
2167	0.999917	0.000700	-1.597277	-0.000700	0.999917	-0.416105	
2168	0.999480	0.000853	-1.433509	-0.000853	0.999480	-0.104947	
2169	0.998344	0.001236	-1.679217	-0.001236	0.998344	0.538279	
2170	0.998886	0.000963	-1.341014	-0.000963	0.998886	0.610150	
2171	0.998790	0.001145	-1.443732	-0.001145	0.998790	0.801846	
2172	0.997783	0.001960	-2.606775	-0.001960	0.997783	1.523240	
2173	0.998802	0.001573	-2.371840	-0.001573	0.998802	0.937927	
2174	1.001275	0.002716	-4.792535	-0.002716	1.001275	0.188085	
2175	0.998952	0.001521	-2.455260	-0.001521	0.998952	0.497067	
2176	0.998908	0.001334	-1.903560	-0.001334	0.998908	0.463241	
2177	0.998254	0.001449	-2.234165	-0.001449	0.998254	-0.003496	
2178	0.999047	0.000760	-1.096399	-0.000760	0.999047	-0.170703	
2179	0.998762	0.000751	-0.967350	-0.000751	0.998762	-0.545925	
2180	0.999622	0.000210	-0.320557	-0.000210	0.999622	-0.738225	
2181	0.999419	0.000262	-0.090187	-0.000262	0.999419	-0.591313	
2182	0.998798	0.000631	-0.306964	-0.000631	0.998798	-0.499291	
2183	0.999323	0.000534	-0.588216	-0.000534	0.999323	-0.277343	
2184	0.998657	0.002031	-1.981725	-0.002031	0.998657	0.979279	
2185	0.999139	0.001321	-1.707551	-0.001321	0.999139	0.588057	
2186	0.998828	0.001672	-2.017055	-0.001672	0.998828	1.012629	
2187	0.996658	0.001923	-3.830198	-0.001923	0.996658	1.554685	
2188	0.998896	0.002437	-3.761187	-0.002437	0.998896	1.488456	
2189	0.996348	0.000644	-6.923063	-0.000644	0.996348	0.413833	
2190	0.997841	0.002335	-5.205440	-0.002335	0.997841	1.124853	
2191	0.999822	0.003467	-6.270245	-0.003467	0.999822	1.291334	
2192	0.997002	0.000660	-9.806135	-0.000660	0.997002	-0.421449	
2193	0.995877	0.006088	-4.401984	-0.006088	0.995877	4.295630	
2194	0.997273	0.000507	-10.612988	-0.000507	0.997273	-0.663874	
2195	1.006487	0.004313	-8.570409	-0.004313	1.006487	-1.279556	
2196	0.997948	0.000351	-7.133096	-0.000351	0.997948	-0.318678	
2197	0.997039	0.000933	-11.216225	-0.000933	0.997039	0.103269	
2198	0.997704	0.000488	-7.259531	-0.000488	0.997704	0.330290	
2199	0.996690	0.001013	-11.391604	-0.001013	0.996690	1.104684	
2200	0.997469	0.000498	-6.929501	-0.000498	0.997469	0.925563	
2201	0.997133	0.000330	-6.639765	-0.000330	0.997133	1.081036	
2202	0.996526	0.000633	-10.324651	-0.000633	0.996526	1.774703	
2203	0.997652	0.000315	-6.819908	-0.000315	0.997652	1.378051	
2204	0.996671	0.000627	-10.272206	-0.000627	0.996671	2.143529	
2205	0.996809	0.001871	-5.433455	-0.001871	0.996809	2.546006	
2206	0.997132	0.000806	-6.184081	-0.000806	0.997132	1.662494	
2207	0.996615	0.000749	-10.573197	-0.000749	0.996615	1.838330	
2208	0.996988	0.000721	-6.404163	-0.000721	0.996988	1.554501	
2209	0.996189	0.000693	-10.636149	-0.000693	0.996189	2.006470	
2210	0.998565	0.002597	-7.155182	-0.002597	0.998565	2.648223	
2211	0.997149	0.000674	-6.516269	-0.000674	0.997149	1.769093	
2212	0.996411	0.000760	-10.117113	-0.000760	0.996411	2.410044	
2213	0.996736	0.001897	-5.471452	-0.001897	0.996736	2.737422	
2214	0.996456	0.000526	-9.592193	-0.000526	0.996456	2.230304	
2215	0.996807	0.002776	-4.948464	-0.002776	0.996807	3.348104	
2216	0.997424	0.000692	-6.019447	-0.000692	0.997424	1.553667	
2217	0.996581	0.000792	-9.623667	-0.000792	0.996581	2.076717	
2218	0.997477	0.000470	-6.316186	-0.000470	0.997477	1.364260	
2219	0.996431	0.000657	-10.107471	-0.000657	0.996431	1.978467	
2220	0.996864	0.000591	-6.329518	-0.000591	0.996864	1.583684	
2221	0.997042	0.000503	-6.514257	-0.000503	0.997042	1.327507	
2222	0.995743	0.000978	-10.298344	-0.000978	0.995743	2.265675	
2223	0.996390	0.000612	-6.641133	-0.000612	0.996390	1.750652	
2224	0.994397	0.000772	-10.349178	-0.000772	0.994397	2.822399	
2225	0.995060	0.001398	-5.606238	-0.001398	0.995060	2.823797	
2226	0.995889	0.000739	-6.279901	-0.000739	0.995889	2.086221	
2227	0.994331	0.000908	-9.699713	-0.000908	0.994331	2.854255	
2228	0.996189	0.000652	-6.538319	-0.000652	0.996189	1.857835	
2229	0.994305	0.000953	-10.043858	-0.000953	0.994305	2.706042	
2230	0.995844	0.000467	-6.485610	-0.000467	0.995844	1.886940	
2231	0.996073	0.000582	-6.842356	-0.000582	0.996073	1.905881	
2232	0.994583	0.001043	-11.318132	-0.001043	0.994583	2.995295	
2233	0.996288	0.000496	-7.812683	-0.000496	0.996288	1.848933	
2234	0.995253	0.001119	-13.196307	-0.001119	0.995253	2.636294	
2235	0.996778	0.000818	-8.814330	-0.000818	0.996778	1.898521	
2236	0.997200	0.000813	-9.086611	-0.000813	0.997200	1.651950	
2237	0.997292	0.001082	-14.763157	-0.001082	0.997292	2.034529	
2238	0.998610	0.000711	-10.300685	-0.000711	0.998610	1.115682	
2239	0.999979	0.001019	-16.781048	-0.001019	0.999979	0.904751	
2240	0.999912	0.000793	-11.118853	-0.000793	0.999912	0.837576	
2241	1.000016	0.000516	-10.616776	-0.000516	1.000016	0.655091	
2242	1.000118	0.001361	-15.592753	-0.001361	1.000118	1.376921	
2243	0.999939	0.000528	-9.786090	-0.000528	0.999939	0.546130	
2244	0.999718	0.001357	-13.791106	-0.001357	0.999718	1.016228	
2245	0.999802	0.000605	-8.614327	-0.000605	0.999802	0.327361	
2246	0.993009	0.006327	-1.624102	-0.006327	0.993009	7.790699	
2247	0.999955	0.000975	-12.969601	-0.000975	0.999955	0.368226	
2248	0.998242	0.000658	-7.051574	-0.000658	0.998242	0.799717	
2249	0.999678	0.001182	-13.102292	-0.001182	0.999678	0.637699	
2250	0.999543	0.000504	-8.808722	-0.000504	0.999543	0.312734	
2251	0.999356	0.000672	-9.409305	-0.000672	0.999356	0.456024	
2252	0.999722	0.000994	-14.784066	-0.000994	0.999722	0.291052	
2253	0.994793	0.002988	-5.236355	-0.002988	0.994793	3.653501	
2254	0.999554	0.000732	-9.662012	-0.000732	0.999554	0.175113	
2255	0.999622	0.001292	-15.601844	-0.001292	0.999622	0.112701	
2256	0.999986	0.000606	-10.716476	-0.000606	0.999986	-0.184621	
2257	0.999510	0.000773	-15.936317	-0.000773	0.999510	0.115315	
2258	0.999329	0.000913	-10.643613	-0.000913	0.999329	0.651370	
2259	0.999640	0.000866	-10.919731	-0.000866	0.999640	0.664533	
2260	0.999309	0.001082	-16.985807	-0.001082	0.999309	1.024770	
2261	0.999586	0.000935	-11.350902	-0.000935	0.999586	0.880159	
2262	0.999141	0.001141	-17.429726	-0.001141	0.999141	1.047089	
2263	0.998501	0.000602	-10.555470	-0.000602	0.998501	0.703804	
2264	0.998608	0.000795	-11.308764	-0.000795	0.998608	0.609945	
2265	0.999556	0.001306	-18.804767	-0.001306	0.999556	0.508370	
2266	0.999325	0.000887	-12.134045	-0.000887	0.999325	0.209432	
2267	0.999569	0.001407	-19.293370	-0.001407	0.999569	0.154430	
2268	0.999499	0.000911	-12.677581	-0.000911	0.999499	0.073166	
2269	0.999576	0.000770	-13.074542	-0.000770	0.999576	-0.023821	
2270	0.999739	0.001292	-20.319055	-0.001292	0.999739	0.057470	
2271	0.999242	0.000860	-13.082230	-0.000860	0.999242	0.371847	
2272	0.998943	0.001602	-20.011065	-0.001602	0.998943	0.936324	
2273	0.999573	0.001061	-13.439351	-0.001061	0.999573	0.595001	
2274	0.999103	0.001312	-13.429049	-0.001312	0.999103	0.847059	
2275	0.998950	0.001397	-20.849216	-0.001397	0.998950	0.786237	
2276	0.999991	0.001099	-13.744873	-0.001099	0.999991	0.521108	
2277	0.999412	0.001620	-20.665774	-0.001620	0.999412	0.700628	
2278	1.000385	0.001305	-14.231839	-0.001305	1.000385	0.182765	
2279	1.000149	0.001232	-14.445745	-0.001232	1.000149	0.072756	
2280	1.000178	0.001626	-22.279730	-0.001626	1.000178	-0.592985	
2281	1.000770	0.000892	-14.417907	-0.000892	1.000770	-0.873665	
2282	1.000544	0.001545	-21.727013	-0.001545	1.000544	-1.409141	
2283	1.000401	0.001733	-14.729590	-0.001733	1.000401	-0.663301	
2284	0.999674	0.001567	-13.782672	-0.001567	0.999674	-0.172792	
2285	0.998602	0.001531	-20.428424	-0.001531	0.998602	-0.230725	
2286	0.999098	0.001315	-12.778338	-0.001315	0.999098	0.427382	
2287	0.998332	0.001760	-18.688138	-0.001760	0.998332	1.235409	
2288	0.999143	0.001285	-11.872681	-0.001285	0.999143	1.113097	
2289	0.998884	0.001320	-11.328299	-0.001320	0.998884	1.483951	
2290	0.999223	0.001433	-17.327718	-0.001433	0.999223	2.332484	
2291	1.000747	0.001141	-11.841721	-0.001141	1.000747	1.766666	
2292	1.000554	0.001284	-17.169900	-0.001284	1.000554	2.809163	
2293	1.000373	0.000830	-10.971752	-0.000830	1.000373	1.944697	
2294	1.000035	0.001043	-10.871380	-0.001043	1.000035	2.003755	
2295	0.999915	0.001652	-15.614626	-0.001652	0.999915	2.562206	
2296	0.999925	0.000517	-10.200092	-0.000517	0.999925	1.175046	
2297	1.000400	0.001377	-15.087231	-0.001377	1.000400	1.494596	
2298	0.999680	0.000401	-9.122455	-0.000401	0.999680	0.736377	
2299	0.997930	0.003741	-7.461292	-0.003741	0.997930	3.083785	
2300	1.000190	0.001152	-14.295197	-0.001152	1.000190	1.467034	
2301	1.005608	0.006202	-11.189996	-0.006202	1.005608	1.805116	
2302	1.000378	0.000991	-14.243029	-0.000991	1.000378	2.073804	
2303	0.999890	0.000473	-8.863766	-0.000473	0.999890	1.151104	
2304	1.002508	0.004307	-9.681439	-0.004307	1.002508	1.982957	
2305	1.000388	0.001229	-13.924456	-0.001229	1.000388	0.146184	
2306	1.000727	0.000483	-9.370497	-0.000483	1.000727	-0.632075	
2307	1.000769	0.000815	-13.969827	-0.000815	1.000769	-0.861185	
2308	0.999708	0.000609	-8.733075	-0.000609	0.999708	-0.027331	
2309	1.000576	0.000975	-9.426485	-0.000975	1.000576	0.234186	
2310	1.000371	0.001147	-14.327070	-0.001147	1.000371	0.542025	
2311	1.000260	0.001082	-9.562982	-0.001082	1.000260	0.614682	
2312	0.999839	0.001172	-15.210801	-0.001172	0.999839	0.620829	
2313	0.994310	0.005479	-4.169563	-0.005479	0.994310	5.682715	
2314	1.005161	0.006085	-10.925866	-0.006085	1.005161	0.906143	
2315	0.996522	0.001454	-12.672740	-0.001454	0.996522	0.525382	
2316	0.997533	0.001177	-7.374465	-0.001177	0.997533	0.244841	
2317	0.996264	0.001180	-11.659037	-0.001180	0.996264	0.141015	
2318	1.001809	0.006340	-8.580793	-0.006340	1.001809	2.356216	
2319	0.994106	0.003684	-3.438006	-0.003684	0.994106	3.825222	
2320	0.994085	0.001133	-8.624097	-0.001133	0.994085	1.219102	
2321	1.000384	0.004411	-6.141439	-0.004411	1.000384	1.944544	
2322	0.992775	0.000908	-6.923096	-0.000908	0.992775	2.641740	
2323	0.998280	0.003682	-4.752944	-0.003682	0.998280	2.884338	
2324	1.000972	0.003403	-5.163051	-0.003403	1.000972	1.468500	
2325	0.993210	0.001241	-5.731251	-0.001241	0.993210	3.039194	
2326	0.995158	0.001539	-3.090221	-0.001539	0.995158	2.593542	
2327	0.993446	0.000931	-5.857708	-0.000931	0.993446	2.327012	
2328	0.995675	0.001452	-3.505277	-0.001452	0.995675	1.990820	
2329	0.995687	0.001505	-3.333861	-0.001505	0.995687	1.863143	
2330	0.993321	0.001262	-5.050548	-0.001262	0.993321	1.771605	
2331	0.999101	0.002825	-4.055526	-0.002825	0.999101	1.097578	
2332	0.993551	0.000705	-4.644374	-0.000705	0.993551	0.687190	
2333	0.996618	0.001953	-2.550625	-0.001953	0.996618	1.591652	
2334	0.996872	0.001921	-2.564263	-0.001921	0.996872	1.688750	
2335	0.992506	0.000868	-2.843422	-0.000868	0.992506	2.207616	
2336	0.996096	0.001727	-2.019617	-0.001727	0.996096	2.445004	
2337	0.995821	0.001769	-1.558105	-0.001769	0.995821	2.967315	
2338	0.994675	0.002724	-3.204507	-0.002724	0.994675	4.521976	
2339	0.995506	0.002007	-1.613724	-0.002007	0.995506	3.919566	
2340	0.994958	0.002611	-4.255164	-0.002611	0.994958	5.072781	
2341	0.998957	0.002058	-4.022164	-0.002058	0.998957	2.643728	
2342	1.000106	0.002054	-4.814349	-0.002054	1.000106	2.050277	
2343	1.000929	0.002706	-7.690283	-0.002706	1.000929	2.312565	
2344	1.000698	0.001909	-4.252807	-0.001909	1.000698	1.144969	
2345	0.999967	0.001973	-5.424787	-0.001973	0.999967	1.362376	
2346	1.000178	0.000953	-2.794574	-0.000953	1.000178	0.529057	
2347	0.999858	0.001186	-2.263746	-0.001186	0.999858	0.850813	
2348	1.000397	0.001476	-3.266872	-0.001476	1.000397	0.859359	
2349	1.000132	0.000897	-1.754473	-0.000897	1.000132	0.465610	
2350	1.000084	0.001057	-2.369962	-0.001057	1.000084	0.449367	
2351	1.000150	0.000497	-1.133871	-0.000497	1.000150	0.198705	
2352	0.999882	0.000283	-0.636467	-0.000283	0.999882	0.278859	
2353	0.999909	0.000369	-0.670933	-0.000369	0.999909	0.339402	
2354	0.999991	0.000095	-0.087116	-0.000095	0.999991	0.009055	
2355	1.000259	0.000133	-0.209797	-0.000133	1.000259	-0.339975	
2356	1.000166	-0.000046	0.114155	0.000046	1.000166	-0.341283	
2357	1.000144	-0.000059	0.218014	0.000059	1.000144	-0.204057	
2358	1.000082	-0.000331	0.764710	0.000331	1.000082	-0.176482	
2359	0.999634	-0.000133	0.846367	0.000133	0.999634	0.227977	
2360	0.999836	-0.000399	1.146210	0.000399	0.999836	0.269432	
2361	0.999850	-0.000417	1.103548	0.000417	0.999850	0.081529	
2362	0.999796	-0.000510	1.280144	0.000510	0.999796	0.088987	
2363	0.999862	-0.000754	1.729733	0.000754	0.999862	0.051830	
2364	0.999801	-0.000675	1.608995	0.000675	0.999801	0.072440	
2365	0.999705	-0.001036	2.499985	0.001036	0.999705	0.052916	
2366	0.999875	-0.000743	1.679345	0.000743	0.999875	0.038964	
2367	0.999800	-0.000854	1.959374	0.000854	0.999800	0.068714	
2368	0.999483	-0.001230	3.207735	0.001230	0.999483	0.365953	
2369	0.999604	-0.000708	2.052862	0.000708	0.999604	0.513576	
2370	0.999172	-0.001014	2.909801	0.001014	0.999172	1.262100	
2371	0.999619	-0.000572	1.709924	0.000572	0.999619	1.004493	
2372	0.999820	-0.000575	1.685994	0.000575	0.999820	1.124949	
2373	1.000729	-0.000978	1.825326	0.000978	1.000729	1.423724	
2374	1.000343	-0.000634	1.177086	0.000634	1.000343	1.063521	
2375	1.001089	-0.000730	1.311376	0.000730	1.001089	1.252579	
2376	1.000975	-0.000493	0.781469	0.000493	1.000975	0.680586	
2377	1.001077	-0.000331	0.362591	0.000331	1.001077	0.726480	
2378	1.001793	-0.000471	-0.183853	0.000471	1.001793	0.819670	
2379	1.001380	-0.000050	-0.701423	0.000050	1.001380	0.521993	
2380	1.002345	0.000191	-1.855825	-0.000191	1.002345	0.678096	
2381	1.001592	0.000242	-1.474579	-0.000242	1.001592	0.497836	
2382	1.001680	0.000323	-1.760959	-0.000323	1.001680	0.518637	
2383	1.002912	0.000455	-3.166939	-0.000455	1.002912	0.547881	
2384	1.002121	0.000457	-2.324751	-0.000457	1.002121	0.392185	
2385	1.003993	0.000431	-4.017419	-0.000431	1.003993	0.192621	
2386	1.002277	0.000303	-2.370103	-0.000303	1.002277	0.282530	
2387	1.002328	0.000417	-2.466133	-0.000417	1.002328	0.300882	
2388	1.003551	0.000595	-3.862090	-0.000595	1.003551	0.475644	
2389	1.002548	0.000414	-2.739227	-0.000414	1.002548	0.292997	
2390	1.003724	0.000508	-3.801321	-0.000508	1.003724	0.503006	
2391	1.002519	0.000215	-2.537576	-0.000215	1.002519	0.267945	
2392	1.002834	0.000111	-2.698685	-0.000111	1.002834	0.059399	
2393	1.004406	0.000282	-4.004952	-0.000282	1.004406	0.268561	
2394	1.003092	0.000017	-2.647341	-0.000017	1.003092	0.015842	
2395	1.005194	0.000393	-4.467213	-0.000393	1.005194	0.343882	
2396	1.003145	0.000081	-2.664704	-0.000081	1.003145	0.174382	
2397	1.002987	-0.000168	-2.398452	0.000168	1.002987	0.120394	
2398	1.004984	-0.000043	-4.219416	0.000043	1.004984	0.682633	
2399	1.002804	0.000080	-2.563728	-0.000080	1.002804	0.851324	
2400	1.005694	0.000297	-5.517999	-0.000297	1.005694	1.864650	
2401	1.002888	0.000396	-3.380330	-0.000396	1.002888	1.629858	
2402	1.002526	0.000713	-3.485094	-0.000713	1.002526	2.109479	
2403	1.006466	0.000185	-7.541617	-0.000185	1.006466	4.035199	
2404	1.002896	0.001290	-4.416262	-0.001290	1.002896	2.938973	
2405	1.007124	0.000467	-9.109963	-0.000467	1.007124	4.107154	
2406	1.004115	0.001212	-5.993310	-0.001212	1.004115	2.967545	
2407	1.003895	0.001291	-5.893591	-0.001291	1.003895	2.701519	
2408	1.007815	0.000137	-10.014895	-0.000137	1.007815	3.044855	
2409	1.003851	0.001239	-5.720035	-0.001239	1.003851	1.981706	
2410	1.007818	0.000270	-10.000558	-0.000270	1.007818	2.071734	
2411	1.004648	0.000965	-6.322444	-0.000965	1.004648	1.094258	
2412	1.004209	0.000982	-5.848977	-0.000982	1.004209	0.804446	
2413	1.008978	0.001142	-11.206665	-0.001142	1.008978	0.341241	
2414	1.006313	0.000677	-7.692332	-0.000677	1.006313	-0.394967	
2415	1.006759	0.001671	-8.660102	-0.001671	1.006759	-0.235189	
2416	1.005342	0.000834	-6.613942	-0.000834	1.005342	-0.921350	
2417	1.005670	0.000977	-6.908014	-0.000977	1.005670	-1.196557	
2418	1.009132	0.001070	-10.949392	-0.001070	1.009132	-2.433277	
2419	1.005535	0.000966	-6.635266	-0.000966	1.005535	-1.701350	
2420	1.005561	0.000937	-6.625386	-0.000937	1.005561	-1.883291	
2421	1.008543	0.001480	-10.079332	-0.001480	1.008543	-2.771841	
2422	1.005756	0.000768	-6.757790	-0.000768	1.005756	-2.037851	
2423	1.009124	0.001089	-10.255400	-0.001089	1.009124	-2.972227	
2424	1.005225	0.000624	-5.616919	-0.000624	1.005225	-1.833788	
2425	1.005603	0.000517	-5.788362	-0.000517	1.005603	-2.014717	
2426	1.008328	0.000821	-7.898334	-0.000821	1.008328	-3.168577	
2427	1.005583	0.000328	-4.983004	-0.000328	1.005583	-2.255896	
2428	1.008338	0.000484	-6.917659	-0.000484	1.008338	-3.374876	
2429	1.005486	0.000177	-4.335782	-0.000177	1.005486	-2.316935	
2430	1.005617	-0.000024	-4.228092	0.000024	1.005617	-2.551031	
2431	1.008511	0.000037	-6.029963	-0.000037	1.008511	-3.695219	
2432	1.005648	-0.000324	-3.718471	0.000324	1.005648	-2.753190	
2433	1.008553	-0.000205	-5.366930	0.000205	1.008553	-4.018052	
2434	1.005786	-0.000243	-3.816878	0.000243	1.005786	-2.806437	
2435	1.005954	-0.000211	-3.945289	0.000211	1.005954	-2.860126	
2436	1.008469	-0.000111	-5.399251	0.000111	1.008469	-3.990877	
2437	1.004172	-0.000382	-2.559434	0.000382	1.004172	-2.086025	
2438	1.002667	-0.000358	-1.231318	0.000358	1.002667	-1.286093	
2439	1.000705	-0.000470	0.027767	0.000470	1.000705	-0.438229	
2440	1.000354	-0.000542	0.482501	0.000542	1.000354	-0.109502	
2441	1.000043	-0.000859	1.554583	0.000859	1.000043	0.242764	
2442	1.000284	-0.000800	0.965733	0.000800	1.000284	-0.005502	
2443	0.999847	-0.001129	2.403788	0.001129	0.999847	0.330736	
2444	1.000476	-0.001123	1.203569	0.001123	1.000476	-0.252876	
2445	0.999754	-0.000685	1.898886	0.000685	0.999754	0.350152	
2446	0.999846	-0.000972	2.486656	0.000972	0.999846	0.305583	
2447	1.000030	-0.000642	1.408602	0.000642	1.000030	-0.072709	
2448	1.000632	-0.000939	1.537005	0.000939	1.000632	-1.134352	
2449	1.000580	-0.000428	0.654931	0.000428	1.000580	-1.016440	
2450	1.000727	-0.000367	0.323506	0.000367	1.000727	-1.061226	
2451	1.000942	-0.000404	0.162583	0.000404	1.000942	-1.281347	
2452	1.000545	-0.000130	-0.041710	0.000130	1.000545	-0.531068	
2453	1.000437	-0.000341	0.339912	0.000341	1.000437	-0.378284	
2454	1.000254	-0.000113	0.062524	0.000113	1.000254	-0.037983	
2455	1.000292	-0.000031	-0.206213	0.000031	1.000292	-0.006268	
2456	1.000306	-0.000254	-0.152572	0.000254	1.000306	-0.340557	
2457	1.000316	-0.000134	-0.172264	0.000134	1.000316	-0.569177	
2458	1.000854	0.000008	-0.747630	-0.000008	1.000854	-1.143031	
2459	1.000829	-0.000128	-0.828072	0.000128	1.000829	-1.240324	
2460	1.000852	-0.000078	-0.767229	0.000078	1.000852	-1.367888	
2461	1.001434	-0.000000	-1.106994	0.000000	1.001434	-2.178746	
2462	1.001134	-0.000264	-0.518795	0.000264	1.001134	-1.793748	
2463	1.002415	-0.000368	-0.857049	0.000368	1.002415	-2.915598	
2464	1.001361	-0.000552	0.065012	0.000552	1.001361	-2.043180	
2465	1.000976	-0.001088	1.384553	0.001088	1.000976	-2.272949	
2466	1.002341	-0.001898	2.173425	0.001898	1.002341	-3.890362	
2467	1.001129	-0.001846	2.766610	0.001846	1.001129	-2.822171	
2468	1.009260	-0.002883	-2.295724	0.002883	1.009260	-7.578869	
2469	1.007370	-0.002933	-1.335377	0.002933	1.007370	-6.197388	
2470	1.002112	-0.003087	4.561141	0.003087	1.002112	-4.127751	
2471	1.000377	-0.000580	11.897726	0.000580	1.000377	-3.488083	
2472	1.003787	-0.003770	4.417455	0.003770	1.003787	-5.587640	
2473	1.000427	-0.001150	14.626826	0.001150	1.000427	-5.170945	
2474	1.000836	-0.000601	9.902945	0.000601	1.000836	-3.835591	
2475	1.001564	-0.000508	9.700084	0.000508	1.001564	-4.361319	
2476	1.000703	-0.000548	18.028488	0.000548	1.000703	-6.994746	
2477	1.000887	-0.000726	12.338324	0.000726	1.000887	-5.433253	
2478	1.000861	-0.001011	20.589292	0.001011	1.000861	-8.319568	
2479	1.000706	-0.000674	14.472630	0.000674	1.000706	-5.580769	
2480	1.000506	-0.000735	15.183000	0.000735	1.000506	-5.467179	
2481	1.001263	-0.001133	23.110140	0.001133	1.001263	-8.015683	
2482	1.000875	-0.000756	16.189243	0.000756	1.000875	-5.195820	
2483	1.000592	-0.001238	25.396348	0.001238	1.000592	-6.865559	
2484	0.999691	-0.001330	18.189212	0.001330	0.999691	-4.127696	
2485	0.998634	-0.000958	19.643592	0.000958	0.998634	-2.896834	
2486	0.997489	-0.001402	31.057401	0.001402	0.997489	-3.148380	
2487	0.998162	-0.001193	21.488448	0.001193	0.998162	-1.850243	
2488	0.996664	-0.002290	33.682843	0.002290	0.996664	-2.513871	
2489	0.997383	-0.001615	22.729016	0.001615	0.997383	-1.470494	
2490	0.997322	-0.001246	22.649171	0.001246	0.997322	-1.405537	
2491	0.995746	-0.001751	34.352181	0.001751	0.995746	-1.454655	
2492	0.998081	-0.001403	22.099065	0.001403	0.998081	-1.157411	
2493	0.996362	-0.001781	34.452164	0.001781	0.996362	-0.739517	
2494	0.997839	-0.001496	22.908057	0.001496	0.997839	-0.408895	
2495	0.997259	-0.001681	23.543008	0.001681	0.997259	-0.206494	
2496	0.995619	-0.001864	35.606356	0.001864	0.995619	0.389363	
2497	0.997173	-0.001267	23.414843	0.001267	0.997173	0.254743	
2498	0.995902	-0.001842	34.961054	0.001842	0.995902	-0.169058	
2499	0.997791	-0.001629	22.475741	0.001629	0.997791	-0.678397	
2500	0.998106	-0.001839	22.225311	0.001839	0.998106	-0.858741	
2501	0.996403	-0.002123	33.559036	0.002123	0.996403	-1.039664	
2502	0.998038	-0.001596	21.476735	0.001596	0.998038	-1.177837	
2503	0.998560	-0.001907	20.711098	0.001907	0.998560	-1.596143	
2504	0.996249	-0.001688	32.026863	0.001688	0.996249	-1.336249	
2505	0.997770	-0.001183	20.715825	0.001183	0.997770	-0.765158	
2506	0.995913	-0.002436	32.329520	0.002436	0.995913	-1.109034	
2507	0.995746	-0.002402	22.147561	0.002402	0.995746	-0.580714	
2508	0.997603	-0.001348	21.161981	0.001348	0.997603	-0.426747	
2509	0.996170	-0.002536	32.973883	0.002536	0.996170	-0.792291	
2510	0.997661	-0.001659	21.379133	0.001659	0.997661	-0.386323	
2511	0.996577	-0.002376	32.555772	0.002376	0.996577	-0.304358	
2512	0.998356	-0.001905	20.939322	0.001905	0.998356	-0.828589	
2513	0.999062	-0.001118	20.025198	0.001118	0.999062	-0.432440	
2514	0.996020	-0.002196	31.892420	0.002196	0.996020	-0.492567	
2515	0.998134	-0.001157	20.165436	0.001157	0.998134	-0.295030	
2516	0.995603	-0.002489	31.672594	0.002489	0.995603	-0.066500	
2517	0.997522	-0.001709	20.497687	0.001709	0.997522	-0.146622	
2518	0.997882	-0.001524	20.294222	0.001524	0.997882	-0.157380	
2519	0.996668	-0.002020	30.221710	0.002020	0.996668	-0.001712	
2520	0.998118	-0.001631	20.096953	0.001631	0.998118	-0.125246	
2521	0.997967	-0.002292	29.805805	0.002292	0.997967	-0.186613	
2522	0.999929	-0.001475	18.989951	0.001475	0.999929	-0.477642	
2523	1.000092	-0.001500	18.748862	0.001500	1.000092	-0.478783	
2524	0.999269	-0.002433	28.557933	0.002433	0.999269	-0.470686	
2525	1.000015	-0.001205	18.242635	0.001205	1.000015	-0.248304	
2526	0.999645	-0.002079	28.480480	0.002079	0.999645	-0.604585	
2527	1.000366	-0.001346	17.869283	0.001346	1.000366	-0.849062	
2528	0.998813	-0.006619	5.816822	0.006619	0.998813	-3.508804	
2529	0.998647	-0.005767	4.922123	0.005767	0.998647	-2.642251	
2530	1.000044	-0.001317	17.888595	0.001317	1.000044	-0.515817	
2531	0.999507	-0.002075	26.931347	0.002075	0.999507	-0.325029	
2532	0.999981	-0.001200	17.357101	0.001200	0.999981	-0.069349	
2533	0.999872	-0.001443	17.042196	0.001443	0.999872	-0.052074	
2534	0.999683	-0.002386	25.354942	0.002386	0.999683	-0.064604	
2535	0.999366	-0.001472	16.728718	0.001472	0.999366	0.056229	
2536	0.999114	-0.002042	25.188770	0.002042	0.999114	0.112208	
2537	0.999684	-0.001373	16.030667	0.001373	0.999684	-0.118462	
2538	0.998979	-0.001213	16.168465	0.001213	0.998979	-0.004073	
2539	0.999191	-0.002058	23.865088	0.002058	0.999191	-0.659475	
2540	0.998651	-0.001372	15.934995	0.001372	0.998651	-0.421285	
2541	0.998543	-0.001768	23.850074	0.001768	0.998543	-0.248831	
2542	0.998677	-0.001455	15.943968	0.001455	0.998677	-0.214860	
2543	0.998834	-0.001249	15.616696	0.001249	0.998834	0.043109	
2544	0.998822	-0.001782	23.156705	0.001782	0.998822	-0.040008	
2545	0.999983	-0.001621	14.225550	0.001621	0.999983	-0.612548	
2546	0.999261	-0.001342	21.822897	0.001342	0.999261	0.124290	
2547	0.999318	-0.001041	14.049731	0.001041	0.999318	0.157021	
2548	0.999569	-0.001072	13.651639	0.001072	0.999569	0.078610	
2549	0.999216	-0.001551	20.468926	0.001551	0.999216	0.314309	
2550	1.003180	-0.011773	8.778229	0.011773	1.003180	-8.731051	
2551	0.999199	-0.001256	18.689846	0.001256	0.999199	0.869160	
2552	0.993609	-0.012890	13.159699	0.012890	0.993609	-4.405776	
2553	1.000091	-0.001153	10.434616	0.001153	1.000091	-0.279102	
2554	0.999683	-0.001100	15.644799	0.001100	0.999683	-0.261287	
2555	0.999798	-0.001017	8.760446	0.001017	0.999798	-0.742431	
2556	0.999229	-0.000998	13.888701	0.000998	0.999229	-0.679985	
2557	1.002327	-0.005470	5.053943	0.005470	1.002327	-5.161638	
2558	1.005037	-0.005825	2.627630	0.005825	1.005037	-6.502882	
2559	0.998144	-0.000890	12.395299	0.000890	0.998144	0.077625	
2560	1.003852	-0.004934	2.465946	0.004934	1.003852	-4.940532	
2561	1.007188	-0.008562	2.393804	0.008562	1.007188	-9.451344	
2562	1.002435	-0.004731	2.651032	0.004731	1.002435	-4.165117	
2563	0.998504	-0.002651	6.021337	0.002651	0.998504	-0.881806	
2564	0.997622	-0.000732	9.483659	0.000732	0.997622	0.993950	
2565	0.998828	-0.002248	4.902297	0.002248	0.998828	-0.649003	
2566	0.997101	-0.000951	8.274106	0.000951	0.997101	1.093544	
2567	0.998552	-0.001894	4.108957	0.001894	0.998552	-0.380551	
2568	0.997941	-0.002119	4.096339	0.002119	0.997941	-0.273328	
2569	0.997931	-0.002342	5.777726	0.002342	0.997931	-0.487627	
2570	0.999137	-0.001252	3.176300	0.001252	0.999137	-0.377883	
2571	0.999247	-0.002197	4.441003	0.002197	0.999247	-0.977678	
2572	0.999936	-0.001347	2.401230	0.001347	0.999936	-0.807149	
2573	1.000016	-0.001403	2.574681	0.001403	1.000016	-0.856636	
2574	1.000212	-0.002107	3.917000	0.002107	1.000212	-1.535277	
2575	0.999907	-0.001702	3.084130	0.001702	0.999907	-1.190431	
2576	0.999573	-0.002674	5.193327	0.002674	0.999573	-1.654241	
2577	0.999626	-0.001672	3.263664	0.001672	0.999626	-1.051733	
2578	0.999704	-0.001673	3.162039	0.001673	0.999704	-1.019577	
2579	0.999602	-0.002399	4.946597	0.002399	0.999602	-1.539280	
2580	1.000163	-0.001817	2.857329	0.001817	1.000163	-1.376806	
2581	0.999927	-0.002195	4.674882	0.002195	0.999927	-1.868207	
2582	1.000046	-0.001377	2.569269	0.001377	1.000046	-1.386660	
2583	1.000000	-0.001406	2.647990	0.001406	1.000000	-1.369043	
2584	0.999711	-0.002179	4.584620	0.002179	0.999711	-1.782251	
2585	0.999252	-0.001497	3.419292	0.001497	0.999252	-0.767664	
2586	0.999346	-0.001554	3.460261	0.001554	0.999346	-0.716171	
2587	0.999035	-0.002393	5.499098	0.002393	0.999035	-0.576980	
2588	0.999407	-0.001572	3.424323	0.001572	0.999407	-0.015049	
2589	0.997733	-0.002569	5.363107	0.002569	0.997733	1.006049	
2590	0.998921	-0.001349	3.184976	0.001349	0.998921	1.230822	
2591	0.998707	-0.000842	2.878977	0.000842	0.998707	2.184563	
2592	0.997150	-0.001202	4.370198	0.001202	0.997150	4.612414	
2593	0.997950	-0.000381	2.397664	0.000381	0.997950	4.045495	
2594	0.999656	-0.000240	2.019663	0.000240	0.999656	7.956862	
2595	0.997789	-0.000215	2.045974	0.000215	0.997789	4.759948	
2596	0.998113	-0.000295	1.958751	0.000295	0.998113	4.406947	
2597	0.996965	-0.000312	2.680878	0.000312	0.996965	6.057927	
2598	0.998391	-0.000277	0.817964	0.000277	0.998391	2.995390	
2599	0.999026	0.000315	-0.292434	-0.000315	0.999026	2.650958	
2600	0.999963	0.000188	-0.585611	-0.000188	0.999963	0.585710	
2601	1.000220	0.000021	-0.527396	-0.000021	1.000220	-0.154783	
2602	1.000553	0.000093	-0.573530	-0.000093	1.000553	-0.927727	
2603	1.000140	-0.000385	-0.022133	0.000385	1.000140	-0.765937	
2604	1.000221	-0.000295	0.029344	0.000295	1.000221	-0.614633	
2605	0.999706	-0.000250	0.167054	0.000250	0.999706	-0.095341	
2606	0.999860	-0.000187	0.102848	0.000187	0.999860	-0.065415	
2607	0.999643	-0.000339	0.545316	0.000339	0.999643	-0.063382	
2608	0.999814	-0.000325	0.320710	0.000325	0.999814	-0.252291	
2609	1.000155	-0.000530	0.499042	0.000530	1.000155	-0.929244	
2610	1.000117	-0.000607	0.324900	0.000607	1.000117	-0.968406	
2611	1.000214	-0.000512	0.401006	0.000512	1.000214	-1.163311	
2612	1.000661	-0.000340	0.330961	0.000340	1.000661	-1.708693	
2613	1.000119	-0.000431	0.222063	0.000431	1.000119	-1.101558	
2614	1.000253	-0.000545	0.737616	0.000545	1.000253	-1.320353	
2615	1.000117	-0.000550	0.591666	0.000550	1.000117	-0.882045	
2616	0.999962	-0.000570	0.696133	0.000570	0.999962	-0.847865	
2617	1.000380	-0.000643	1.114413	0.000643	1.000380	-1.270133	
2618	1.000161	-0.000538	0.706143	0.000538	1.000161	-0.933594	
2619	1.000073	-0.000970	1.524116	0.000970	1.000073	-1.258187	
2620	1.000124	-0.000492	0.915141	0.000492	1.000124	-0.743743	
2621	1.000163	-0.000633	1.066925	0.000633	1.000163	-0.782869	
2622	1.000161	-0.001119	2.106964	0.001119	1.000161	-1.153604	
2623	1.000052	-0.000739	1.387329	0.000739	1.000052	-0.751855	
2624	1.000175	-0.001296	2.470985	0.001296	1.000175	-1.192302	
2625	1.000075	-0.000786	1.559896	0.000786	1.000075	-0.872188	
2626	1.000110	-0.000834	1.608379	0.000834	1.000110	-0.965051	
2627	1.000272	-0.001397	2.393410	0.001397	1.000272	-1.920470	
2628	1.000034	-0.001027	1.574218	0.001027	1.000034	-1.368507	
2629	1.000132	-0.001721	2.765746	0.001721	1.000132	-2.235091	
2630	0.999936	-0.001342	2.375325	0.001342	0.999936	-1.586522	
2631	0.999877	-0.001432	2.588008	0.001432	0.999877	-1.623543	
2632	1.000064	-0.002242	4.287537	0.002242	1.000064	-2.485072	
2633	0.999867	-0.001549	3.048590	0.001549	0.999867	-1.534882	
2634	0.999589	-0.002378	5.022160	0.002378	0.999589	-1.837210	
2635	0.999467	-0.001489	3.472093	0.001489	0.999467	-0.624201	
2636	0.999032	-0.001802	3.759295	0.001802	0.999032	-0.315724	
2637	0.998758	-0.002175	5.543407	0.002175	0.998758	0.197289	
2638	0.999143	-0.001446	3.563335	0.001446	0.999143	0.469613	
2639	0.998525	-0.002148	5.494294	0.002148	0.998525	0.965586	
2640	0.999234	-0.001549	3.565342	0.001549	0.999234	0.558207	
2641	0.999193	-0.001412	3.494446	0.001412	0.999193	0.475955	
2642	0.999210	-0.002064	5.116925	0.002064	0.999210	0.589145	
2643	1.000056	-0.001261	2.719678	0.001261	1.000056	0.145561	
2644	1.000501	-0.001752	3.794818	0.001752	1.000501	0.181323	
2645	1.000427	-0.001175	2.478060	0.001175	1.000427	0.064956	
2646	1.000825	-0.000973	2.051756	0.000973	1.000825	-0.063076	
2647	1.001865	-0.001481	2.461014	0.001481	1.001865	-0.751434	
2648	1.001632	-0.000926	0.851361	0.000926	1.001632	-0.799607	
2649	1.002218	-0.001437	1.401766	0.001437	1.002218	-1.804879	
2650	1.001740	-0.000757	0.555497	0.000757	1.001740	-1.356243	
2651	1.001829	-0.000906	0.575895	0.000906	1.001829	-1.388301	
2652	1.000020	-0.001255	2.012828	0.001255	1.000020	-0.235975	
2653	1.001082	-0.000906	0.821863	0.000906	1.001082	-0.312769	
2654	1.001890	-0.000984	1.358317	0.000984	1.001890	-0.039519	
2655	1.001227	-0.000504	0.510642	0.000504	1.001227	0.358967	
2656	1.001230	-0.000471	0.739124	0.000471	1.001230	0.458090	
2657	1.001573	-0.000843	1.741676	0.000843	1.001573	0.737939	
2658	1.001166	-0.000691	1.032577	0.000691	1.001166	0.277376	
2659	1.002146	-0.001246	1.820523	0.001246	1.002146	-0.035732	
2660	1.001627	-0.000864	1.144659	0.000864	1.001627	-0.096900	
2661	1.001587	-0.000836	1.260759	0.000836	1.001587	-0.126616	
2662	1.002805	-0.001226	1.880927	0.001226	1.002805	-0.511315	
2663	1.001939	-0.000753	0.816246	0.000753	1.001939	-0.801399	
2664	1.002489	-0.001173	1.201195	0.001173	1.002489	-1.729492	
2665	1.002233	-0.000774	0.535908	0.000774	1.002233	-1.878086	
2666	1.002368	-0.000793	0.490716	0.000793	1.002368	-2.191441	
2667	1.003743	-0.001425	1.077500	0.001425	1.003743	-3.972896	
2668	1.002700	-0.001334	0.928550	0.001334	1.002700	-3.013599	
2669	1.002476	-0.001185	1.193596	0.001185	1.002476	-2.846130	
2670	1.003662	-0.002086	1.856004	0.002086	1.003662	-3.948364	
2671	1.002228	-0.001187	1.021069	0.001187	1.002228	-1.918627	
2672	1.002910	-0.001490	1.586649	0.001490	1.002910	-2.111943	
2673	1.001833	-0.000709	0.871587	0.000709	1.001833	-0.927234	
2674	1.002014	-0.000721	0.560812	0.000721	1.002014	-1.016856	
2675	1.003397	-0.000920	0.175983	0.000920	1.003397	-2.024433	
2676	1.002435	-0.000537	-0.097381	0.000537	1.002435	-1.640332	
2677	1.003866	-0.000775	-0.520677	0.000775	1.003866	-2.647535	
2678	1.002526	-0.000232	-0.620851	0.000232	1.002526	-1.549668	
2679	1.002608	-0.000101	-0.931076	0.000101	1.002608	-1.482921	
2680	1.003928	0.000131	-2.340230	-0.000131	1.003928	-1.781289	
2681	1.002447	0.000366	-1.991277	-0.000366	1.002447	-0.855160	
2682	1.001868	0.000821	-2.469444	-0.000821	1.001868	-0.370199	
2683	1.000464	0.000648	-1.165509	-0.000648	1.000464	0.020204	
2684	1.000583	0.000623	-1.136300	-0.000623	1.000583	-0.198860	
2685	1.001041	0.000862	-1.955259	-0.000862	1.001041	-0.541822	
2686	1.000700	0.000504	-1.370631	-0.000504	1.000700	-0.484055	
2687	1.001460	0.000866	-2.364801	-0.000866	1.001460	-0.847968	
2688	1.000730	0.000558	-1.252621	-0.000558	1.000730	-0.372463	
2689	1.000808	0.000663	-1.352770	-0.000663	1.000808	-0.262141	
2690	1.000898	0.001016	-2.300614	-0.001016	1.000898	-0.324245	
2691	1.000884	0.000889	-2.085310	-0.000889	1.000884	-0.271751	
2692	1.001430	0.001461	-3.932261	-0.001461	1.001430	-0.662344	
2693	1.000985	0.000942	-2.672832	-0.000942	1.000985	-0.720641	
2694	1.001172	0.001042	-3.067583	-0.001042	1.001172	-0.841814	
2695	1.001797	0.001724	-5.202159	-0.001724	1.001797	-1.740778	
2696	1.001622	0.001238	-4.094670	-0.001238	1.001622	-1.330180	
2697	1.001995	0.002317	-6.712482	-0.002317	1.001995	-1.899183	
2698	1.001932	0.001937	-4.860706	-0.001937	1.001932	-1.035207	
2699	1.001816	0.001791	-4.971292	-0.001791	1.001816	-1.264592	
2700	1.003900	0.003505	-8.434683	-0.003505	1.003900	-1.883172	
2701	1.001572	0.002043	-5.393277	-0.002043	1.001572	-0.771728	
2702	1.000850	0.000357	-7.935943	-0.000357	1.000850	-2.513254	
2703	1.001428	0.002098	-5.069610	-0.002098	1.001428	-0.256235	
2704	1.001557	0.002026	-4.913191	-0.002026	1.001557	-0.281675	
2705	1.002475	0.002477	-6.974838	-0.002477	1.002475	-0.552599	
2706	1.002375	0.002128	-4.455528	-0.002128	1.002375	-0.273465	
2707	1.001464	0.002109	-5.058999	-0.002109	1.001464	0.163166	
2708	1.000638	0.001054	-2.301660	-0.001054	1.000638	0.173575	
2709	1.000343	0.000862	-1.359340	-0.000862	1.000343	0.439612	
2710	1.000217	0.000574	-0.992744	-0.000574	1.000217	0.334550	
2711	1.000096	0.000044	-0.079469	-0.000044	1.000096	0.015526	
2712	1.000093	-0.000380	0.617413	0.000380	1.000093	-0.488966	
2713	1.000160	-0.000616	1.264794	0.000616	1.000160	-0.787170	
2714	1.000242	-0.001128	2.448051	0.001128	1.000242	-1.553822	
2715	0.999931	0.000033	6.315580	-0.000033	0.999931	-2.943114	
2716	0.998860	-0.001749	6.638869	0.001749	0.998860	-3.324451	
2717	0.995457	-0.000422	13.972534	0.000422	0.995457	-4.846166	
2718	0.995097	-0.000706	11.698791	0.000706	0.995097	-3.496253	
2719	0.994057	-0.000436	13.094950	0.000436	0.994057	-3.515307	
2720	0.991163	-0.000431	20.615156	0.000431	0.991163	-5.933410	
2721	0.994376	-0.000290	13.787740	0.000290	0.994376	-4.305943	
2722	0.991054	-0.000851	20.307004	0.000851	0.991054	-7.013358	
2723	0.993907	-0.000627	13.509765	0.000627	0.993907	-4.684974	
2724	0.993773	-0.000469	13.518939	0.000469	0.993773	-4.267993	
2725	0.990468	-0.000445	19.690764	0.000445	0.990468	-5.620859	
2726	0.993927	-0.000247	12.316984	0.000247	0.993927	-3.185510	
2727	0.990326	-0.000588	17.386855	0.000588	0.990326	-3.791696	
2728	0.993480	-0.000294	11.123730	0.000294	0.993480	-1.688718	
2729	0.993513	-0.000678	10.412985	0.000678	0.993513	-1.075214	
2730	0.989729	0.000116	14.994155	-0.000116	0.989729	-0.521136	
2731	0.993866	-0.000843	8.853905	0.000843	0.993866	-0.642162	
2732	0.990047	-0.001339	12.466630	0.001339	0.990047	-0.782810	
2733	0.995771	-0.004444	7.056993	0.004444	0.995771	-1.960013	
2734	0.994103	-0.001248	6.853599	0.001248	0.994103	-0.281393	
2735	0.991284	-0.000775	9.408110	0.000775	0.991284	-0.387824	
2736	0.995880	-0.000903	4.745387	0.000903	0.995880	-0.336301	
2737	0.992985	-0.001057	6.535557	0.001057	0.992985	0.077455	
2738	0.996750	-0.000368	3.005141	0.000368	0.996750	0.017015	
2739	0.997605	-0.000318	2.180407	0.000318	0.997605	-0.074809	
2740	0.995959	-0.000226	3.017259	0.000226	0.995959	0.629241	
2741	0.997120	0.000110	1.957996	-0.000110	0.997120	0.864210	
2742	0.995868	0.000399	2.167751	-0.000399	0.995868	1.749735	
2743	0.998311	0.000297	0.609766	-0.000297	0.998311	1.001039	
2744	0.999632	0.000484	-0.608232	-0.000484	0.999632	0.660989	
2745	1.000275	0.001578	-2.927335	-0.001578	1.000275	1.109444	
2746	1.000347	0.001520	-3.013213	-0.001520	1.000347	0.900506	
2747	1.004217	0.005365	-8.325224	-0.005365	1.004217	0.984819	
2748	1.000845	0.002822	-5.519240	-0.002822	1.000845	0.999162	
2749	0.999003	0.004946	-5.468923	-0.004946	0.999003	3.226650	
2750	1.000115	0.000989	-12.852227	-0.000989	1.000115	-0.833474	
2751	0.999651	0.000671	-10.410521	-0.000671	0.999651	-0.660248	
2752	0.999542	0.000773	-11.825314	-0.000773	0.999542	-0.735691	
2753	0.997415	0.001697	-19.065402	-0.001697	0.997415	-0.677534	
2754	0.998768	0.001148	-14.061760	-0.001148	0.998768	-0.905014	
2755	0.998619	0.001923	-23.838848	-0.001923	0.998619	-1.783204	
2756	0.998539	0.001046	-16.780465	-0.001046	0.998539	-1.614937	
2757	0.999353	0.000921	-18.097269	-0.000921	0.999353	-2.081790	
2758	0.997555	0.002175	-27.681871	-0.002175	0.997555	-2.786087	
2759	0.999962	0.001395	-20.048833	-0.001395	0.999962	-2.296780	
2760	0.997412	0.002167	-29.347322	-0.002167	0.997412	-3.319693	
2761	1.000618	0.001132	-21.175468	-0.001132	1.000618	-2.736901	
2762	1.001034	0.001151	-21.510792	-0.001151	1.001034	-2.647443	
2763	0.997481	0.002685	-31.682828	-0.002685	0.997481	-2.376748	
2764	0.999327	0.001325	-20.697580	-0.001325	0.999327	-1.374473	
2765	0.997193	0.002475	-30.590046	-0.002475	0.997193	-1.073434	
2766	0.999211	0.001825	-20.964559	-0.001825	0.999211	-0.288878	
2767	0.999025	0.001707	-21.165201	-0.001707	0.999025	-0.028768	
2768	0.999579	0.002529	-33.274530	-0.002529	0.999579	0.014264	
2769	1.001920	0.001924	-22.616362	-0.001924	1.001920	0.014530	
2770	1.000369	0.002973	-34.139496	-0.002973	1.000369	1.286302	
2771	1.000367	0.002362	-22.928706	-0.002362	1.000367	1.369648	
2772	1.000280	0.002175	-23.228565	-0.002175	1.000280	1.205224	
2773	1.001297	0.003144	-36.720858	-0.003144	1.001297	2.143380	
2774	1.000222	0.002034	-24.338729	-0.002034	1.000222	1.737699	
2775	1.000392	0.002785	-37.283009	-0.002785	1.000392	2.657310	
2776	1.000239	0.002569	-24.716944	-0.002569	1.000239	2.396571	
2777	1.000199	0.002566	-24.982955	-0.002566	1.000199	2.407344	
2778	1.000315	0.003709	-38.043787	-0.003709	1.000315	3.432835	
2779	0.999929	0.002692	-25.305360	-0.002692	0.999929	2.406151	
2780	0.999848	0.003120	-37.146849	-0.003120	0.999848	3.270974	
2781	0.999095	0.002483	-23.864448	-0.002483	0.999095	2.797700	
2782	0.999186	0.002132	-23.753393	-0.002132	0.999186	2.586222	
2783	0.999370	0.003042	-36.713754	-0.003042	0.999370	3.735728	
2784	0.999782	0.002635	-24.236648	-0.002635	0.999782	2.668739	
2785	0.999778	0.003284	-36.378501	-0.003284	0.999778	3.225965	
2786	0.999427	0.002495	-23.455406	-0.002495	0.999427	2.348862	
2787	0.999933	0.002092	-23.054752	-0.002092	0.999933	1.881851	
2788	0.997826	0.003141	-33.594083	-0.003141	0.997826	3.594965	
2789	1.000104	0.002237	-23.225088	-0.002237	1.000104	2.176600	
2790	0.999999	0.003212	-34.359463	-0.003212	0.999999	3.713521	
2791	0.999673	0.002100	-21.741293	-0.002100	0.999673	2.734308	
2792	0.998083	0.001615	-19.948709	-0.001615	0.998083	3.218536	
2793	1.000124	0.003024	-32.672747	-0.003024	1.000124	4.704640	
2794	0.999925	0.001794	-20.596995	-0.001794	0.999925	3.314127	
2795	1.000214	0.003150	-31.153206	-0.003150	1.000214	5.905513	
2796	0.999186	0.001939	-19.267244	-0.001939	0.999186	4.366493	
2797	0.998158	0.001582	-18.157560	-0.001582	0.998158	4.708016	
2798	0.994359	0.002375	-23.829391	-0.002375	0.994359	8.554440	
2799	0.999862	0.001984	-18.650473	-0.001984	0.999862	5.120601	
2800	0.999704	0.002796	-27.365960	-0.002796	0.999704	8.265831	
2801	0.999825	0.001979	-17.658732	-0.001979	0.999825	5.408130	
2802	0.999196	0.001903	-16.670729	-0.001903	0.999196	5.484268	
2803	1.000531	0.002581	-26.006174	-0.002581	1.000531	7.341677	
2804	0.999650	0.002007	-16.158337	-0.002007	0.999650	4.774748	
2805	0.999836	0.002241	-23.433210	-0.002241	0.999836	6.396041	
2806	0.999542	0.001407	-14.997632	-0.001407	0.999542	4.107690	
2807	1.000429	0.001411	-15.205429	-0.001411	1.000429	3.682229	
2808	1.000839	0.002374	-22.603158	-0.002374	1.000839	4.942415	
2809	0.999924	0.001403	-13.889433	-0.001403	0.999924	2.919660	
2810	1.002225	0.002080	-22.540312	-0.002080	1.002225	2.709701	
2811	1.000831	0.001242	-13.954611	-0.001242	1.000831	1.858853	
2812	1.001172	0.001246	-13.861916	-0.001246	1.001172	1.694510	
2813	1.002279	0.002047	-21.412308	-0.002047	1.002279	2.696876	
2814	0.990143	0.003598	0.452688	-0.003598	0.990143	7.169551	
2815	1.002360	0.001649	-20.646769	-0.001649	1.002360	2.585721	
2816	1.002163	0.001400	-14.110643	-0.001400	1.002163	1.997941	
2817	1.002483	0.001237	-14.325772	-0.001237	1.002483	1.916463	
2818	1.003864	0.001214	-21.036273	-0.001214	1.003864	2.744840	
2819	1.003897	0.001448	-14.428200	-0.001448	1.003897	1.861441	
2820	1.004916	0.001595	-20.929491	-0.001595	1.004916	3.018809	
2821	0.991576	0.005970	0.109917	-0.005970	0.991576	8.733219	
2822	0.992112	0.004027	0.119406	-0.004027	0.992112	7.357349	
2823	1.006782	0.001151	-20.898344	-0.001151	1.006782	2.277788	
2824	1.004762	0.000662	-13.224562	-0.000662	1.004762	1.151341	
2825	1.007555	0.001451	-19.842176	-0.001451	1.007555	1.565819	
2826	0.996391	0.003926	-2.964323	-0.003926	0.996391	5.480357	
2827	0.999394	0.000997	-5.221582	-0.000997	0.999394	2.220661	
2828	0.993366	0.000825	0.842358	-0.000825	0.993366	4.966689	
2829	0.996979	0.000419	0.839960	-0.000419	0.996979	2.330663	
2830	1.009015	0.000758	-15.759067	-0.000758	1.009015	0.748481	
2831	0.999208	0.001645	-2.118951	-0.001645	0.999208	2.867071	
2832	1.005321	0.001899	-7.990081	-0.001899	1.005321	1.218104	
2833	1.009111	0.001570	-12.804860	-0.001570	1.009111	2.136199	
2834	1.005131	0.001544	-6.671017	-0.001544	1.005131	1.344045	
2835	1.005437	0.001405	-6.727695	-0.001405	1.005437	1.364293	
2836	0.998960	-0.001325	0.535696	0.001325	0.998960	1.949961	
2837	0.998736	-0.001675	1.697987	0.001675	0.998736	0.930645	
2838	0.996462	-0.000908	2.624728	0.000908	0.996462	2.914854	
2839	1.001054	0.000037	-1.291417	-0.000037	1.001054	1.708925	
2840	1.005048	0.001124	-5.817459	-0.001124	1.005048	1.374292	
2841	1.003885	0.000889	-5.361166	-0.000889	1.003885	1.653723	
2842	1.004802	0.000755	-5.246001	-0.000755	1.004802	0.286909	
2843	1.007257	0.001220	-7.683215	-0.001220	1.007257	0.843766	
2844	1.002771	0.000130	-2.478903	-0.000130	1.002771	0.267291	
2845	1.004314	0.000516	-4.252235	-0.000516	1.004314	0.074916	
2846	1.008074	0.000920	-7.793702	-0.000920	1.008074	0.316611	
2847	1.004269	0.000342	-3.834890	-0.000342	1.004269	0.095523	
2848	1.008534	0.000544	-8.303589	-0.000544	1.008534	0.783228	
2849	1.002730	0.000419	-3.037671	-0.000419	1.002730	0.918887	
2850	1.003790	0.000692	-4.212245	-0.000692	1.003790	1.040524	
2851	1.005714	0.000305	-6.546102	-0.000305	1.005714	2.839687	
2852	0.999943	0.000438	-1.228472	-0.000438	0.999943	2.798864	
2853	0.997364	0.000632	-0.243173	-0.000632	0.997364	5.407272	
2854	0.997849	0.000228	0.317749	-0.000228	0.997849	3.679561	
2855	0.998008	0.000420	0.221446	-0.000420	0.998008	3.696557	
2856	0.996892	0.001023	-0.197210	-0.001023	0.996892	6.249572	
2857	0.997773	0.000676	-0.031090	-0.000676	0.997773	4.317112	
2858	0.999591	0.000169	-2.861805	-0.000169	0.999591	6.598201	
2859	0.998225	0.000713	-0.652810	-0.000713	0.998225	4.217930	
2860	0.997820	0.001207	-0.688835	-0.001207	0.997820	4.750142	
2861	0.997948	0.000046	-2.441235	-0.000046	0.997948	6.000253	
2862	0.998332	0.001297	-1.741826	-0.001297	0.998332	3.772050	
2863	0.998183	0.002402	-3.554479	-0.002402	0.998183	4.888432	
2864	0.998517	0.001602	-2.070576	-0.001602	0.998517	2.738593	
2865	0.999313	0.001651	-2.836336	-0.001651	0.999313	2.156409	
2866	0.998944	0.002248	-4.675434	-0.002248	0.998944	2.934163	
2867	0.999159	0.002083	-2.942663	-0.002083	0.999159	2.483123	
2868	0.999446	0.002491	-4.824576	-0.002491	0.999446	2.935217	
2869	0.999511	0.001817	-2.947950	-0.001817	0.999511	2.157955	
2870	0.999632	0.001490	-2.806437	-0.001490	0.999632	1.713622	
2871	1.000779	0.002038	-5.330308	-0.002038	1.000779	1.588268	
2872	1.001119	0.001407	-3.894303	-0.001407	1.001119	0.488990	
2873	0.999389	0.003338	-3.840592	-0.003338	0.999389	2.255756	
2874	1.001882	0.001329	-4.208066	-0.001329	1.001882	-0.469832	
2875	1.002184	0.001560	-4.537707	-0.001560	1.002184	-0.577817	
2876	1.003444	0.002304	-6.946415	-0.002304	1.003444	-1.249567	
2877	1.001926	0.001546	-4.201313	-0.001546	1.001926	-0.753132	
2878	1.003738	0.002147	-7.018242	-0.002147	1.003738	-1.754550	
2879	1.002676	0.001649	-4.656343	-0.001649	1.002676	-1.184889	
2880	1.002885	0.001417	-4.860078	-0.001417	1.002885	-1.453969	
2881	1.004522	0.001978	-7.296275	-0.001978	1.004522	-2.154712	
2882	1.002941	0.001261	-4.484159	-0.001261	1.002941	-1.340252	
2883	1.004768	0.001772	-6.569911	-0.001772	1.004768	-1.988170	
2884	1.002977	0.000827	-3.717254	-0.000827	1.002977	-1.458805	
2885	1.002909	0.000983	-3.583505	-0.000983	1.002909	-1.191796	
2886	1.004725	0.001019	-4.976827	-0.001019	1.004725	-2.197012	
2887	1.003098	0.000522	-2.830366	-0.000522	1.003098	-1.493743	
2888	1.004779	0.000389	-3.897629	-0.000389	1.004779	-2.557351	
2889	1.003345	0.000179	-2.378897	-0.000179	1.003345	-1.850398	
2890	1.003142	0.000102	-2.105235	-0.000102	1.003142	-1.826282	
2891	1.004885	0.000009	-2.980964	-0.000009	1.004885	-2.882494	
2892	1.003207	-0.000002	-1.836614	0.000002	1.003207	-1.901249	
2893	1.004942	-0.000084	-2.906415	0.000084	1.004942	-2.928706	
2894	1.003167	0.000055	-1.872067	-0.000055	1.003167	-1.733525	
2895	1.003259	0.000074	-1.959049	-0.000074	1.003259	-1.719205	
2896	1.004864	-0.000088	-2.822701	0.000088	1.004864	-2.759904	
2897	1.003203	0.000051	-1.948627	-0.000051	1.003203	-1.744212	
2898	1.004982	0.000114	-3.112353	-0.000114	1.004982	-2.854713	
2899	1.003848	0.000166	-2.555777	-0.000166	1.003848	-2.160214	
2900	1.003614	0.000166	-2.367457	-0.000166	1.003614	-2.135994	
2901	1.004997	0.000172	-3.190951	-0.000172	1.004997	-3.380811	
2902	1.003864	0.000207	-2.516133	-0.000207	1.003864	-2.398690	
2903	1.005499	0.000080	-3.432304	-0.000080	1.005499	-3.593511	
2904	1.004112	0.000174	-2.628388	-0.000174	1.004112	-2.506001	
2905	1.003907	0.000037	-2.561498	-0.000037	1.003907	-2.512865	
2906	1.005821	0.000241	-3.928274	-0.000241	1.005821	-3.626589	
2907	1.003990	0.000259	-2.727868	-0.000259	1.003990	-2.401779	
2908	1.005888	0.000507	-4.137252	-0.000507	1.005888	-3.583369	
2909	1.004038	0.000501	-3.000065	-0.000501	1.004038	-2.394815	
2910	1.004230	0.000415	-3.186925	-0.000415	1.004230	-2.685660	
2911	1.006382	0.000595	-4.778214	-0.000595	1.006382	-4.227966	
2912	1.004324	0.000388	-3.176946	-0.000388	1.004324	-2.835781	
2913	1.006371	0.000413	-4.745181	-0.000413	1.006371	-4.399940	
2914	1.004013	0.000316	-2.983720	-0.000316	1.004013	-2.674116	
2915	1.003837	0.000319	-2.855498	-0.000319	1.003837	-2.670560	
2916	1.005169	0.000540	-4.078181	-0.000540	1.005169	-3.586959	
2917	1.003144	0.000449	-2.667969	-0.000449	1.003144	-2.115773	
2918	1.002936	0.000464	-2.647578	-0.000464	1.002936	-1.993494	
2919	1.004277	0.000514	-3.805550	-0.000514	1.004277	-3.103749	
2920	1.002784	0.000495	-2.710505	-0.000495	1.002784	-1.987826	
2921	1.003580	0.000602	-3.528333	-0.000602	1.003580	-3.031793	
2922	1.002178	0.000427	-2.388962	-0.000427	1.002178	-2.039757	
2923	1.001629	0.000443	-1.990070	-0.000443	1.001629	-1.852316	
2924	1.002070	0.000600	-2.499733	-0.000600	1.002070	-2.755236	
2925	1.001291	0.000439	-1.679884	-0.000439	1.001291	-1.863006	
2926	1.001483	0.000589	-2.233632	-0.000589	1.001483	-2.693119	
2927	1.001281	0.000561	-1.756211	-0.000561	1.001281	-1.713077	
2928	1.001318	0.000523	-1.816070	-0.000523	1.001318	-1.809133	
2929	1.001976	0.000681	-2.469904	-0.000681	1.001976	-2.723189	
2930	1.001229	0.000409	-1.861885	-0.000409	1.001229	-1.857377	
2931	1.001509	0.000693	-2.451372	-0.000693	1.001509	-2.628286	
2932	1.001280	0.000422	-1.745591	-0.000422	1.001280	-2.027405	
2933	1.001260	0.000423	-1.710881	-0.000423	1.001260	-2.111045	
2934	1.001808	0.000349	-2.126763	-0.000349	1.001808	-3.552247	
2935	1.001316	0.000239	-1.269221	-0.000239	1.001316	-2.394690	
2936	1.002243	-0.000203	-1.213857	0.000203	1.002243	-3.829581	
2937	1.001412	-0.000053	-0.796760	0.000053	1.001412	-2.501616	
2938	1.001112	-0.000201	-0.275709	0.000201	1.001112	-2.381690	
2939	1.000958	-0.000709	0.713908	0.000709	1.000958	-3.251725	
2940	1.000130	-0.000427	0.783038	0.000427	1.000130	-1.842159	
2941	1.000315	-0.000926	1.181205	0.000926	1.000315	-2.464098	
2942	0.999880	-0.000357	0.883606	0.000357	0.999880	-1.239242	
2943	0.999885	-0.000293	0.744419	0.000293	0.999885	-1.142636	
2944	0.999314	-0.000447	1.462803	0.000447	0.999314	-1.428924	
2945	0.999584	-0.000301	0.855005	0.000301	0.999584	-0.939901	
2946	0.998399	-0.000479	2.199321	0.000479	0.998399	-0.842895	
2947	0.999385	-0.000250	1.157767	0.000250	0.999385	-0.540347	
2948	0.999094	-0.000434	1.512172	0.000434	0.999094	-0.457597	
2949	0.998530	-0.000915	2.930510	0.000915	0.998530	-0.720774	
2950	0.999001	-0.000811	2.194866	0.000811	0.999001	-0.428503	
2951	0.998317	-0.001616	4.074540	0.001616	0.998317	-0.728498	
2952	0.998747	-0.001045	2.864470	0.001045	0.998747	-0.384392	
2953	0.998787	-0.001090	3.056610	0.001090	0.998787	-0.496017	
2954	0.998068	-0.001892	5.009826	0.001892	0.998068	-1.087224	
2955	0.999008	-0.001160	3.319294	0.001160	0.999008	-0.832308	
2956	0.997686	-0.001916	6.390503	0.001916	0.997686	-1.582863	
2957	0.999499	-0.001414	2.945161	0.001414	0.999499	-1.434616	
2958	0.999043	-0.001318	3.259849	0.001318	0.999043	-1.177216	
2959	0.998515	-0.001735	4.877490	0.001735	0.998515	-1.609905	
2960	0.999008	-0.001148	3.000296	0.001148	0.999008	-0.976408	
2961	0.997536	-0.001847	5.847385	0.001847	0.997536	-1.447509	
2962	0.998904	-0.001351	3.258451	0.001351	0.998904	-1.224691	
2963	0.998712	-0.001420	3.695272	0.001420	0.998712	-1.211905	
2964	1.000592	-0.002292	3.132668	0.002292	1.000592	-2.769688	
2965	0.998815	-0.001529	3.739481	0.001529	0.998815	-1.102112	
2966	0.995895	-0.001597	8.283008	0.001597	0.995895	-0.674414	
2967	0.998505	-0.001749	4.069562	0.001749	0.998505	-1.004497	
2968	0.998138	-0.001533	4.452837	0.001533	0.998138	-0.762126	
2969	0.996152	-0.002580	7.823947	0.002580	0.996152	-0.732267	
2970	0.997430	-0.001608	5.182934	0.001608	0.997430	-0.260207	
2971	0.995244	-0.001896	9.287484	0.001896	0.995244	0.579813	
2972	0.997133	-0.001812	5.463504	0.001812	0.997133	0.209674	
2973	0.997044	-0.001653	5.463304	0.001653	0.997044	0.423078	
2974	0.994441	-0.001806	9.208606	0.001806	0.994441	1.445919	
2975	0.996260	-0.001602	5.990401	0.001602	0.996260	0.830501	
2976	0.993341	-0.000856	11.701075	0.000856	0.993341	2.426904	
2977	0.994828	-0.002142	8.325059	0.002142	0.994828	0.986721	
2978	0.994881	-0.001427	9.291155	0.001427	0.994881	1.138472	
2979	0.991585	-0.000767	16.534247	0.000767	0.991585	2.621461	
2980	0.993926	-0.000995	12.322737	0.000995	0.993926	1.545349	
2981	0.990747	-0.000985	19.918734	0.000985	0.990747	2.843774	
2982	0.994058	-0.000736	13.911445	0.000736	0.994058	1.629035	
2983	0.994164	-0.000735	14.922687	0.000735	0.994164	1.508430	
2984	0.991381	-0.001231	24.453031	0.001231	0.991381	2.050259	
2985	0.994177	-0.000921	17.553877	0.000921	0.994177	1.308898	
2986	0.992702	-0.001513	26.873612	0.001513	0.992702	1.443805	
2987	0.995308	-0.001176	18.343513	0.001176	0.995308	0.769630	
2988	0.995400	-0.001307	19.198689	0.001307	0.995400	0.702412	
2989	0.994809	-0.001449	28.362399	0.001449	0.994809	0.821451	
2990	0.997363	-0.001266	18.902081	0.001266	0.997363	0.042445	
2991	0.996147	-0.001791	29.721234	0.001791	0.996147	0.034295	
2992	0.997482	-0.001034	19.843139	0.001034	0.997482	-0.013589	
2993	0.997508	-0.001159	20.287184	0.001159	0.997508	-0.046945	
2994	0.994908	-0.001490	31.406074	0.001490	0.994908	0.332409	
2995	0.997832	-0.001298	20.189124	0.001298	0.997832	-0.147075	
2996	0.996170	-0.001682	31.211421	0.001682	0.996170	0.234454	
2997	0.996286	-0.001179	21.236606	0.001179	0.996286	0.491126	
2998	0.996957	-0.001232	20.761158	0.001232	0.996957	0.237368	
2999	0.995749	-0.001931	30.807475	0.001931	0.995749	0.034224	
3000	0.996976	-0.000978	20.243671	0.000978	0.996976	0.233523	
3001	0.996906	-0.001262	20.614034	0.001262	0.996906	0.118629	
3002	0.997057	-0.002097	29.193130	0.002097	0.997057	-0.446590	
3003	0.997894	-0.001538	19.814350	0.001538	0.997894	-0.148750	
3004	0.998119	-0.002339	27.916476	0.002339	0.998119	-0.935132	
3005	0.998744	-0.001250	18.440921	0.001250	0.998744	-0.328959	
3006	0.999464	-0.001506	18.110383	0.001506	0.999464	-0.911649	
3007	0.999084	-0.002304	26.841607	0.002304	0.999084	-1.338626	
3008	0.999106	-0.001419	17.900995	0.001419	0.999106	-0.718388	
3009	0.998864	-0.002352	26.558126	0.002352	0.998864	-1.370559	
3010	0.999800	-0.001077	16.596224	0.001077	0.999800	-0.802856	
3011	0.999242	-0.001324	17.078682	0.001324	0.999242	-0.787765	
3012	0.998767	-0.002363	26.621451	0.002363	0.998767	-1.243996	
3013	0.999409	-0.001250	17.190271	0.001250	0.999409	-0.736325	
3014	0.999365	-0.002116	25.736579	0.002116	0.999365	-1.218571	
3015	0.999375	-0.001479	17.145763	0.001479	0.999375	-0.694411	
3016	1.000136	-0.001403	16.986668	0.001403	1.000136	-0.941014	
3017	0.998083	-0.001984	27.532203	0.001984	0.998083	-0.768749	
3018	0.999676	-0.001658	17.670444	0.001658	0.999676	-1.005671	
3019	1.001482	-0.002591	25.057913	0.002591	1.001482	-2.284846	
3020	1.001228	-0.001481	16.576900	0.001481	1.001228	-1.334015	
3021	1.000965	-0.001466	16.339165	0.001466	1.000965	-1.108603	
3022	1.000509	-0.002271	25.691225	0.002271	1.000509	-1.357745	
3023	1.000692	-0.001729	16.526864	0.001729	1.000692	-1.036865	
3024	1.001915	-0.002269	24.059900	0.002269	1.001915	-1.673610	
3025	1.000426	-0.001411	16.051778	0.001411	1.000426	-0.746484	
3026	1.001558	-0.001301	15.238467	0.001301	1.001558	-1.189772	
3027	1.001013	-0.002000	23.795081	0.002000	1.001013	-1.441568	
3028	1.001631	-0.001237	14.462215	0.001237	1.001631	-1.291126	
3029	1.001346	-0.002215	22.938633	0.002215	1.001346	-1.838254	
3030	1.000734	-0.001149	14.846295	0.001149	1.000734	-0.917318	
3031	1.000244	-0.001558	15.380661	0.001558	1.000244	-1.047244	
3032	1.000808	-0.001747	23.287779	0.001747	1.000808	-1.213705	
3033	1.000956	-0.001160	15.025693	0.001160	1.000956	-0.759920	
3034	1.002009	-0.001891	22.731967	0.001891	1.002009	-1.286012	
3035	1.001217	-0.000994	14.975225	0.000994	1.001217	-0.360150	
3036	1.001493	-0.001271	14.977372	0.001271	1.001493	-0.703562	
3037	1.001029	-0.001946	24.188660	0.001946	1.001029	-0.634553	
3038	1.000832	-0.001282	15.257220	0.001282	1.000832	-0.607672	
3039	1.001820	-0.001999	22.947317	0.001999	1.001820	-1.362809	
3040	1.001408	-0.001289	15.101627	0.001289	1.001408	-1.226710	
3041	1.000564	-0.001390	15.414187	0.001390	1.000564	-1.226376	
3042	1.001495	-0.001662	23.246792	0.001662	1.001495	-1.734596	
3043	1.001542	-0.001664	14.436007	0.001664	1.001542	-1.701914	
3044	1.002888	-0.001699	21.299876	0.001699	1.002888	-2.141927	
3045	1.001694	-0.001361	14.331469	0.001361	1.001694	-1.412859	
3046	1.001549	-0.001537	14.066593	0.001537	1.001549	-1.505830	
3047	1.001717	-0.001881	21.501684	0.001881	1.001717	-1.806438	
3048	1.001181	-0.001479	13.639351	0.001479	1.001181	-1.374802	
3049	1.001145	-0.001879	20.800982	0.001879	1.001145	-1.477785	
3050	1.001229	-0.001497	12.282926	0.001497	1.001229	-1.290603	
3051	0.999748	-0.001381	13.152186	0.001381	0.999748	-0.540914	
3052	0.999606	-0.001592	20.381896	0.001592	0.999606	-0.252340	
3053	0.999977	-0.001320	12.243755	0.001320	0.999977	-0.363235	
3054	0.999932	-0.001760	18.668902	0.001760	0.999932	-0.564030	
3055	0.999152	-0.001149	11.835605	0.001149	0.999152	-0.237741	
3056	1.009213	-0.010112	3.282215	0.010112	1.009213	-11.198637	
3057	0.999486	-0.001601	17.133304	0.001601	0.999486	-0.705813	
3058	1.000044	-0.001024	10.489777	0.001024	1.000044	-0.589340	
3059	0.999837	-0.001074	16.670913	0.001074	0.999837	-0.210339	
3060	0.998064	-0.001045	10.923984	0.001045	0.998064	0.118976	
3061	0.997302	-0.002306	11.413492	0.002306	0.997302	-0.209078	
3062	1.000906	-0.001479	14.459965	0.001479	1.000906	-0.327264	
3063	0.999526	-0.000816	10.317616	0.000816	0.999526	0.318497	
3064	0.999958	-0.001029	15.732379	0.001029	0.999958	0.523865	
3065	0.999159	-0.000839	10.730766	0.000839	0.999159	0.573147	
3066	0.999448	-0.000887	10.537984	0.000887	0.999448	0.282964	
3067	0.999350	-0.000928	16.120848	0.000928	0.999350	0.661586	
3068	0.999409	-0.000677	10.547313	0.000677	0.999409	0.284787	
3069	0.999457	-0.001075	15.658222	0.001075	0.999457	0.048930	
3070	0.998800	-0.000824	10.388983	0.000824	0.998800	0.032701	
3071	0.999609	-0.000659	9.904122	0.000659	0.999609	-0.182713	
3072	0.999099	-0.000876	14.861292	0.000876	0.999099	-0.324385	
3073	1.008148	-0.008392	1.655915	0.008392	1.008148	-10.228958	
3074	0.999697	-0.000772	13.864635	0.000772	0.999697	-0.235690	
3075	1.006907	-0.007904	2.564226	0.007904	1.006907	-9.067416	
3076	1.001284	-0.003265	6.553806	0.003265	1.001284	-2.416663	
3077	0.999573	-0.000702	11.800711	0.000702	0.999573	0.119713	
3078	1.005636	-0.006501	2.072903	0.006501	1.005636	-7.286387	
3079	1.009515	-0.009794	1.674676	0.009794	1.009515	-11.582721	
3080	1.000111	-0.003116	5.281340	0.003116	1.000111	-1.828218	
3081	0.999903	-0.003237	5.119205	0.003237	0.999903	-1.824617	
3082	1.006686	-0.006784	1.280828	0.006784	1.006686	-8.050613	
3083	0.999710	-0.002299	4.127193	0.002299	0.999710	-1.045570	
3084	0.999803	-0.002152	3.803157	0.002152	0.999803	-1.066014	
3085	1.000035	-0.002300	4.783326	0.002300	1.000035	-0.891866	
3086	0.999615	-0.001702	3.018203	0.001702	0.999615	-0.684444	
3087	0.999444	-0.002077	3.849554	0.002077	0.999444	-0.721462	
3088	0.999727	-0.001091	2.001069	0.001091	0.999727	-0.338454	
3089	0.999670	-0.001078	1.924190	0.001078	0.999670	-0.270854	
3090	0.999511	-0.001267	2.716129	0.001267	0.999511	-0.093302	
3091	0.999545	-0.000778	1.667128	0.000778	0.999545	0.125348	
3092	0.999294	-0.001337	2.697870	0.001337	0.999294	0.298021	
3093	0.999394	-0.000816	1.619812	0.000816	0.999394	0.340889	
3094	0.999267	-0.000760	1.582825	0.000760	0.999267	0.569714	
3095	0.999023	-0.001156	2.668916	0.001156	0.999023	0.760221	
3096	0.999055	-0.000716	1.843060	0.000716	0.999055	0.676325	
3097	0.998890	-0.001209	2.859410	0.001209	0.998890	0.763718	
3098	0.999192	-0.000635	1.825764	0.000635	0.999192	0.582436	
3099	0.999061	-0.000947	2.174396	0.000947	0.999061	0.492666	
3100	0.998674	-0.001676	3.632009	0.001676	0.998674	0.469125	
3101	0.999446	-0.001124	2.458166	0.001124	0.999446	0.144141	
3102	0.999116	-0.002174	4.392169	0.002174	0.999116	-0.107859	
3103	0.999443	-0.001310	2.563378	0.001310	0.999443	-0.098872	
3104	0.999643	-0.001455	2.649216	0.001455	0.999643	-0.298675	
3105	0.999308	-0.002188	4.298647	0.002188	0.999308	-0.474089	
3106	0.999547	-0.001402	2.722001	0.001402	0.999547	-0.350202	
3107	0.999424	-0.002038	4.240711	0.002038	0.999424	-0.678312	
3108	0.999159	-0.001343	2.782926	0.001343	0.999159	-0.309867	
3109	0.999434	-0.001316	2.513963	0.001316	0.999434	-0.312931	
3110	0.998769	-0.001869	3.758203	0.001869	0.998769	-0.389389	
3111	0.999470	-0.001133	2.286058	0.001133	0.999470	-0.221099	
3112	0.999026	-0.001585	3.488002	0.001585	0.999026	-0.266440	
3113	0.998957	-0.001358	2.732727	0.001358	0.998957	-0.205956	
3114	0.999377	-0.001333	2.455076	0.001333	0.999377	-0.439908	
3115	0.997933	-0.002332	4.162193	0.002332	0.997933	-0.226732	
3116	0.999525	-0.001308	2.201041	0.001308	0.999525	-0.516584	
3117	0.999488	-0.001762	3.039225	0.001762	0.999488	-0.753087	
3118	0.999673	-0.000939	1.824457	0.000939	0.999673	-0.331212	
3119	0.999712	-0.000805	1.456728	0.000805	0.999712	-0.297547	
3120	0.999536	-0.001309	2.637279	0.001309	0.999536	-0.370180	
3121	0.999649	-0.000968	1.563009	0.000968	0.999649	-0.322278	
3122	0.999666	-0.001529	2.706283	0.001529	0.999666	-0.560949	
3123	0.999638	-0.000975	1.638529	0.000975	0.999638	-0.353266	
3124	0.999807	-0.001096	1.580762	0.001096	0.999807	-0.520581	
3125	0.999993	-0.001788	2.774307	0.001788	0.999993	-0.988819	
3126	1.000171	-0.001338	1.816872	0.001338	1.000171	-0.873529	
3127	1.000099	-0.002188	3.363593	0.002188	1.000099	-1.334510	
3128	0.999895	-0.001500	2.154990	0.001500	0.999895	-0.869882	
3129	1.000276	-0.001494	2.017046	0.001494	1.000276	-0.998295	
3130	1.000142	-0.002333	3.812241	0.002333	1.000142	-1.365167	
3131	0.999779	-0.001538	2.474607	0.001538	0.999779	-0.759701	
3132	1.000528	-0.002234	3.125893	0.002234	1.000528	-1.416939	
3133	1.000120	-0.001675	2.220062	0.001675	1.000120	-0.977706	
3134	1.000344	-0.001685	2.121705	0.001685	1.000344	-1.121393	
3135	1.000787	-0.002349	3.204481	0.002349	1.000787	-1.705546	
3136	1.000303	-0.001644	2.037473	0.001644	1.000303	-1.181530	
3137	1.000079	-0.002473	3.089180	0.002473	1.000079	-1.676352	
3138	1.000525	-0.001420	1.789357	0.001420	1.000525	-1.274314	
3139	1.000591	-0.001486	1.640840	0.001486	1.000591	-1.357638	
3140	1.001183	-0.001963	2.054101	0.001963	1.001183	-1.898576	
3141	1.000783	-0.001066	0.698868	0.001066	1.000783	-1.110254	
3142	1.001249	-0.001109	0.584840	0.001109	1.001249	-1.336445	
3143	1.000850	-0.000640	-0.001456	0.000640	1.000850	-0.829383	
3144	1.000992	-0.000594	-0.121066	0.000594	1.000992	-0.935602	
3145	1.001508	-0.000784	-0.038602	0.000784	1.001508	-1.400829	
3146	1.001098	-0.000601	-0.158808	0.000601	1.001098	-1.041284	
3147	1.001933	-0.000958	-0.355924	0.000958	1.001933	-1.709962	
3148	1.001240	-0.000542	-0.280691	0.000542	1.001240	-1.085150	
3149	1.001298	-0.000500	-0.367908	0.000500	1.001298	-1.072450	
3150	1.001739	-0.000508	-0.623432	0.000508	1.001739	-1.296358	
3151	1.001241	-0.000422	-0.643506	0.000422	1.001241	-0.928175	
3152	1.001661	-0.000488	-0.932834	0.000488	1.001661	-1.210955	
3153	1.000982	-0.000470	-0.540615	0.000470	1.000982	-0.790395	
3154	1.001254	-0.000513	-0.529662	0.000513	1.001254	-0.978414	
3155	1.001814	-0.000620	-0.484363	0.000620	1.001814	-1.453516	
3156	1.001242	-0.000295	-0.434799	0.000295	1.001242	-1.094488	
3157	1.001931	-0.000642	-0.601840	0.000642	1.001931	-1.853215	
3158	1.001390	-0.000565	-0.425708	0.000565	1.001390	-1.399211	
3159	1.001544	-0.000554	-0.401795	0.000554	1.001544	-1.495938	
3160	1.002102	-0.000909	-0.217305	0.000909	1.002102	-2.075208	
3161	1.001449	-0.000799	-0.057632	0.000799	1.001449	-1.477440	
3162	1.001882	-0.001275	0.216334	0.001275	1.001882	-1.981217	
3163	1.001372	-0.001016	0.262108	0.001016	1.001372	-1.391805	
3164	1.001370	-0.000989	0.457808	0.000989	1.001370	-1.263026	
3165	1.001949	-0.001609	1.242497	0.001609	1.001949	-1.914678	
3166	1.001387	-0.001206	0.838423	0.001206	1.001387	-1.364347	
3167	1.001845	-0.001782	1.306089	0.001782	1.001845	-1.917445	
3168	1.001292	-0.001415	0.869678	0.001415	1.001292	-1.391413	
3169	1.001889	-0.001531	0.376253	0.001531	1.001889	-1.766049	
3170	1.002053	-0.001540	1.186743	0.001540	1.002053	-1.920682	
3171	1.001464	-0.001195	0.649206	0.001195	1.001464	-1.389968	
3172	1.001385	-0.000996	0.542062	0.000996	1.001385	-1.247617	
3173	1.001929	-0.001181	0.599068	0.001181	1.001929	-1.745375	
3174	1.001428	-0.000792	0.241544	0.000792	1.001428	-1.269159	
3175	1.001833	-0.001218	0.670459	0.001218	1.001833	-1.699978	
3176	1.000761	-0.001087	0.923583	0.001087	1.000761	-1.152624	
3177	1.000533	-0.001173	0.950335	0.001173	1.000533	-1.045732	
3178	1.000465	-0.001692	1.575430	0.001692	1.000465	-1.523640	
3179	1.000336	-0.001226	0.936847	0.001226	1.000336	-1.126315	
3180	1.000488	-0.001249	1.262825	0.001249	1.000488	-1.328345	
3181	1.000334	-0.000904	0.707845	0.000904	1.000334	-0.880768	
3182	1.000257	-0.000735	0.606713	0.000735	1.000257	-0.715721	
3183	1.000629	-0.000903	0.568819	0.000903	1.000629	-1.057347	
3184	1.000414	-0.000786	0.405049	0.000786	1.000414	-0.795006	
3185	1.000659	-0.001021	0.680430	0.001021	1.000659	-1.192101	
3186	1.000443	-0.000965	0.533220	0.000965	1.000443	-0.976335	
3187	1.000453	-0.001020	0.535758	0.001020	1.000453	-1.044981	
3188	1.000620	-0.000896	0.580162	0.000896	1.000620	-1.199427	
3189	1.000513	-0.000801	0.308641	0.000801	1.000513	-0.951414	
3190	1.000500	-0.000804	0.382778	0.000804	1.000500	-1.150575	
3191	1.000476	-0.000555	0.096456	0.000555	1.000476	-0.819009	
3192	1.000334	-0.000533	0.119484	0.000533	1.000334	-0.758106	
3193	1.000569	-0.000580	0.075784	0.000580	1.000569	-0.994071	
3194	1.000440	-0.000394	-0.087118	0.000394	1.000440	-0.713167	
3195	1.000489	-0.000663	0.165621	0.000663	1.000489	-1.049935	
3196	1.000309	-0.000496	0.209277	0.000496	1.000309	-0.778722	
3197	1.000338	-0.000545	0.195192	0.000545	1.000338	-0.848650	
3198	1.000792	-0.000612	0.085675	0.000612	1.000792	-1.340552	
3199	1.000383	-0.000630	0.179722	0.000630	1.000383	-0.955763	
3200	1.000573	-0.000862	0.422705	0.000862	1.000573	-1.425883	
3201	1.000324	-0.000619	0.361555	0.000619	1.000324	-0.898811	
3202	1.000265	-0.000631	0.546939	0.000631	1.000265	-0.867326	
3203	1.000435	-0.000888	0.785701	0.000888	1.000435	-1.129624	
3204	1.000209	-0.000688	0.564794	0.000688	1.000209	-0.653471	
3205	1.000062	-0.000808	0.777576	0.000808	1.000062	-0.468174	
3206	1.000148	-0.000430	0.274969	0.000430	1.000148	-0.202392	
3207	1.000255	-0.000357	0.133777	0.000357	1.000255	-0.197389	
3208	1.000206	-0.000171	-0.135690	0.000171	1.000206	-0.155861	
3209	1.000190	-0.000198	-0.107826	0.000198	1.000190	-0.182365	
3210	1.000289	-0.000152	-0.240577	0.000152	1.000289	-0.440185	
3211	1.000240	-0.000051	-0.313499	0.000051	1.000240	-0.267776	
3212	1.000370	0.000017	-0.487120	-0.000017	1.000370	-0.301477	
3213	1.000289	-0.000008	-0.493705	0.000008	1.000289	-0.417661	
3214	1.000299	-0.000140	-0.148454	0.000140	1.000299	-0.471504	
3215	1.000608	-0.000385	0.244010	0.000385	1.000608	-1.107641	
3216	1.000339	-0.000640	0.494045	0.000640	1.000339	-1.135530	
3217	1.000361	-0.000686	0.495418	0.000686	1.000361	-1.284449	
3218	1.000705	-0.001028	0.823093	0.001028	1.000705	-2.340565	
3219	1.000465	-0.001036	1.188049	0.001036	1.000465	-1.800819	
3220	1.000104	-0.002084	2.612240	0.002084	1.000104	-2.862257	
3221	1.000309	-0.001196	1.571331	0.001196	1.000309	-1.934056	
3222	1.000241	-0.001166	1.623879	0.001166	1.000241	-1.945429	
3223	0.999716	-0.001864	3.076394	0.001864	0.999716	-2.713300	
3224	0.999809	-0.001535	2.526384	0.001535	0.999809	-1.962959	
3225	0.999601	-0.001939	3.951148	0.001939	0.999601	-2.750467	
3226	0.999751	-0.001451	2.744758	0.001451	0.999751	-1.785448	
3227	0.999637	-0.001545	2.768112	0.001545	0.999637	-1.756532	
3228	0.998471	-0.002610	4.911436	0.002610	0.998471	-2.174735	
3229	0.998951	-0.001540	3.380974	0.001540	0.998951	-1.118789	
3230	0.997686	-0.002018	5.375553	0.002018	0.997686	-0.847065	
3231	0.998146	-0.001396	3.622216	0.001396	0.998146	-0.296781	
3232	0.997789	-0.001375	3.774427	0.001375	0.997789	0.001617	
3233	0.996745	-0.002037	5.780474	0.002037	0.996745	0.197194	
3234	0.997627	-0.001591	3.936656	0.001591	0.997627	-0.000517	
3235	0.996692	-0.002161	5.848955	0.002161	0.996692	-0.073067	
3236	0.997883	-0.001683	3.870830	0.001683	0.997883	-0.351400	
3237	0.997911	-0.001441	3.690030	0.001441	0.997911	-0.363214	
3238	0.997209	-0.001842	5.322717	0.001842	0.997209	-0.638131	
3239	0.997855	-0.001332	3.607989	0.001332	0.997855	-0.520192	
3240	0.997175	-0.001577	4.760905	0.001577	0.997175	-0.654427	
3241	0.998064	-0.001058	3.092890	0.001058	0.998064	-0.324929	
3242	0.998009	-0.001089	3.032366	0.001089	0.998009	-0.267817	
3243	0.996494	-0.001414	4.584471	0.001414	0.996494	0.124384	
3244	0.997477	-0.000901	2.994630	0.000901	0.997477	0.257827	
3245	0.995952	-0.001141	4.543757	0.001141	0.995952	0.516560	
3246	0.997129	-0.000733	2.894081	0.000733	0.997129	0.620056	
3247	0.997171	-0.000810	2.972138	0.000810	0.997171	0.484417	
3248	0.995896	-0.001085	4.451188	0.001085	0.995896	0.616860	
3249	0.997341	-0.000822	2.790457	0.000822	0.997341	0.192575	
3250	0.996127	-0.001021	4.041137	0.001021	0.996127	0.300335	
3251	0.997542	-0.000707	2.732298	0.000707	0.997542	0.002982	
3252	0.997564	-0.000744	2.799814	0.000744	0.997564	-0.107876	
3253	0.996442	-0.001075	4.098317	0.001075	0.996442	-0.220862	
3254	0.997929	-0.000779	2.503333	0.000779	0.997929	-0.511712	
3255	0.997767	-0.000645	2.535104	0.000645	0.997767	-0.482478	
3256	0.996991	-0.001012	3.551263	0.001012	0.996991	-1.136217	
3257	0.997874	-0.000597	2.474508	0.000597	0.997874	-0.753369	
3258	0.996305	-0.000951	4.041663	0.000951	0.996305	-0.965886	
3259	0.997340	-0.000584	2.731197	0.000584	0.997340	-0.425224	
3260	0.997444	-0.000705	2.711259	0.000705	0.997444	-0.437621	
3261	0.995984	-0.000813	3.931535	0.000813	0.995984	-0.169388	
3262	0.996996	-0.000638	2.976569	0.000638	0.996996	0.103331	
3263	0.994879	-0.000892	4.769993	0.000892	0.994879	0.746985	
3264	0.996325	-0.000698	3.459617	0.000698	0.996325	0.533824	
3265	0.996546	-0.000727	3.363210	0.000727	0.996546	0.445052	
3266	0.994681	-0.001046	5.098592	0.001046	0.994681	0.876264	
3267	0.996599	-0.000672	3.262667	0.000672	0.996599	0.424009	
3268	0.994800	-0.001028	5.224605	0.001028	0.994800	0.569945	
3269	0.996809	-0.000703	3.239838	0.000703	0.996809	0.159612	
3270	0.996738	-0.000633	3.251089	0.000633	0.996738	0.203624	
3271	0.994961	-0.000959	5.014924	0.000959	0.994961	0.476372	
3272	0.996441	-0.000654	3.341549	0.000654	0.996441	0.510791	
3273	0.994614	-0.000836	4.879321	0.000836	0.994614	1.072466	
3274	0.996401	-0.000512	3.170772	0.000512	0.996401	0.827885	
3275	0.996129	-0.000500	3.361343	0.000500	0.996129	0.982623	
3276	0.994498	-0.000810	4.776437	0.000810	0.994498	1.313333	
3277	0.995918	-0.000532	3.377734	0.000532	0.995918	1.043543	
3278	0.994741	-0.000661	4.538013	0.000661	0.994741	1.308063	
3279	0.996193	-0.000513	3.290023	0.000513	0.996193	0.873934	
3280	0.996442	-0.000475	3.160455	0.000475	0.996442	0.749226	
3281	0.994712	-0.000780	4.830359	0.000780	0.994712	1.207762	
3282	0.997926	-0.000375	2.185025	0.000375	0.997926	0.681238	
3283	0.999543	-0.000615	1.649857	0.000615	0.999543	0.166235	
3284	0.999601	-0.000437	1.196665	0.000437	0.999601	0.317602	
3285	0.999389	-0.000591	1.378802	0.000591	0.999389	0.388660	
3286	0.999501	-0.000683	1.704992	0.000683	0.999501	0.315190	
3287	0.999894	-0.000412	1.008193	0.000412	0.999894	-0.036567	
3288	0.999836	-0.000671	1.372669	0.000671	0.999836	-0.209031	
3289	0.999804	-0.000377	0.826578	0.000377	0.999804	-0.062527	
3290	0.999620	-0.000410	0.866768	0.000410	0.999620	0.128483	
3291	0.999343	-0.000521	1.134109	0.000521	0.999343	0.727856	
3292	0.999301	-0.000312	1.026659	0.000312	0.999301	0.893833	
3293	0.998653	-0.000543	1.883798	0.000543	0.998653	2.072025	
3294	0.998744	-0.000214	1.375283	0.000214	0.998744	2.044128	
3295	0.998986	-0.000280	1.247084	0.000280	0.998986	2.173965	
3296	0.998577	-0.000327	1.754967	0.000327	0.998577	3.817059	
3297	0.999541	-0.000244	1.056592	0.000244	0.999541	2.447750	
3298	0.999325	-0.000371	1.699433	0.000371	0.999325	3.801082	
3299	0.999872	-0.000221	0.821973	0.000221	0.999872	2.425834	
3300	1.000381	-0.000267	0.542950	0.000267	1.000381	2.211060	
3301	0.998855	0.000686	1.097655	-0.000686	0.998855	4.101169	
3302	1.001392	-0.000319	0.226938	0.000319	1.001392	1.425607	
3303	1.004778	-0.000550	-0.666816	0.000550	1.004778	1.453031	
3304	1.002546	-0.000520	-0.217728	0.000520	1.002546	0.302407	
3305	1.002869	-0.000619	-0.216875	0.000619	1.002869	-0.085786	
3306	1.005290	-0.001164	-0.446557	0.001164	1.005290	-1.148129	
3307	1.003482	-0.000991	-0.040882	0.000991	1.003482	-1.205623	
3308	1.005078	-0.001635	0.204008	0.001635	1.005078	-2.253390	
3309	1.003476	-0.001039	0.052902	0.001039	1.003476	-1.653065	
3310	1.003704	-0.000951	-0.104679	0.000951	1.003704	-1.781685	
3311	1.005910	-0.001525	-0.268237	0.001525	1.005910	-2.884909	
3312	1.003923	-0.001001	-0.229488	0.001001	1.003923	-2.084677	
3313	1.006301	-0.001618	-0.261593	0.001618	1.006301	-3.414215	
3314	1.003847	-0.001078	-0.031320	0.001078	1.003847	-2.256331	
3315	1.004055	-0.000999	-0.131151	0.000999	1.004055	-2.387928	
3316	1.006311	-0.001511	-0.205462	0.001511	1.006311	-3.661947	
3317	1.004029	-0.001076	-0.091980	0.001076	1.004029	-2.406760	
3318	1.006096	-0.001435	-0.183999	0.001435	1.006096	-3.416712	
3319	1.003929	-0.000794	-0.604913	0.000794	1.003929	-2.157264	
3320	1.003952	-0.000597	-1.072717	0.000597	1.003952	-2.128357	
3321	1.006265	-0.000624	-2.286406	0.000624	1.006265	-3.259484	
3322	1.004157	-0.000113	-2.001623	0.000113	1.004157	-2.042477	
3323	1.006363	0.000114	-3.557720	-0.000114	1.006363	-2.950965	
3324	1.004233	0.000310	-2.773887	-0.000310	1.004233	-1.727391	
3325	1.004304	0.000207	-2.979950	-0.000207	1.004304	-1.737493	
3326	1.006416	0.000366	-4.461882	-0.000366	1.006416	-2.506575	
3327	1.004406	0.000474	-3.208760	-0.000474	1.004406	-1.565002	
3328	1.006056	0.000474	-4.773630	-0.000474	1.006056	-2.178081	
3329	1.003865	0.000510	-3.135380	-0.000510	1.003865	-1.281257	
3330	1.002511	0.000536	-2.425758	-0.000536	1.002511	-0.688329	
3331	1.002605	0.000868	-2.997834	-0.000868	1.002605	-0.658614	
3332	1.002213	0.000669	-2.445735	-0.000669	1.002213	-0.905306	
3333	1.003666	0.001423	-4.658469	-0.001423	1.003666	-1.108448	
3334	1.002995	0.001132	-3.833851	-0.001132	1.002995	-0.930003	
3335	1.003151	0.001351	-4.303311	-0.001351	1.003151	-0.859446	
3336	1.004716	0.002096	-6.932228	-0.002096	1.004716	-1.146550	
3337	1.003453	0.001635	-4.649154	-0.001635	1.003453	-0.753751	
3338	1.003474	0.001565	-4.388561	-0.001565	1.003474	-0.858864	
3339	1.004806	0.001295	-5.704324	-0.001295	1.004806	-1.816806	
3340	1.003308	0.000782	-3.490537	-0.000782	1.003308	-1.204516	
3341	1.003876	0.000924	-4.295441	-0.000924	1.003876	-1.364035	
3342	1.001461	0.000707	-1.936824	-0.000707	1.001461	-0.234238	
3343	1.000383	0.000657	-1.220387	-0.000657	1.000383	0.300103	
3344	1.000411	0.001454	-2.714910	-0.001454	1.000411	0.914417	
3345	1.000221	0.001192	-2.302674	-0.001192	1.000221	0.694462	
3346	1.000770	0.002275	-4.902895	-0.002275	1.000770	0.929584	
3347	1.000659	0.001839	-3.900583	-0.001839	1.000659	0.506894	
3348	1.001048	0.002109	-4.589929	-0.002109	1.001048	0.215161	
3349	1.001853	0.002815	-7.715600	-0.002815	1.001853	-0.273051	
3350	1.001059	0.002341	-4.917033	-0.002341	1.001059	0.152990	
3351	1.000559	0.000830	-8.361429	-0.000830	1.000559	-1.211461	
3352	1.001110	0.002645	-5.585737	-0.002645	1.001110	0.450731	
3353	1.000757	0.002660	-5.811774	-0.002660	1.000757	0.687573	
3354	1.000803	0.001119	-10.286733	-0.001119	1.000803	-0.328638	
3355	1.000108	0.000959	-6.997159	-0.000959	1.000108	-0.030631	
3356	1.000849	0.001163	-12.398762	-0.001163	1.000849	-0.185876	
3357	1.000516	0.000826	-8.317077	-0.000826	1.000516	-0.083539	
3358	1.000502	0.000826	-8.274071	-0.000826	1.000502	-0.053142	
3359	1.000905	0.000934	-12.938322	-0.000934	1.000905	0.031971	
3360	1.001301	0.001316	-8.570495	-0.001316	1.001301	0.474178	
3361	1.000560	0.000922	-12.348930	-0.000922	1.000560	0.504947	
3362	1.000474	0.000981	-7.942506	-0.000981	1.000474	0.755787	
3363	1.000725	0.000934	-7.569727	-0.000934	1.000725	0.693495	
3364	1.000406	0.000807	-11.164533	-0.000807	1.000406	0.524290	
3365	1.003985	0.005218	-7.900467	-0.005218	1.003985	1.213187	
3366	1.008411	0.007683	-12.847845	-0.007683	1.008411	0.455414	
3367	1.005402	0.005891	-8.206402	-0.005891	1.005402	0.906521	
3368	1.000090	0.002836	-5.922233	-0.002836	1.000090	1.579751	
3369	1.000393	0.000510	-9.478488	-0.000510	1.000393	0.237953	
3370	1.001491	0.003607	-6.059400	-0.003607	1.001491	1.552087	
3371	1.000032	0.000836	-8.632175	-0.000836	1.000032	0.566816	
3372	1.001509	0.002994	-5.461747	-0.002994	1.001509	1.240506	
3373	1.000832	0.002924	-5.494110	-0.002924	1.000832	1.531171	
3374	1.000209	0.000454	-8.437666	-0.000454	1.000209	0.147211	
3375	1.000684	0.002753	-5.333357	-0.002753	1.000684	1.445431	
3376	1.000276	0.000638	-8.422598	-0.000638	1.000276	0.476546	
3377	1.000794	0.002882	-5.405515	-0.002882	1.000794	1.518281	
3378	1.000532	0.003116	-5.477939	-0.003116	1.000532	1.751461	
3379	1.000219	0.000647	-8.875340	-0.000647	1.000219	0.241510	
3380	1.001138	0.002309	-5.793160	-0.002309	1.001138	0.939420	
3381	1.000609	0.004450	-7.085738	-0.004450	1.000609	2.333540	
3382	1.000514	0.002626	-4.606237	-0.002626	1.000514	1.341333	
3383	1.000656	0.002719	-4.872362	-0.002719	1.000656	1.406463	
3384	1.000658	0.000661	-8.098716	-0.000661	1.000658	0.364465	
3385	1.000654	0.003127	-5.628678	-0.003127	1.000654	1.671795	
3386	0.999994	0.000796	-10.102666	-0.000796	0.999994	0.848612	
3387	1.001393	0.003921	-7.393590	-0.003921	1.001393	2.020600	
3388	0.999555	0.000635	-7.798785	-0.000635	0.999555	0.768048	
3389	0.998734	0.000746	-12.724982	-0.000746	0.998734	1.107166	
3390	0.998543	0.000486	-8.623269	-0.000486	0.998543	0.921268	
3391	0.996592	0.000980	-13.520884	-0.000980	0.996592	1.714043	
3392	0.997199	0.000768	-9.426447	-0.000768	0.997199	1.392164	
3393	0.996754	0.000764	-10.307365	-0.000764	0.996754	1.534716	
3394	0.996083	0.001068	-19.066622	-0.001068	0.996083	1.799035	
3395	0.996779	0.001051	-14.113956	-0.001051	0.996779	1.334749	
3396	0.996404	0.001745	-24.743756	-0.001745	0.996404	1.073560	
3397	0.997150	0.001249	-16.783773	-0.001249	0.997150	0.271801	
3398	0.996552	0.001311	-17.410082	-0.001311	0.996552	0.179772	
3399	0.995313	0.001528	-28.150818	-0.001528	0.995313	-0.273973	
3400	0.997613	0.001269	-18.881259	-0.001269	0.997613	0.026084	
3401	0.995759	0.001648	-26.928061	-0.001648	0.995759	0.508492	
3402	0.997460	0.001136	-17.656908	-0.001136	0.997460	0.466266	
3403	0.996316	0.001153	-16.302706	-0.001153	0.996316	1.012339	
3404	0.995500	0.001830	-25.849070	-0.001830	0.995500	1.770058	
3405	0.996740	0.001199	-16.852494	-0.001199	0.996740	1.619109	
3406	0.996407	0.001885	-26.898626	-0.001885	0.996407	2.441327	
3407	0.995774	0.001686	-16.801061	-0.001686	0.995774	2.872891	
3408	0.996628	0.001693	-17.948847	-0.001693	0.996628	2.854761	
3409	0.996303	0.001740	-28.982637	-0.001740	0.996303	3.337619	
3410	0.997675	0.001661	-20.147023	-0.001661	0.997675	2.518837	
3411	0.997108	0.001534	-31.401338	-0.001534	0.997108	2.940331	
3412	0.998545	0.001743	-21.063565	-0.001743	0.998545	2.044609	
3413	0.999455	0.001984	-21.991504	-0.001984	0.999455	1.892780	
3414	0.997958	0.001735	-32.856693	-0.001735	0.997958	2.128176	
3415	0.999894	0.001539	-22.264793	-0.001539	0.999894	1.194520	
3416	1.003886	0.002589	-35.431209	-0.002589	1.003886	0.825955	
3417	0.997793	0.001624	-21.438222	-0.001624	0.997793	1.665895	
3418	0.997637	0.001406	-20.967796	-0.001406	0.997637	1.545476	
3419	0.995888	0.002314	-31.142973	-0.002314	0.995888	2.638357	
3420	0.998293	0.001909	-22.327394	-0.001909	0.998293	1.922927	
3421	0.996156	0.002219	-18.228917	-0.002219	0.996156	2.707945	
3422	0.995818	0.002012	-30.108465	-0.002012	0.995818	2.600740	
3423	0.996957	0.001801	-19.742900	-0.001801	0.996957	1.951325	
3424	0.996479	0.002949	-29.263574	-0.002949	0.996479	1.720423	
3425	0.996979	0.001380	-18.311034	-0.001380	0.996979	0.515490	
3426	0.996663	0.001530	-18.054452	-0.001530	0.996663	0.415998	
3427	0.993551	0.001719	-25.240267	-0.001719	0.993551	0.282496	
3428	0.996945	0.001793	-17.160332	-0.001793	0.996945	0.151781	
3429	0.994893	0.001992	-24.316515	-0.001992	0.994893	0.418917	
3430	0.997308	0.001482	-16.218541	-0.001482	0.997308	0.566021	
3431	0.997086	0.001570	-15.683214	-0.001570	0.997086	1.030062	
3432	0.997158	0.002176	-24.465467	-0.002176	0.997158	1.720269	
3433	0.997240	0.001414	-14.730215	-0.001414	0.997240	1.869233	
3434	0.996581	0.002463	-21.895980	-0.002463	0.996581	3.184221	
3435	0.996906	0.001474	-12.991421	-0.001474	0.996906	2.456629	
3436	0.997748	0.001317	-12.764743	-0.001317	0.997748	1.752357	
3437	0.996627	0.001731	-18.391940	-0.001731	0.996627	2.033284	
3438	0.997423	0.000779	-10.652266	-0.000779	0.997423	0.647279	
3439	0.997085	0.001471	-15.725870	-0.001471	0.997085	0.406598	
3440	0.997885	0.000650	-9.485867	-0.000650	0.997885	-0.076047	
3441	0.997865	0.000573	-9.065971	-0.000573	0.997865	-0.235824	
3442	0.997099	0.001046	-13.408011	-0.001046	0.997099	-0.074461	
3443	1.008653	0.002772	-9.216870	-0.002772	1.008653	-3.090288	
3444	0.996853	0.000787	-12.080828	-0.000787	0.996853	-0.017214	
3445	1.006180	0.007061	-10.183073	-0.007061	1.006180	0.986988	
3446	1.002790	0.004150	-8.797323	-0.004150	1.002790	0.322036	
3447	0.996336	0.000944	-10.440148	-0.000944	0.996336	-0.303961	
3448	0.997283	0.000698	-6.395612	-0.000698	0.997283	-0.327396	
3449	1.008311	0.006759	-13.937768	-0.006759	1.008311	-1.041972	
3450	1.000658	0.008021	-7.405579	-0.008021	1.000658	3.514003	
3451	0.997266	0.005338	-4.206158	-0.005338	0.997266	3.466805	
3452	1.008589	0.006316	-10.939290	-0.006316	1.008589	-1.301254	
3453	1.004977	0.001443	-5.181276	-0.001443	1.004977	-2.198314	
3454	1.005815	0.005668	-8.808516	-0.005668	1.005815	-0.311598	
3455	1.000402	0.002251	-4.279660	-0.002251	1.000402	-0.139697	
3456	0.999356	0.002096	-3.665324	-0.002096	0.999356	0.155338	
3457	0.999935	0.003036	-5.656570	-0.003036	0.999935	0.085013	
3458	0.999670	0.002129	-3.702814	-0.002129	0.999670	0.074042	
3459	0.994903	0.000750	-4.389619	-0.000750	0.994903	-0.603488	
3460	0.998190	0.001988	-3.440751	-0.001988	0.998190	0.288143	
3461	1.002225	0.002230	-4.540690	-0.002230	1.002225	-0.720930	
3462	1.003752	0.005752	-8.316328	-0.005752	1.003752	-0.174918	
3463	0.999524	0.002406	-3.973092	-0.002406	0.999524	0.387580	
3464	1.005665	0.004578	-8.172775	-0.004578	1.005665	-0.986987	
3465	1.000719	0.001787	-3.501120	-0.001787	1.000719	-0.105752	
3466	0.998882	0.002423	-3.576412	-0.002423	0.998882	0.980779	
3467	1.003817	0.004629	-7.263182	-0.004629	1.003817	0.394608	
3468	0.998204	0.002102	-2.861167	-0.002102	0.998204	1.095929	
3469	1.002064	0.003886	-6.075882	-0.003886	1.002064	0.441392	
3470	0.997851	0.001907	-2.348539	-0.001907	0.997851	1.287638	
3471	0.997940	0.001956	-2.355359	-0.001956	0.997940	1.403958	
3472	1.000991	0.005468	-6.043967	-0.005468	1.000991	2.003182	
3473	0.997322	0.001907	-2.211500	-0.001907	0.997322	1.814730	
3474	0.995189	0.003629	-3.702815	-0.003629	0.995189	3.730504	
3475	0.996634	0.002095	-1.929567	-0.002095	0.996634	2.613024	
3476	1.000885	0.002626	-4.316825	-0.002626	1.000885	1.318119	
3477	0.995802	0.000628	-5.522063	-0.000628	0.995802	2.151302	
3478	0.998407	0.002310	-3.577144	-0.002310	0.998407	2.246562	
3479	1.003651	0.005771	-8.368033	-0.005771	1.003651	1.504125	
3480	0.998807	0.002346	-4.069724	-0.002346	0.998807	1.965660	
3481	0.997597	0.001752	-3.668754	-0.001752	0.997597	2.034781	
3482	1.003341	0.005829	-8.550732	-0.005829	1.003341	1.888527	
3483	0.997607	0.001762	-3.853149	-0.001762	0.997607	2.231689	
3484	0.996583	0.000725	-6.918480	-0.000725	0.996583	2.422127	
3485	0.998582	0.002549	-4.803411	-0.002549	0.998582	2.586504	
3486	1.000695	0.002791	-6.066868	-0.002791	1.000695	1.966057	
3487	1.000362	0.000764	-9.745355	-0.000764	1.000362	1.500792	
3488	1.001023	0.002525	-6.455840	-0.002525	1.001023	1.779554	
3489	1.000182	0.000753	-9.476468	-0.000753	1.000182	1.454268	
3490	1.000841	0.002811	-5.978043	-0.002811	1.000841	1.801817	
3491	1.002662	0.003905	-6.471077	-0.003905	1.002662	1.379597	
3492	1.000290	0.000894	-8.893784	-0.000894	1.000290	1.568568	
3493	1.001485	0.002652	-5.481840	-0.002652	1.001485	1.369904	
3494	1.001428	0.002276	-8.390329	-0.002276	1.001428	1.739964	
3495	1.000045	0.001898	-4.181404	-0.001898	1.000045	1.646774	
3496	1.000718	0.001925	-4.071173	-0.001925	1.000718	1.259628	
3497	0.999688	0.000666	-6.824348	-0.000666	0.999688	1.596169	
3498	1.000058	0.001740	-3.538863	-0.001740	1.000058	1.507694	
3499	0.999248	0.001275	-5.475255	-0.001275	0.999248	2.117008	
3500	0.999365	0.001324	-2.487217	-0.001324	0.999365	1.734909	
3501	0.999616	0.001415	-2.867459	-0.001415	0.999616	1.800916	
3502	0.999427	0.002381	-4.493379	-0.002381	0.999427	3.115524	
3503	0.999155	0.001155	-2.203857	-0.001155	0.999155	2.032164	
3504	0.999319	0.001226	-2.215047	-0.001226	0.999319	2.202741	
3505	0.996045	0.001153	-0.391138	-0.001153	0.996045	4.162248	
3506	0.999235	0.001303	-2.282025	-0.001303	0.999235	2.535001	
3507	0.999174	0.002039	-3.714834	-0.002039	0.999174	4.015687	
3508	0.999884	0.001413	-2.701557	-0.001413	0.999884	2.515183	
3509	1.000075	0.001309	-2.781156	-0.001309	1.000075	2.481707	
3510	1.001085	0.002381	-5.278952	-0.002381	1.001085	3.780124	
3511	1.000459	0.001246	-2.765222	-0.001246	1.000459	2.426800	
3512	1.002030	0.002007	-5.231849	-0.002007	1.002030	3.438143	
3513	1.001081	0.000998	-2.805434	-0.000998	1.001081	2.039129	
3514	1.001494	0.001055	-2.967632	-0.001055	1.001494	1.722298	
3515	1.002114	0.001419	-4.020704	-0.001419	1.002114	2.346934	
3516	1.001233	0.000657	-1.772760	-0.000657	1.001233	1.382407	
3517	1.002172	0.000602	-2.107304	-0.000602	1.002172	1.520274	
3518	1.001329	0.000133	-0.777700	-0.000133	1.001329	0.632448	
3519	1.001358	-0.000014	-0.640779	0.000014	1.001358	0.454074	
3520	1.001898	-0.000026	-0.801882	0.000026	1.001898	0.625181	
3521	1.000930	-0.000007	-0.144564	0.000007	1.000930	0.659973	
3522	1.002004	0.000082	-0.591897	-0.000082	1.002004	0.950949	
3523	1.001136	0.000029	-0.163812	-0.000029	1.001136	0.780466	
3524	1.001191	0.000055	-0.274155	-0.000055	1.001191	0.703292	
3525	1.001658	-0.000361	-0.239595	0.000361	1.001658	0.815164	
3526	1.000860	0.000084	0.063746	-0.000084	1.000860	0.949385	
3527	1.001942	0.000219	-1.060753	-0.000219	1.001942	1.136888	
3528	1.000991	0.000245	-0.621992	-0.000245	1.000991	0.824914	
3529	1.000975	0.000236	-0.676815	-0.000236	1.000975	0.713606	
3530	1.002159	0.000301	-1.535349	-0.000301	1.002159	0.412280	
3531	1.001492	0.000223	-0.921634	-0.000223	1.001492	0.105473	
3532	1.002244	0.000235	-1.439120	-0.000235	1.002244	-0.079903	
3533	1.001549	0.000143	-1.043491	-0.000143	1.001549	-0.112893	
3534	1.001401	0.000222	-1.126820	-0.000222	1.001401	-0.021833	
3535	1.002294	0.000372	-1.843985	-0.000372	1.002294	-0.060718	
3536	1.001448	0.000366	-1.236145	-0.000366	1.001448	0.078926	
3537	1.002365	0.000474	-2.282148	-0.000474	1.002365	-0.038421	
3538	1.001574	0.000257	-1.444746	-0.000257	1.001574	-0.123941	
3539	1.001657	0.000303	-1.441250	-0.000303	1.001657	-0.170883	
3540	1.002422	0.000545	-2.259313	-0.000545	1.002422	-0.264189	
3541	1.001648	0.000316	-1.660551	-0.000316	1.001648	-0.239552	
3542	1.002718	0.000661	-2.906514	-0.000661	1.002718	-0.351911	
3543	1.001736	0.000436	-1.894169	-0.000436	1.001736	-0.188585	
3544	1.001801	0.000441	-1.888871	-0.000441	1.001801	-0.229094	
3545	1.002707	0.000590	-2.702237	-0.000590	1.002707	-0.442663	
3546	1.001743	0.000337	-1.894176	-0.000337	1.001743	-0.261198	
3547	1.002725	0.000719	-3.165943	-0.000719	1.002725	-0.268296	
3548	1.001737	0.000545	-1.981847	-0.000545	1.001737	-0.158389	
3549	1.001815	0.000504	-2.004946	-0.000504	1.001815	-0.317739	
3550	1.002897	0.000502	-2.879808	-0.000502	1.002897	-1.055397	
3551	1.002005	0.000203	-1.843725	-0.000203	1.002005	-1.107848	
3552	1.003394	0.000292	-2.993418	-0.000292	1.003394	-1.938353	
3553	1.002091	0.000134	-1.777115	-0.000134	1.002091	-1.350569	
3554	1.001955	0.000193	-1.579055	-0.000193	1.001955	-1.180781	
3555	1.002270	0.000128	-1.901827	-0.000128	1.002270	-1.507145	
3556	1.001431	0.000072	-1.137266	-0.000072	1.001431	-0.870132	
3557	1.002163	0.000056	-1.553398	-0.000056	1.002163	-1.099688	
3558	1.001507	0.000077	-1.007101	-0.000077	1.001507	-0.699956	
3559	1.001519	0.000015	-0.898419	-0.000015	1.001519	-0.684468	
3560	1.002040	0.000049	-1.357606	-0.000049	1.002040	-0.895204	
3561	1.001420	0.000033	-0.942736	-0.000033	1.001420	-0.610956	
3562	1.002013	0.000067	-1.265188	-0.000067	1.002013	-0.810006	
3563	1.001501	0.000070	-0.868922	-0.000070	1.001501	-0.610137	
3564	1.001520	-0.000016	-0.786010	0.000016	1.001520	-0.685630	
3565	1.001886	-0.000129	-0.662739	0.000129	1.001886	-0.912895	
3566	1.001289	-0.000213	-0.198354	0.000213	1.001289	-0.649881	
3567	1.002044	-0.000438	-0.043231	0.000438	1.002044	-1.021974	
3568	1.001246	-0.000385	0.352488	0.000385	1.001246	-0.656023	
3569	1.001391	-0.000496	0.339634	0.000496	1.001391	-0.893545	
3570	1.001877	-0.000655	0.606873	0.000655	1.001877	-1.397689	
3571	1.000609	-0.000430	0.653881	0.000430	1.000609	-0.797210	
3572	1.001075	-0.000600	0.784900	0.000600	1.001075	-1.581811	
3573	1.000470	-0.000435	0.507555	0.000435	1.000470	-1.103796	
3574	1.000587	-0.000354	0.263527	0.000354	1.000587	-1.212968	
3575	1.000760	-0.000343	0.236494	0.000343	1.000760	-1.728415	
3576	1.000274	-0.000165	0.217492	0.000165	1.000274	-1.116566	
3577	1.000564	-0.000252	0.103848	0.000252	1.000564	-1.827276	
3578	1.000267	-0.000190	0.114668	0.000190	1.000267	-1.198953	
3579	1.000440	0.000010	-0.247650	-0.000010	1.000440	-1.247455	
3580	1.000744	-0.000180	-0.391039	0.000180	1.000744	-2.157601	
3581	1.000399	-0.000045	-0.247505	0.000045	1.000399	-1.209962	
3582	1.000658	-0.000099	-0.445904	0.000099	1.000658	-1.842560	
3583	1.000411	-0.000063	-0.373683	0.000063	1.000411	-1.190635	
3584	1.000112	0.000044	-0.321903	-0.000044	1.000112	-1.018892	
3585	1.000027	-0.000030	-0.406708	0.000030	1.000027	-1.738005	
3586	0.999250	0.000092	0.041845	-0.000092	0.999250	-0.854034	
3587	0.999236	-0.000006	0.078070	0.000006	0.999236	-1.014865	
3588	0.998417	0.000111	0.245644	-0.000111	0.998417	-1.557496	
3589	0.999195	-0.000328	0.275344	0.000328	0.999195	-1.237437	
3590	0.997302	0.000058	0.992536	-0.000058	0.997302	-1.106513	
3591	0.998270	0.000042	0.726331	-0.000042	0.998270	-0.751270	
3592	0.998244	0.000173	0.699970	-0.000173	0.998244	-0.602055	
3593	0.997508	0.000055	1.179122	-0.000055	0.997508	-0.940475	
3594	0.998143	0.000103	1.082021	-0.000103	0.998143	-0.361176	
3595	0.996765	-0.000058	2.095610	0.000058	0.996765	-0.141755	
3596	0.998027	-0.000065	1.422414	0.000065	0.998027	0.157578	
3597	0.997744	-0.000152	1.733953	0.000152	0.997744	0.308447	
3598	0.996452	-0.000192	2.495915	0.000192	0.996452	0.918598	
3599	0.997701	-0.000144	1.688958	0.000144	0.997701	0.617241	
3600	0.996357	-0.000068	2.533399	0.000068	0.996357	1.081236	
3601	0.997593	-0.000122	1.509420	0.000122	0.997593	0.700493	
3602	0.997430	-0.000003	1.568419	0.000003	0.997430	0.838047	
3603	0.996548	0.000019	2.056312	-0.000019	0.996548	1.152247	
3604	0.997485	0.000061	1.422774	-0.000061	0.997485	0.824498	
3605	0.996411	0.000252	1.925702	-0.000252	0.996411	1.127327	
3606	0.997615	0.000016	1.297509	-0.000016	0.997615	0.655680	
3607	0.997533	0.000033	1.442628	-0.000033	0.997533	0.707728	
3608	0.996507	0.000115	2.154357	-0.000115	0.996507	0.940078	
3609	0.997705	0.000032	1.431687	-0.000032	0.997705	0.490621	
3610	0.996490	-0.000037	2.207421	0.000037	0.996490	0.591752	
3611	0.997633	-0.000002	1.484337	0.000002	0.997633	0.374492	
3612	0.997661	-0.000066	1.443793	0.000066	0.997661	0.300623	
3613	0.996564	0.000033	1.966840	-0.000033	0.996564	0.618406	
3614	0.997485	0.000100	1.296554	-0.000100	0.997485	0.625824	
3615	0.996235	0.000218	1.846365	-0.000218	0.996235	1.183014	
3616	0.997691	0.000160	1.007914	-0.000160	0.997691	0.955417	
3617	0.998962	0.000138	0.130329	-0.000138	0.998962	0.586161	
3618	0.999740	0.000373	-0.792845	-0.000373	0.999740	0.713106	
3619	0.999870	0.000284	-0.722474	-0.000284	0.999870	0.659041	
3620	0.999696	0.000623	-1.190881	-0.000623	0.999696	1.322541	
3621	0.999843	0.000482	-1.053777	-0.000482	0.999843	0.995774	
3622	0.999794	0.000594	-1.276573	-0.000594	0.999794	1.217988	
3623	0.999725	0.001341	-2.447396	-0.001341	0.999725	2.257995	
3624	0.999827	0.000843	-1.821782	-0.000843	0.999827	1.586370	
3625	1.001052	0.002058	-3.907571	-0.002058	1.001052	2.169896	
3626	1.001070	0.001109	-2.987247	-0.001109	1.001070	1.090827	
3627	1.001159	0.000979	-2.990112	-0.000979	1.001159	0.829979	
3628	1.002609	0.000797	-5.767675	-0.000797	1.002609	0.192367	
3629	1.001726	0.000982	-3.433242	-0.000982	1.001726	0.062117	
3630	1.002660	0.001646	-5.722145	-0.001646	1.002660	-0.140434	
3631	1.001766	0.001176	-3.765084	-0.001176	1.001766	-0.154519	
3632	1.001734	0.001117	-3.742278	-0.001117	1.001734	-0.151158	
3633	1.002954	0.001909	-5.881174	-0.001909	1.002954	-0.311168	
3634	1.001990	0.001089	-3.973080	-0.001089	1.001990	-0.169897	
3635	1.002921	0.001639	-5.784239	-0.001639	1.002921	-0.105537	
3636	1.001714	0.001099	-3.651915	-0.001099	1.001714	0.068950	
3637	1.001967	0.001006	-3.762982	-0.001006	1.001967	-0.137737	
3638	1.002929	0.001577	-5.531981	-0.001577	1.002929	-0.176655	
3639	1.001824	0.000898	-3.260616	-0.000898	1.001824	-0.196466	
3640	1.002881	0.001233	-4.850409	-0.001233	1.002881	-0.398141	
3641	1.002101	0.000758	-3.261717	-0.000758	1.002101	-0.323300	
3642	1.002162	0.000651	-3.249472	-0.000651	1.002162	-0.387386	
3643	1.002628	0.001034	-4.312866	-0.001034	1.002628	-0.182393	
3644	1.001803	0.000627	-2.855408	-0.000627	1.001803	-0.198249	
3645	1.002937	0.000490	-4.824329	-0.000490	1.002937	-0.743641	
3646	1.001816	0.000725	-2.996562	-0.000725	1.001816	-0.383181	
3647	1.002100	0.000729	-3.242273	-0.000729	1.002100	-0.592636	
3648	1.002815	0.001181	-4.595933	-0.001181	1.002815	-0.577222	
3649	1.001831	0.000889	-3.324575	-0.000889	1.001831	-0.149611	
3650	1.002703	0.001436	-5.139198	-0.001436	1.002703	0.017856	
3651	1.001948	0.000995	-3.537650	-0.000995	1.001948	-0.035844	
3652	1.001805	0.000945	-3.428328	-0.000945	1.001805	-0.070179	
3653	1.001508	0.001326	-3.903530	-0.001326	1.001508	0.261146	
3654	1.000766	0.000716	-2.335630	-0.000716	1.000766	0.169588	
3655	1.000369	0.000960	-2.687300	-0.000960	1.000369	0.551459	
3656	1.000322	0.000399	-1.537927	-0.000399	1.000322	0.165707	
3657	1.000179	0.000348	-1.328438	-0.000348	1.000179	0.178956	
3658	1.000103	0.000463	-1.694715	-0.000463	1.000103	0.213646	
3659	1.000339	0.000389	-1.333097	-0.000389	1.000339	0.026435	
3660	1.000320	0.000529	-1.779630	-0.000529	1.000320	0.000737	
3661	1.000229	0.000391	-1.216097	-0.000391	1.000229	-0.124084	
3662	1.000143	0.000478	-1.235848	-0.000478	1.000143	0.029901	
3663	1.000259	0.000833	-2.096550	-0.000833	1.000259	0.296382	
3664	1.000029	0.000543	-1.225925	-0.000543	1.000029	0.322515	
3665	1.000078	0.000834	-1.862922	-0.000834	1.000078	0.576573	
3666	1.000055	0.000527	-1.347200	-0.000527	1.000055	0.333419	
3667	1.000068	0.000555	-1.423347	-0.000555	1.000068	0.280413	
3668	0.999854	0.000925	-1.930339	-0.000925	0.999854	0.622066	
3669	1.000192	0.000640	-1.520507	-0.000640	1.000192	0.369909	
3670	1.000088	0.000715	-1.490370	-0.000715	1.000088	0.495234	
3671	0.999795	0.001054	-2.126761	-0.001054	0.999795	0.910553	
3672	1.000024	0.000682	-1.463047	-0.000682	1.000024	0.501125	
3673	0.999855	0.001075	-2.074578	-0.001075	0.999855	0.806475	
3674	1.000080	0.000684	-1.451552	-0.000684	1.000080	0.382054	
3675	1.000072	0.000636	-1.369946	-0.000636	1.000072	0.351632	
