0	1.000000	0.000000	0.000000	0.000000	1.000000	0.000000	
1	1.001084	0.000121	-0.845030	-0.000121	1.001084	-2.416049	
2	1.001175	-0.000081	-0.198472	0.000081	1.001175	-1.860297	
3	1.000565	-0.000419	-0.118932	0.000419	1.000565	-0.779830	
4	1.001027	0.000151	-0.581460	-0.000151	1.001027	-0.793441	
5	1.000735	0.000149	-0.047171	-0.000149	1.000735	-0.732050	
6	1.000603	-0.000129	0.735733	0.000129	1.000603	-0.289467	
7	1.001521	0.000234	-1.310580	-0.000234	1.001521	-0.737623	
8	1.001053	-0.000518	0.028625	0.000518	1.001053	-0.516877	
9	1.000119	-0.000007	0.743320	0.000007	1.000119	1.688880	
10	1.000978	-0.000281	0.043820	0.000281	1.000978	0.694326	
11	1.000880	0.000554	0.136632	-0.000554	1.000880	1.444391	
12	1.001415	0.000358	-0.912113	-0.000358	1.001415	0.263016	
13	1.000095	0.000273	0.741909	-0.000273	1.000095	0.979130	
14	1.001449	-0.000005	-0.561319	0.000005	1.001449	0.154655	
15	1.000690	-0.000076	-0.638543	0.000076	1.000690	0.267190	
16	1.001308	-0.000182	-0.690558	0.000182	1.001308	0.704528	
17	1.000233	0.000119	1.200157	-0.000119	1.000233	0.390159	
18	1.002369	0.000116	-2.090512	-0.000116	1.002369	-0.269943	
19	1.000653	0.000084	-0.227725	-0.000084	1.000653	-0.941506	
20	1.002319	-0.000140	-1.803293	0.000140	1.002319	-0.750070	
21	1.000592	-0.000587	-0.499160	0.000587	1.000592	-0.842247	
22	1.001090	-0.000234	-0.325669	0.000234	1.001090	-1.479856	
23	1.000840	-0.000050	-0.184586	0.000050	1.000840	0.362233	
24	1.000711	-0.000054	-0.576878	0.000054	1.000711	-1.182676	
25	1.000467	0.000046	-0.298934	-0.000046	1.000467	0.170988	
26	1.001336	-0.000129	-0.060935	0.000129	1.001336	0.097449	
27	1.000718	-0.000216	-0.083929	0.000216	1.000718	0.014011	
28	1.001050	-0.000314	0.109210	0.000314	1.001050	-0.978217	
29	1.000534	-0.000181	-0.070470	0.000181	1.000534	-0.082135	
30	1.000585	-0.000243	-0.023886	0.000243	1.000585	-0.434573	
31	1.000385	-0.000449	0.833529	0.000449	1.000385	-0.684210	
32	1.000474	-0.000202	-0.086204	0.000202	1.000474	-0.009483	
33	1.000643	-0.000164	-0.357353	0.000164	1.000643	-0.512684	
34	1.001241	-0.000492	-0.114084	0.000492	1.001241	-1.007761	
35	1.000847	-0.000112	-1.419587	0.000112	1.000847	0.467499	
36	1.001232	-0.000183	-0.831654	0.000183	1.001232	-1.240459	
37	1.000305	-0.000136	-0.585822	0.000136	1.000305	0.075770	
38	1.000952	0.000009	-0.233514	-0.000009	1.000952	0.216470	
39	1.000306	-0.000113	0.699043	0.000113	1.000306	0.390654	
40	1.001649	-0.000025	-1.936111	0.000025	1.001649	0.105861	
41	1.000160	0.000109	0.216530	-0.000109	1.000160	0.492286	
42	1.001118	-0.000135	-1.172714	0.000135	1.001118	0.140613	
43	1.001027	-0.000523	-0.992956	0.000523	1.001027	0.113733	
44	1.000911	-0.000040	-0.746360	0.000040	1.000911	0.254383	
45	1.000413	-0.000139	-0.106194	0.000139	1.000413	0.807075	
46	1.000879	-0.000188	-1.549399	0.000188	1.000879	-0.159534	
47	1.000498	-0.000418	-0.130903	0.000418	1.000498	-0.755082	
48	1.000828	-0.000056	-0.341819	0.000056	1.000828	-0.162380	
49	1.000347	0.000056	-0.129923	-0.000056	1.000347	0.642396	
50	1.000783	-0.000227	-0.562940	0.000227	1.000783	0.261617	
51	1.000528	0.000227	-1.043457	-0.000227	1.000528	1.540895	
52	1.001018	0.000292	-0.336562	-0.000292	1.001018	0.273244	
53	1.000319	0.000529	-0.362972	-0.000529	1.000319	1.182835	
54	1.000541	0.000460	-0.580807	-0.000460	1.000541	0.966737	
55	1.000231	0.000365	0.172233	-0.000365	1.000231	1.534430	
56	1.000990	0.000025	-1.608269	-0.000025	1.000990	0.591575	
57	1.000245	0.000095	-1.141204	-0.000095	1.000245	1.806285	
58	1.001253	-0.000007	-2.455167	0.000007	1.001253	0.829594	
59	1.000167	0.000084	0.041516	-0.000084	1.000167	0.590721	
60	1.000863	-0.000207	-1.165287	0.000207	1.000863	1.278187	
61	0.999997	0.000224	0.366394	-0.000224	0.999997	1.327134	
62	1.000809	-0.000493	-0.579253	0.000493	1.000809	0.485416	
63	0.999839	0.000126	-0.508125	-0.000126	0.999839	2.000851	
64	1.000944	0.000285	-0.653455	-0.000285	1.000944	0.721894	
65	1.000106	0.000366	0.172520	-0.000366	1.000106	1.448723	
66	1.000352	-0.000174	-0.028408	0.000174	1.000352	1.340386	
67	0.999803	0.000665	-0.213455	-0.000665	0.999803	1.923496	
68	1.000409	-0.000085	0.014451	0.000085	1.000409	0.990492	
69	1.000114	0.000637	0.209390	-0.000637	1.000114	1.972427	
70	1.000501	-0.000034	0.184606	0.000034	1.000501	0.798608	
71	0.999841	-0.000275	0.495098	0.000275	0.999841	2.266254	
72	1.000493	-0.000140	-1.094392	0.000140	1.000493	2.099974	
73	0.999833	-0.000070	-0.194315	0.000070	0.999833	1.927520	
74	1.000378	0.000277	0.660643	-0.000277	1.000378	1.170730	
75	1.000015	0.000064	1.009052	-0.000064	1.000015	1.061887	
76	1.000721	0.000133	-0.776338	-0.000133	1.000721	1.720977	
77	0.999938	0.000047	-0.322009	-0.000047	0.999938	2.264633	
78	1.000876	0.000213	-0.227818	-0.000213	1.000876	1.302348	
79	0.999775	-0.000279	0.230230	0.000279	0.999775	2.182024	
80	1.000930	-0.000087	-1.141351	0.000087	1.000930	1.450606	
81	1.000090	0.000186	0.413849	-0.000186	1.000090	0.984859	
82	1.000469	-0.000261	-0.337907	0.000261	1.000469	0.860268	
83	1.000002	0.000251	0.532328	-0.000251	1.000002	1.885044	
84	1.000544	-0.000118	-0.264342	0.000118	1.000544	1.006049	
85	0.999977	-0.000056	-0.538173	0.000056	0.999977	2.243581	
86	1.000507	-0.000229	0.172720	0.000229	1.000507	1.478456	
87	0.999834	0.000103	0.762783	-0.000103	0.999834	1.618356	
88	1.000576	-0.000004	-0.819421	0.000004	1.000576	1.530281	
89	0.999761	0.000143	-0.187382	-0.000143	0.999761	1.609135	
90	1.000443	0.000105	-0.249093	-0.000105	1.000443	0.470123	
91	1.000042	-0.000016	0.363058	0.000016	1.000042	2.165326	
92	1.000420	0.000219	0.338162	-0.000219	1.000420	1.254549	
93	0.999865	0.000125	-0.378371	-0.000125	0.999865	2.342394	
94	1.000483	-0.000122	-0.339478	0.000122	1.000483	1.824698	
95	1.000023	0.000257	0.368885	-0.000257	1.000023	0.823844	
96	1.000246	-0.000049	-0.026284	0.000049	1.000246	1.832411	
97	0.999764	0.000074	0.366145	-0.000074	0.999764	2.744562	
98	1.000633	0.000361	0.030021	-0.000361	1.000633	0.216058	
99	0.999943	0.000151	0.502723	-0.000151	0.999943	1.318904	
100	1.000472	0.000080	0.586347	-0.000080	1.000472	1.900235	
101	0.999927	-0.000053	0.114859	0.000053	0.999927	0.456378	
102	1.000898	-0.000481	-0.546688	0.000481	1.000898	0.790244	
103	0.999986	0.000069	0.848100	-0.000069	0.999986	1.358757	
104	1.000407	-0.000234	-0.241451	0.000234	1.000407	0.596339	
105	1.000115	-0.000212	-0.198020	0.000212	1.000115	1.730777	
106	1.000502	0.000085	-0.137767	-0.000085	1.000502	1.106780	
107	0.999977	-0.000068	-0.396614	0.000068	0.999977	0.962852	
108	1.000670	0.000190	-0.703231	-0.000190	1.000670	0.790896	
109	1.000078	0.000025	0.106064	-0.000025	1.000078	1.310446	
110	1.000576	-0.000063	-0.705469	0.000063	1.000576	1.607086	
111	0.999912	0.000386	-0.345990	-0.000386	0.999912	1.972541	
112	1.000774	0.000163	-0.153067	-0.000163	1.000774	-0.345465	
113	1.000220	0.000292	-0.203521	-0.000292	1.000220	1.580458	
114	1.000553	0.000045	0.229894	-0.000045	1.000553	0.448061	
115	1.000090	0.000057	-0.020854	-0.000057	1.000090	0.429597	
116	1.000569	-0.000064	-0.634426	0.000064	1.000569	0.473721	
117	0.999904	0.000163	0.299243	-0.000163	0.999904	0.710182	
118	1.000388	-0.000082	-0.440912	0.000082	1.000388	0.531908	
119	0.999991	0.000271	0.308366	-0.000271	0.999991	0.861776	
120	1.000538	0.000002	-0.361430	-0.000002	1.000538	-0.096634	
121	1.000253	0.000275	-0.970138	-0.000275	1.000253	0.801424	
122	1.000500	0.000450	0.404600	-0.000450	1.000500	0.875527	
123	1.000068	0.000202	-0.129553	-0.000202	1.000068	0.436387	
124	1.000707	0.000318	-0.783727	-0.000318	1.000707	0.334161	
125	1.000359	0.000499	-0.159643	-0.000499	1.000359	1.158163	
126	1.000564	0.000088	-0.484243	-0.000088	1.000564	0.059386	
127	1.000284	0.000165	-0.050081	-0.000165	1.000284	0.474744	
128	1.000493	0.000050	-0.225919	-0.000050	1.000493	0.002229	
129	1.000220	-0.000021	-0.055373	0.000021	1.000220	0.075670	
130	1.000624	-0.000226	-0.456627	0.000226	1.000624	-0.281121	
131	1.000067	0.000062	0.365550	-0.000062	1.000067	0.126288	
132	1.000594	-0.000040	-0.435737	0.000040	1.000594	-0.713720	
133	1.000273	-0.000032	-0.092349	0.000032	1.000273	0.361260	
134	1.000521	0.000275	-0.104151	-0.000275	1.000521	0.506342	
135	1.000350	0.000213	-0.061726	-0.000213	1.000350	0.133456	
136	1.000575	0.000588	-0.649571	-0.000588	1.000575	-0.033971	
137	1.000336	0.000112	-0.247881	-0.000112	1.000336	0.318536	
138	1.000612	0.000225	-0.564679	-0.000225	1.000612	0.419781	
139	1.000098	0.000141	-0.491270	-0.000141	1.000098	0.035744	
140	1.000707	0.000624	-0.858268	-0.000624	1.000707	-0.146952	
141	1.000551	-0.000124	-0.200343	0.000124	1.000551	-0.399348	
142	1.000535	0.000006	-0.212232	-0.000006	1.000535	0.272881	
143	1.000245	0.000274	-0.258563	-0.000274	1.000245	-0.410944	
144	1.000689	-0.000233	-0.359201	0.000233	1.000689	-1.221317	
145	1.000434	0.000152	-0.363033	-0.000152	1.000434	0.288740	
146	1.000484	-0.000181	-0.426724	0.000181	1.000484	-0.230683	
147	1.000430	0.000034	-0.039810	-0.000034	1.000430	-0.014328	
148	1.000656	0.000463	-0.821987	-0.000463	1.000656	-0.191780	
149	1.000538	0.000372	-0.648140	-0.000372	1.000538	-0.360535	
150	1.000525	0.000169	-0.272548	-0.000169	1.000525	0.357653	
151	1.000649	0.000347	-0.585724	-0.000347	1.000649	0.140728	
152	1.000537	0.000098	-0.263525	-0.000098	1.000537	-0.033136	
153	1.000448	-0.000047	-0.729266	0.000047	1.000448	-0.583552	
154	1.000134	0.000327	-0.132319	-0.000327	1.000134	0.250165	
155	1.000392	-0.000120	-0.373376	0.000120	1.000392	-0.302867	
156	1.000335	0.000061	-0.191521	-0.000061	1.000335	0.059916	
157	1.000404	-0.000216	-0.392093	0.000216	1.000404	-1.341214	
158	1.000627	-0.000101	-0.609277	0.000101	1.000627	-0.206261	
159	1.000152	-0.000113	0.311182	0.000113	1.000152	-0.285846	
160	1.000832	-0.000054	-1.310629	0.000054	1.000832	-0.286053	
161	1.000159	0.000015	0.502003	-0.000015	1.000159	-0.018056	
162	1.000854	0.000251	-0.531697	-0.000251	1.000854	-0.255102	
163	1.000464	-0.000214	-0.331334	0.000214	1.000464	-0.282994	
164	1.000658	0.000154	-0.243462	-0.000154	1.000658	-0.026780	
165	1.000274	0.000001	-0.411331	-0.000001	1.000274	0.227144	
166	1.000732	0.000204	0.091211	-0.000204	1.000732	0.016009	
167	1.000417	-0.000035	0.116074	0.000035	1.000417	-0.173354	
168	1.000590	-0.000204	-1.004993	0.000204	1.000590	-0.088642	
169	1.000151	-0.000169	-0.125079	0.000169	1.000151	-0.006395	
170	1.000661	0.000383	-0.141065	-0.000383	1.000661	-0.318683	
171	1.000373	0.000273	-0.249958	-0.000273	1.000373	-1.217523	
172	1.000847	0.000076	-0.706568	-0.000076	1.000847	0.362069	
173	1.000266	0.000161	0.181809	-0.000161	1.000266	0.647368	
174	1.000921	0.000358	-0.517981	-0.000358	1.000921	-0.693036	
175	1.000672	0.000121	-0.480454	-0.000121	1.000672	0.077258	
176	1.000904	-0.000287	-0.901884	0.000287	1.000904	0.659151	
177	1.000221	0.000452	-0.236430	-0.000452	1.000221	1.093145	
178	1.000896	-0.000060	-0.287641	0.000060	1.000896	-0.728923	
179	1.000439	0.000371	-0.564325	-0.000371	1.000439	0.904232	
180	1.000719	0.000013	-0.304312	-0.000013	1.000719	-0.004158	
181	1.000419	0.000283	-0.045246	-0.000283	1.000419	1.006681	
182	1.000706	0.000189	-0.639984	-0.000189	1.000706	0.806018	
183	1.000429	0.000025	-0.688442	-0.000025	1.000429	0.777376	
184	1.000959	0.000236	-0.753424	-0.000236	1.000959	0.470732	
185	1.000438	0.000517	-0.199127	-0.000517	1.000438	0.752151	
186	1.000905	0.000252	-0.501854	-0.000252	1.000905	-0.046021	
187	1.000628	-0.000205	-0.332905	0.000205	1.000628	1.287391	
188	1.000966	0.000152	-1.483664	-0.000152	1.000966	0.535772	
189	1.000286	0.000413	-0.136875	-0.000413	1.000286	1.788345	
190	1.000943	-0.000083	-0.356062	0.000083	1.000943	0.163050	
191	1.000224	0.000189	0.699172	-0.000189	1.000224	0.342700	
192	1.000781	0.000031	-0.852106	-0.000031	1.000781	0.324054	
193	1.000347	-0.000002	-0.060874	0.000002	1.000347	1.485344	
194	1.000470	0.000008	-0.063357	-0.000008	1.000470	0.695202	
195	1.000208	0.000156	-0.081511	-0.000156	1.000208	1.887877	
196	1.000653	0.000515	-0.729512	-0.000515	1.000653	1.790671	
197	1.000396	-0.000068	-1.166167	0.000068	1.000396	1.209230	
198	1.001091	0.000619	-0.727812	-0.000619	1.001091	1.974445	
199	0.999921	0.000086	0.011775	-0.000086	0.999921	2.056836	
200	1.001053	0.000462	-1.559684	-0.000462	1.001053	1.272842	
201	1.000129	0.000700	-0.676778	-0.000700	1.000129	2.736373	
202	1.000717	0.000493	-0.847064	-0.000493	1.000717	0.954761	
203	1.000429	0.000294	-0.667791	-0.000294	1.000429	2.106837	
204	1.000721	0.000436	-0.518202	-0.000436	1.000721	2.120980	
205	1.000219	0.000310	-0.285453	-0.000310	1.000219	1.800481	
206	1.000770	0.000121	-1.442861	-0.000121	1.000770	2.032655	
207	0.999966	0.000151	0.182782	-0.000151	0.999966	2.582519	
208	1.000719	-0.000048	-0.688710	0.000048	1.000719	0.864327	
209	1.000104	0.000413	-0.683135	-0.000413	1.000104	2.844335	
210	1.000885	0.000266	-0.466444	-0.000266	1.000885	2.224439	
211	1.000390	0.000119	-0.461654	-0.000119	1.000390	2.233984	
212	1.000919	0.000070	-1.000030	-0.000070	1.000919	2.275691	
213	1.000264	-0.000088	0.020376	0.000088	1.000264	1.957241	
214	1.000715	0.000300	-0.699275	-0.000300	1.000715	2.779472	
215	1.000321	0.000241	-1.605370	-0.000241	1.000321	2.050879	
216	1.000870	0.000013	-1.424201	-0.000013	1.000870	2.406553	
217	1.000299	0.000044	-2.049719	-0.000044	1.000299	2.417645	
218	1.000989	0.000069	-0.949627	-0.000069	1.000989	2.002630	
219	1.000437	0.000013	0.125353	-0.000013	1.000437	2.748439	
220	1.001355	0.000148	-1.494428	-0.000148	1.001355	2.103712	
221	1.000619	0.000521	-0.254954	-0.000521	1.000619	2.586852	
222	1.001147	0.000290	-0.633276	-0.000290	1.001147	2.644307	
223	1.000432	0.000403	-0.827037	-0.000403	1.000432	3.391154	
224	1.001249	0.000653	-1.303122	-0.000653	1.001249	2.295272	
225	1.000566	0.000824	-0.652469	-0.000824	1.000566	1.759173	
226	1.000894	-0.000132	-1.154775	0.000132	1.000894	2.997044	
227	1.000292	0.000271	0.004169	-0.000271	1.000292	2.224807	
228	1.000932	0.000527	-0.770824	-0.000527	1.000932	1.567745	
229	1.000556	0.000366	-0.212355	-0.000366	1.000556	2.224421	
230	1.000832	0.000639	-0.565324	-0.000639	1.000832	1.938012	
231	1.000523	0.000204	-1.089859	-0.000204	1.000523	1.412088	
232	1.000716	0.000372	-0.806054	-0.000372	1.000716	0.998942	
233	1.000430	0.000119	-0.553822	-0.000119	1.000430	1.858868	
234	1.000889	0.000347	-1.347097	-0.000347	1.000889	1.691139	
235	1.000363	0.000221	-0.307122	-0.000221	1.000363	1.543772	
236	1.000730	0.000165	-0.902552	-0.000165	1.000730	2.120973	
237	1.000120	0.000591	-0.737632	-0.000591	1.000120	2.017909	
238	1.000792	0.000164	-0.375894	-0.000164	1.000792	0.771565	
239	1.000152	0.000076	0.060780	-0.000076	1.000152	1.135603	
240	1.000546	0.000445	-0.746547	-0.000445	1.000546	1.288411	
241	1.000113	-0.000400	0.102328	0.000400	1.000113	0.784018	
242	1.000541	0.000063	-0.098926	-0.000063	1.000541	1.354740	
243	1.000282	0.000297	-0.528617	-0.000297	1.000282	1.669363	
244	1.001384	0.000338	-1.024643	-0.000338	1.001384	0.648332	
245	1.000143	0.000327	-0.872733	-0.000327	1.000143	1.590116	
246	1.001312	0.000579	-0.716530	-0.000579	1.001312	0.439087	
247	1.000377	0.000213	-0.735219	-0.000213	1.000377	1.074930	
248	1.000953	0.000149	-0.788749	-0.000149	1.000953	0.763251	
249	1.000231	0.000049	-0.378396	-0.000049	1.000231	0.831119	
250	1.000716	-0.000166	-0.385161	0.000166	1.000716	0.473501	
251	1.000235	0.000114	-0.210020	-0.000114	1.000235	1.433692	
252	1.000886	0.000010	-1.029809	-0.000010	1.000886	-0.326051	
253	1.000545	-0.000139	-1.130867	0.000139	1.000545	0.364296	
254	1.000471	-0.000525	0.636817	0.000525	1.000471	0.638676	
255	1.000409	0.000163	0.000889	-0.000163	1.000409	0.604401	
256	1.000642	0.000197	-1.384977	-0.000197	1.000642	0.305991	
257	1.000609	0.000029	-0.237272	-0.000029	1.000609	0.597040	
258	1.000505	0.000486	-0.400264	-0.000486	1.000505	0.905301	
259	1.001593	0.000576	-1.642432	-0.000576	1.001593	0.395775	
260	1.001148	0.000618	-0.852703	-0.000618	1.001148	0.807935	
261	1.000604	0.000096	-0.660292	-0.000096	1.000604	0.279930	
262	1.000635	0.000268	-0.805512	-0.000268	1.000635	0.809253	
263	1.000456	0.000071	-0.338494	-0.000071	1.000456	0.756901	
264	1.000390	0.000245	-0.524267	-0.000245	1.000390	0.751818	
265	1.000616	0.000540	-0.677812	-0.000540	1.000616	0.106056	
266	1.001011	0.000252	-0.648791	-0.000252	1.001011	0.151947	
267	1.000865	0.000191	-0.831795	-0.000191	1.000865	0.084958	
268	1.000613	0.000072	-0.440811	-0.000072	1.000613	0.003463	
269	1.000724	0.000152	-0.850016	-0.000152	1.000724	0.167562	
270	1.000957	0.000188	-0.744574	-0.000188	1.000957	-0.009416	
271	1.000711	0.000100	-0.739694	-0.000100	1.000711	0.164133	
272	1.000951	0.000458	-1.509952	-0.000458	1.000951	0.584662	
273	1.000564	0.000206	-0.325892	-0.000206	1.000564	0.117386	
274	1.000936	0.000197	-0.763371	-0.000197	1.000936	0.310335	
275	1.001245	-0.000081	-1.338729	0.000081	1.001245	-0.213428	
276	1.000804	-0.000015	-0.638053	0.000015	1.000804	-0.116237	
277	1.001134	0.000118	-1.398432	-0.000118	1.001134	0.218725	
278	1.000594	0.000164	-0.013102	-0.000164	1.000594	-1.187977	
279	1.000653	-0.000115	-0.320498	0.000115	1.000653	0.085681	
280	1.000569	0.000158	-0.563696	-0.000158	1.000569	0.092313	
281	1.000554	0.000292	-0.627908	-0.000292	1.000554	0.072769	
282	1.000819	0.000096	-0.204667	-0.000096	1.000819	-0.197429	
283	1.000671	0.000043	-0.584548	-0.000043	1.000671	0.054789	
284	1.001339	0.000314	-1.470853	-0.000314	1.001339	0.163465	
285	1.000677	0.000570	-1.176986	-0.000570	1.000677	0.253495	
286	1.000884	0.000387	-0.379047	-0.000387	1.000884	-0.306634	
287	1.001251	0.000030	-1.071917	-0.000030	1.001251	-0.564665	
288	1.000831	0.000385	-1.069566	-0.000385	1.000831	-0.220807	
289	1.000902	0.000127	-0.440449	-0.000127	1.000902	-0.160622	
290	1.000701	0.000077	-0.604971	-0.000077	1.000701	-0.568100	
291	1.001058	-0.000021	-1.019241	0.000021	1.001058	-0.566476	
292	1.000950	0.000506	-0.509518	-0.000506	1.000950	0.561758	
293	1.000971	-0.000243	-0.337127	0.000243	1.000971	-1.191212	
294	1.001133	0.000162	-1.057368	-0.000162	1.001133	-0.229296	
295	1.000615	0.000249	-0.438894	-0.000249	1.000615	-0.480787	
296	1.001265	-0.000105	-0.309192	0.000105	1.001265	-0.353878	
297	1.000670	0.000163	-0.742808	-0.000163	1.000670	0.043627	
298	1.001118	0.000497	-1.248863	-0.000497	1.001118	0.094764	
299	1.000573	0.000154	-0.093733	-0.000154	1.000573	0.332654	
300	1.000916	0.000227	-0.620045	-0.000227	1.000916	-0.360360	
301	1.000842	0.000315	-1.111775	-0.000315	1.000842	-0.635041	
302	1.001069	0.000248	-0.938684	-0.000248	1.001069	-0.150194	
303	1.000695	-0.000207	-0.366119	0.000207	1.000695	-0.354453	
304	1.001625	0.000245	-1.889654	-0.000245	1.001625	-0.138081	
305	1.001408	0.000333	-1.826426	-0.000333	1.001408	-0.100524	
306	1.001346	0.000197	-0.739991	-0.000197	1.001346	-0.922693	
307	1.000645	0.000022	-0.656370	-0.000022	1.000645	-0.162048	
308	1.001042	0.000044	-0.811411	-0.000044	1.001042	-0.811795	
309	1.000473	0.000219	0.006924	-0.000219	1.000473	-0.216779	
310	1.001128	-0.000275	-1.292070	0.000275	1.001128	-0.279203	
311	1.000661	-0.000242	-1.018819	0.000242	1.000661	0.019754	
312	1.001028	0.000115	-0.579283	-0.000115	1.001028	-0.277413	
313	1.000581	0.000016	0.274104	-0.000016	1.000581	0.349521	
314	1.001123	0.000051	-0.817277	-0.000051	1.001123	-0.188733	
315	1.000629	0.000326	-1.059225	-0.000326	1.000629	0.305265	
316	1.001215	-0.000033	-0.995788	0.000033	1.001215	-0.647263	
317	1.000579	0.000357	-0.861525	-0.000357	1.000579	0.233658	
318	1.001280	0.000223	-1.018191	-0.000223	1.001280	0.043363	
319	1.000821	0.000018	0.201814	-0.000018	1.000821	0.066069	
320	1.000924	0.000189	-0.981521	-0.000189	1.000924	0.252832	
321	1.000878	0.000022	-0.387497	-0.000022	1.000878	-0.423705	
322	1.001871	0.000371	-2.053027	-0.000371	1.001871	-0.420545	
323	1.000644	0.000164	-0.447109	-0.000164	1.000644	0.691939	
324	1.001112	-0.000427	-0.517119	0.000427	1.001112	-0.991726	
325	1.000787	0.000050	-1.079403	-0.000050	1.000787	-0.136839	
326	1.001352	-0.000164	-0.636732	0.000164	1.001352	-0.675778	
327	1.000713	0.000120	-0.781873	-0.000120	1.000713	0.432856	
328	1.000931	0.000091	-0.660406	-0.000091	1.000931	-0.904591	
329	1.000756	-0.000138	-0.899568	0.000138	1.000756	0.012038	
330	1.000823	0.000035	-0.045794	-0.000035	1.000823	-0.146401	
331	1.000846	-0.000116	-0.570810	0.000116	1.000846	-0.199714	
332	1.000978	0.000135	-1.117853	-0.000135	1.000978	-0.796196	
333	1.001048	0.000038	-1.025168	-0.000038	1.001048	-0.245497	
334	1.001601	-0.000169	-1.998429	0.000169	1.001601	-0.489874	
335	1.000975	-0.000152	-1.330171	0.000152	1.000975	-0.279128	
336	1.001097	-0.000121	-0.500125	0.000121	1.001097	-0.669096	
337	0.999969	0.000117	0.728041	-0.000117	0.999969	0.616544	
338	1.001185	-0.000012	-0.963563	0.000012	1.001185	-0.271769	
339	1.000758	-0.000028	-0.714661	0.000028	1.000758	-0.341892	
340	1.001012	-0.000077	-1.072320	0.000077	1.001012	-0.152912	
341	1.000667	-0.000005	-0.738553	0.000005	1.000667	0.568930	
342	1.001428	-0.000173	-1.118438	0.000173	1.001428	-0.444408	
343	1.000945	-0.000062	-0.661591	0.000062	1.000945	0.025447	
344	1.000963	-0.000092	-0.753166	0.000092	1.000963	-0.150516	
345	1.000935	0.000137	-0.445029	-0.000137	1.000935	-0.781508	
346	1.001423	-0.000234	-1.661210	0.000234	1.001423	-0.611105	
347	1.000621	-0.000223	0.031034	0.000223	1.000621	0.422614	
348	1.000739	-0.000147	-0.645385	0.000147	1.000739	-0.323432	
349	1.000498	0.000061	0.056637	-0.000061	1.000498	0.655591	
350	1.001535	-0.000116	0.225211	0.000116	1.001535	-1.363530	
351	1.000519	0.000035	0.075626	-0.000035	1.000519	-0.314564	
352	1.001451	-0.000248	-2.059535	0.000248	1.001451	0.097507	
353	1.000662	-0.000238	-0.408593	0.000238	1.000662	0.262538	
354	1.001414	-0.000077	-0.622813	0.000077	1.001414	-1.053024	
355	1.000841	-0.000099	-0.095257	0.000099	1.000841	-0.619055	
356	1.001634	0.000380	-0.894554	-0.000380	1.001634	-0.002881	
357	1.001007	0.000081	-0.424434	-0.000081	1.001007	0.356117	
358	1.001203	0.000016	-1.349766	-0.000016	1.001203	-0.011859	
359	1.001079	0.000153	-0.329291	-0.000153	1.001079	0.392568	
360	1.001488	0.000335	-1.480095	-0.000335	1.001488	-0.484641	
361	1.000521	0.000106	-0.883371	-0.000106	1.000521	0.104666	
362	1.001224	0.000064	-1.180154	-0.000064	1.001224	0.237950	
363	1.000545	-0.000043	-0.004173	0.000043	1.000545	0.044231	
364	1.001430	0.000437	-0.958250	-0.000437	1.001430	-0.200484	
365	1.000937	0.000117	-0.565481	-0.000117	1.000937	0.331793	
366	1.001454	-0.000359	-1.233501	0.000359	1.001454	-0.201473	
367	1.000894	-0.000071	-0.252258	0.000071	1.000894	-0.052633	
368	1.001379	0.000194	-0.966171	-0.000194	1.001379	-0.158467	
369	1.000674	0.000092	-0.571412	-0.000092	1.000674	0.229811	
370	1.001121	0.000412	-0.929599	-0.000412	1.001121	0.438956	
371	1.000923	0.000404	-0.688456	-0.000404	1.000923	0.398276	
372	1.001801	0.000050	-1.709637	-0.000050	1.001801	-0.058771	
373	1.000866	0.000215	-1.268211	-0.000215	1.000866	0.675193	
374	1.001318	0.000126	-1.076437	-0.000126	1.001318	-0.330559	
375	1.000998	0.000052	-0.934858	-0.000052	1.000998	0.349214	
376	1.001797	-0.000099	-1.247189	0.000099	1.001797	0.353960	
377	1.000542	0.000050	-0.507610	-0.000050	1.000542	0.384798	
378	1.001193	0.000265	-1.091538	-0.000265	1.001193	0.176199	
379	1.001128	0.000173	-0.536342	-0.000173	1.001128	-0.081887	
380	1.001284	0.000073	-1.333006	-0.000073	1.001284	-0.026208	
381	1.000394	0.000233	0.007306	-0.000233	1.000394	0.395591	
382	1.002335	-0.000251	-1.699445	0.000251	1.002335	-0.521359	
383	1.001066	-0.000012	-0.852126	0.000012	1.001066	-0.307607	
384	1.001694	0.000222	-1.335108	-0.000222	1.001694	-0.046388	
385	1.000746	0.000094	-0.702893	-0.000094	1.000746	-0.032777	
386	1.001006	0.000065	-0.629788	-0.000065	1.001006	-0.049747	
387	1.001233	0.000126	-1.619068	-0.000126	1.001233	0.373084	
388	1.000315	0.000077	-0.230053	-0.000077	1.000315	0.027965	
389	1.000808	0.000293	-1.050764	-0.000293	1.000808	-0.166039	
390	1.001747	0.000133	-1.462989	-0.000133	1.001747	0.104835	
391	1.000965	0.000072	-0.847466	-0.000072	1.000965	0.351205	
392	1.000895	0.000154	-0.722648	-0.000154	1.000895	0.035096	
393	1.001338	0.000072	-1.322215	-0.000072	1.001338	-0.029540	
394	1.001454	0.000080	-1.216150	-0.000080	1.001454	0.175378	
395	1.001029	0.000354	-0.528977	-0.000354	1.001029	0.229617	
396	1.001024	-0.000093	-0.753213	0.000093	1.001024	-0.271919	
397	1.000964	0.000148	-1.201028	-0.000148	1.000964	-0.115116	
398	1.001424	0.000128	-0.899757	-0.000128	1.001424	0.042574	
399	1.000543	0.000056	-0.179983	-0.000056	1.000543	-0.128939	
400	1.001095	0.000144	-1.280635	-0.000144	1.001095	0.176573	
401	1.001420	0.000047	-1.405414	-0.000047	1.001420	-0.285416	
402	1.001212	0.000193	-1.257593	-0.000193	1.001212	0.199093	
403	1.001674	0.000018	-1.304583	-0.000018	1.001674	-0.506539	
404	1.001683	0.000074	-1.535723	-0.000074	1.001683	-0.128711	
405	1.001082	0.000325	-1.959386	-0.000325	1.001082	-0.113531	
406	1.001664	-0.000338	-1.781582	0.000338	1.001664	-0.193692	
407	1.000732	-0.000003	-0.602227	0.000003	1.000732	0.127055	
408	1.000935	-0.000192	-0.902724	0.000192	1.000935	-0.478812	
409	1.001401	-0.000013	-1.213840	0.000013	1.001401	-0.863206	
410	1.000853	-0.000130	0.066911	0.000130	1.000853	0.333454	
411	1.000670	0.000103	-0.669745	-0.000103	1.000670	0.198120	
412	1.000894	-0.000042	-0.839759	0.000042	1.000894	-0.263193	
413	1.001298	-0.000123	-1.585079	0.000123	1.001298	-0.152915	
414	1.001000	-0.000033	-1.164355	0.000033	1.001000	0.102961	
415	1.000464	-0.000183	-0.294958	0.000183	1.000464	-0.023208	
416	1.001213	-0.000025	-1.546394	0.000025	1.001213	-0.246990	
417	1.000993	0.000083	-1.522269	-0.000083	1.000993	-0.156209	
418	1.000562	-0.000217	-0.395892	0.000217	1.000562	0.036383	
419	1.000726	0.000024	-1.132937	-0.000024	1.000726	0.044067	
420	1.001143	0.000294	-0.934599	-0.000294	1.001143	-0.120109	
421	1.000704	-0.000180	-0.878385	0.000180	1.000704	-0.403939	
422	1.001134	-0.000106	-0.637470	0.000106	1.001134	-0.198678	
423	1.000681	0.000008	-0.956561	-0.000008	1.000681	0.095114	
424	1.000875	-0.000099	-1.157514	0.000099	1.000875	-0.168135	
425	1.000531	-0.000175	-0.442207	0.000175	1.000531	0.728773	
426	1.001126	-0.000219	-1.036220	0.000219	1.001126	-0.116442	
427	1.000906	0.000145	-0.930727	-0.000145	1.000906	0.332284	
428	1.001139	0.000157	-0.684030	-0.000157	1.001139	0.151024	
429	1.000628	0.000160	-1.237219	-0.000160	1.000628	1.042534	
430	1.001650	0.000090	-2.584106	-0.000090	1.001650	-0.032021	
431	1.000759	-0.000162	-1.168626	0.000162	1.000759	0.868799	
432	1.001293	0.000421	-1.182885	-0.000421	1.001293	-0.026071	
433	1.001015	0.000300	-1.154338	-0.000300	1.001015	-0.053462	
434	1.001382	0.000280	-1.451979	-0.000280	1.001382	0.292829	
435	1.000710	0.000048	-0.730985	-0.000048	1.000710	0.118003	
436	1.001317	0.000255	-1.686852	-0.000255	1.001317	0.521527	
437	1.000461	0.000054	-0.529106	-0.000054	1.000461	0.276474	
438	1.000854	-0.000142	-0.252406	0.000142	1.000854	0.043017	
439	1.000422	0.000080	-0.465407	-0.000080	1.000422	0.160074	
440	1.000566	0.000131	-0.633257	-0.000131	1.000566	0.381945	
441	1.000237	-0.000001	-0.196252	0.000001	1.000237	0.923725	
442	1.000925	0.000130	-0.704076	-0.000130	1.000925	0.072327	
443	1.000683	0.000079	-0.464161	-0.000079	1.000683	0.218109	
444	1.001061	0.000289	-1.552542	-0.000289	1.001061	0.961606	
445	1.000335	0.000453	-0.314223	-0.000453	1.000335	0.525423	
446	1.000931	0.000046	-1.146530	-0.000046	1.000931	0.017816	
447	1.000660	0.000191	-0.752910	-0.000191	1.000660	0.486468	
448	1.001085	0.000162	-0.916732	-0.000162	1.001085	0.333737	
449	1.000639	0.000050	-0.896009	-0.000050	1.000639	0.193967	
450	1.001159	0.000077	-0.985689	-0.000077	1.001159	0.034287	
451	1.000564	0.000351	-1.292896	-0.000351	1.000564	0.876085	
452	1.000761	-0.000160	-0.617142	0.000160	1.000761	0.260364	
453	1.000647	0.000300	-0.844892	-0.000300	1.000647	0.796001	
454	1.001346	0.000369	-1.065559	-0.000369	1.001346	0.501798	
455	1.000785	0.000172	-1.079873	-0.000172	1.000785	0.587433	
456	1.001515	0.000372	-1.919812	-0.000372	1.001515	0.861414	
457	1.000580	0.000146	-0.621198	-0.000146	1.000580	0.370302	
458	1.001007	0.000240	-1.162438	-0.000240	1.001007	0.181310	
459	1.000517	0.000154	-0.921400	-0.000154	1.000517	0.149903	
460	1.001208	0.000313	-0.895847	-0.000313	1.001208	0.346778	
461	1.000509	0.000281	-0.883881	-0.000281	1.000509	0.800583	
462	1.000964	-0.000225	-1.248544	0.000225	1.000964	0.301201	
463	1.000566	-0.000228	-0.617274	0.000228	1.000566	0.554642	
464	1.000752	0.000182	-0.784731	-0.000182	1.000752	0.171437	
465	1.000515	0.000074	-0.570323	-0.000074	1.000515	0.338427	
466	1.000608	0.000189	-0.514020	-0.000189	1.000608	0.699829	
467	1.000250	0.000042	-0.237502	-0.000042	1.000250	0.311713	
468	1.001202	0.000285	-1.404398	-0.000285	1.001202	0.592976	
469	1.000460	0.000397	-0.484681	-0.000397	1.000460	0.512462	
470	1.000800	0.000281	-0.753623	-0.000281	1.000800	0.338579	
471	1.000483	0.000433	-0.616453	-0.000433	1.000483	1.263990	
472	1.000947	0.000362	-0.619027	-0.000362	1.000947	0.596125	
473	1.000350	0.000251	-0.584608	-0.000251	1.000350	0.244176	
474	1.000931	0.000098	-1.043098	-0.000098	1.000931	0.205117	
475	1.000563	-0.000107	-0.494881	0.000107	1.000563	0.703096	
476	1.000720	0.000266	-0.642979	-0.000266	1.000720	0.781800	
477	1.000358	0.000046	-0.102356	-0.000046	1.000358	1.110069	
478	1.000768	0.000499	-0.233890	-0.000499	1.000768	0.858807	
479	1.000361	0.000134	0.556297	-0.000134	1.000361	0.306418	
480	1.000888	0.000350	-0.782992	-0.000350	1.000888	0.366386	
481	1.000603	0.000419	-0.773825	-0.000419	1.000603	0.976438	
482	1.000729	0.000457	-0.267644	-0.000457	1.000729	0.648768	
483	1.000327	0.000509	-0.225285	-0.000509	1.000327	0.710513	
484	1.000883	0.000627	-0.532823	-0.000627	1.000883	0.615982	
485	1.000446	0.000895	-0.084443	-0.000895	1.000446	1.836513	
486	1.000696	0.000270	-0.629669	-0.000270	1.000696	1.248779	
487	1.000303	0.000762	-0.327692	-0.000762	1.000303	1.105166	
488	1.000719	0.000482	-0.324720	-0.000482	1.000719	0.220419	
489	1.000159	0.000229	-0.362934	-0.000229	1.000159	0.567825	
490	1.000491	0.000367	-0.489339	-0.000367	1.000491	0.877913	
491	1.000239	0.000058	-0.062158	-0.000058	1.000239	0.239422	
492	1.000605	0.000252	-0.201757	-0.000252	1.000605	0.295838	
493	1.000365	0.000299	0.474753	-0.000299	1.000365	0.538328	
494	1.000806	0.000273	-1.073783	-0.000273	1.000806	0.372749	
495	1.000206	0.000491	0.371487	-0.000491	1.000206	0.692680	
496	1.000979	0.000213	-0.690108	-0.000213	1.000979	0.172900	
497	1.000316	0.000309	-0.543105	-0.000309	1.000316	1.143252	
498	1.000614	0.000243	-0.337390	-0.000243	1.000614	0.648646	
499	1.000180	0.000268	0.278182	-0.000268	1.000180	1.156458	
500	1.000794	0.000192	-0.229607	-0.000192	1.000794	0.845353	
501	1.000014	0.000467	-0.503095	-0.000467	1.000014	0.907127	
502	1.000798	0.000517	0.079297	-0.000517	1.000798	0.063319	
503	1.000250	-0.000121	-0.414709	0.000121	1.000250	0.647927	
504	1.000449	0.000218	-0.512560	-0.000218	1.000449	0.310788	
505	1.000041	0.000497	-0.115711	-0.000497	1.000041	0.917319	
506	1.000484	0.000429	-0.372317	-0.000429	1.000484	0.737850	
507	1.000310	0.000062	-0.281363	-0.000062	1.000310	0.991704	
508	1.000683	0.000497	-0.951325	-0.000497	1.000683	0.516484	
509	1.000263	0.000554	-0.033518	-0.000554	1.000263	0.843236	
510	1.000747	0.000388	-0.647051	-0.000388	1.000747	0.708748	
511	1.000341	0.000315	-0.531346	-0.000315	1.000341	1.920060	
512	1.000700	0.000796	-0.673209	-0.000796	1.000700	0.823382	
513	1.000427	0.000624	-0.546186	-0.000624	1.000427	0.665426	
514	1.000554	0.000578	-0.425907	-0.000578	1.000554	0.973684	
515	1.000057	0.000762	-0.036399	-0.000762	1.000057	1.795550	
516	1.000552	0.000018	-0.343546	-0.000018	1.000552	1.227163	
517	1.000034	0.000299	-0.318527	-0.000299	1.000034	1.155818	
518	1.000319	0.000511	-0.298554	-0.000511	1.000319	0.796435	
519	1.000266	0.000626	-0.348769	-0.000626	1.000266	1.135706	
520	1.000498	0.000383	-0.425371	-0.000383	1.000498	1.002414	
521	1.000218	0.000339	-0.293350	-0.000339	1.000218	0.713832	
522	1.000585	0.000535	-0.851205	-0.000535	1.000585	1.027058	
523	1.000231	0.000220	-0.258983	-0.000220	1.000231	1.256845	
524	1.000338	0.000356	-0.013207	-0.000356	1.000338	1.240202	
525	1.000441	0.000609	-0.688031	-0.000609	1.000441	1.718980	
526	1.000456	0.000254	-0.423558	-0.000254	1.000456	0.444146	
527	1.000270	0.000053	-0.126359	-0.000053	1.000270	1.286567	
528	1.000782	0.000104	-1.228658	-0.000104	1.000782	0.456865	
529	0.999790	0.000355	-0.289092	-0.000355	0.999790	1.825668	
530	1.000593	-0.000032	0.777743	0.000032	1.000593	0.437401	
531	1.000106	0.000180	-0.027034	-0.000180	1.000106	1.072730	
532	1.000534	0.000118	-0.879034	-0.000118	1.000534	0.674998	
533	0.999976	0.000302	-0.550713	-0.000302	0.999976	1.530250	
534	1.000506	0.000328	-0.108253	-0.000328	1.000506	0.047706	
535	1.000436	0.000246	-0.489575	-0.000246	1.000436	1.012848	
536	1.000648	0.000443	-0.606429	-0.000443	1.000648	1.386007	
537	1.000236	0.000368	0.243569	-0.000368	1.000236	1.385462	
538	1.000816	0.000248	-0.980606	-0.000248	1.000816	1.034829	
539	1.000261	0.000840	-0.910275	-0.000840	1.000261	1.623979	
540	1.000555	0.000225	-0.685301	-0.000225	1.000555	0.768930	
541	1.000038	0.000433	-0.239464	-0.000433	1.000038	1.638553	
542	1.000702	0.000670	-0.145893	-0.000670	1.000702	0.371482	
543	1.000136	0.000378	0.014341	-0.000378	1.000136	1.048707	
544	1.000357	-0.000267	-0.518150	0.000267	1.000357	0.569790	
545	1.000150	0.000328	-0.092973	-0.000328	1.000150	0.868680	
546	1.000483	0.000167	-0.324466	-0.000167	1.000483	0.503514	
547	1.000076	-0.000031	-0.122794	0.000031	1.000076	0.933294	
548	1.000726	0.000283	-0.637696	-0.000283	1.000726	1.288550	
549	1.000291	0.000180	-0.106954	-0.000180	1.000291	0.608604	
550	1.000485	0.000178	-0.499391	-0.000178	1.000485	0.919653	
551	1.000158	0.000131	0.199001	-0.000131	1.000158	0.865868	
552	1.000929	0.000242	-0.456542	-0.000242	1.000929	0.797048	
553	1.000251	-0.000372	-0.450485	0.000372	1.000251	0.095811	
554	1.000550	-0.000249	-0.205157	0.000249	1.000550	0.438730	
555	1.000265	0.000161	0.042895	-0.000161	1.000265	0.743432	
556	1.000416	-0.000153	-0.319561	0.000153	1.000416	-0.138206	
557	1.000256	-0.000042	-0.206051	0.000042	1.000256	0.692688	
558	1.000695	-0.000311	-0.442230	0.000311	1.000695	0.111591	
559	1.000447	0.000159	-0.561462	-0.000159	1.000447	0.630626	
560	1.000937	0.000402	-0.407524	-0.000402	1.000937	0.662980	
561	1.000416	0.000348	-0.083417	-0.000348	1.000416	1.164442	
562	1.000898	0.000154	-1.292455	-0.000154	1.000898	0.288406	
563	1.000536	0.000213	-0.552665	-0.000213	1.000536	0.574269	
564	1.000586	-0.000335	-0.678569	0.000335	1.000586	0.362598	
565	1.000368	0.000165	-0.483919	-0.000165	1.000368	0.346060	
566	1.000532	-0.000136	-0.421060	0.000136	1.000532	0.056208	
567	1.000094	-0.000017	0.074310	0.000017	1.000094	0.672673	
568	1.000683	-0.000208	-0.308138	0.000208	1.000683	-0.316438	
569	1.000057	-0.000212	0.253354	0.000212	1.000057	-0.221469	
570	1.000705	-0.000078	-0.564232	0.000078	1.000705	0.198155	
571	1.000331	-0.000065	-0.198635	0.000065	1.000331	0.198451	
572	1.000879	-0.000088	-0.756573	0.000088	1.000879	0.373521	
573	1.000306	-0.000222	-0.726353	0.000222	1.000306	0.598125	
574	1.000901	0.000109	-0.831870	-0.000109	1.000901	0.035004	
575	1.000416	-0.000122	-0.343636	0.000122	1.000416	0.005084	
576	1.000880	0.000114	-1.310086	-0.000114	1.000880	0.482323	
577	1.000419	-0.000202	-0.295336	0.000202	1.000419	0.252646	
578	1.000781	-0.000154	-0.815626	0.000154	1.000781	0.015842	
579	1.000274	-0.000121	-0.266368	0.000121	1.000274	0.096736	
580	1.000689	-0.000085	-0.433982	0.000085	1.000689	-0.045514	
581	1.000170	-0.000135	-0.417469	0.000135	1.000170	0.187149	
582	1.000295	0.000116	0.134275	-0.000116	1.000295	0.384941	
583	1.000559	0.000046	-0.848040	-0.000046	1.000559	0.196157	
584	1.000638	0.000267	-1.139485	-0.000267	1.000638	0.646555	
585	1.000470	0.000241	-0.645581	-0.000241	1.000470	0.482474	
586	1.000478	0.000329	-0.267972	-0.000329	1.000478	0.492455	
587	1.000635	0.000260	-0.903399	-0.000260	1.000635	0.584898	
588	1.000506	0.000121	-0.689188	-0.000121	1.000506	0.800379	
589	1.000355	0.000078	-0.355631	-0.000078	1.000355	0.580378	
590	1.000568	0.000431	-0.575859	-0.000431	1.000568	-0.018537	
591	1.000241	-0.000228	0.037386	0.000228	1.000241	-0.236975	
592	1.000232	-0.000128	-0.348390	0.000128	1.000232	-0.048604	
593	1.000276	-0.000101	-0.362102	0.000101	1.000276	-0.080965	
594	1.000313	-0.000009	-0.299492	0.000009	1.000313	-0.122704	
595	1.000610	-0.000138	-0.757451	0.000138	1.000610	0.004014	
596	1.000479	-0.000064	-0.744029	0.000064	1.000479	0.085580	
597	1.000268	0.000520	-0.971963	-0.000520	1.000268	0.324623	
598	1.000430	-0.000055	-0.137122	0.000055	1.000430	0.107778	
599	1.000296	-0.000129	-0.284733	0.000129	1.000296	0.601346	
600	1.000328	-0.000095	-0.390565	0.000095	1.000328	0.113764	
601	1.000195	-0.000167	-0.368051	0.000167	1.000195	0.277558	
602	1.000938	-0.000145	-1.498237	0.000145	1.000938	-0.400986	
603	1.000457	-0.000283	-0.100449	0.000283	1.000457	-0.708611	
604	1.000766	0.000003	-0.982310	-0.000003	1.000766	0.432009	
605	1.000250	-0.000274	-0.365578	0.000274	1.000250	-0.032027	
606	1.000897	-0.000190	-1.367593	0.000190	1.000897	-0.201851	
607	1.000382	-0.000206	-0.385007	0.000206	1.000382	0.234245	
608	1.000738	0.000150	-0.734856	-0.000150	1.000738	0.288899	
609	1.000488	-0.000069	-0.654071	0.000069	1.000488	0.795129	
610	1.000555	0.000280	-0.617031	-0.000280	1.000555	0.260305	
611	1.000418	0.000153	-0.108678	-0.000153	1.000418	0.563022	
612	1.000737	0.000323	-1.114516	-0.000323	1.000737	0.358935	
613	1.000165	0.000269	-0.135911	-0.000269	1.000165	0.515082	
614	1.000394	-0.000156	-0.215765	0.000156	1.000394	0.276240	
615	1.000424	-0.000115	-0.577942	0.000115	1.000424	0.172687	
616	1.000541	-0.000061	-0.675534	0.000061	1.000541	0.039369	
617	1.000317	-0.000373	-0.366811	0.000373	1.000317	-0.156484	
618	1.000569	-0.000292	-0.652036	0.000292	1.000569	-0.236709	
619	1.000176	-0.000031	-0.156085	0.000031	1.000176	-0.194469	
620	1.000875	-0.000279	-1.072800	0.000279	1.000875	0.192936	
621	1.000409	-0.000036	-0.534082	0.000036	1.000409	0.597485	
622	1.000836	0.000357	-1.028582	-0.000357	1.000836	0.711067	
623	0.999788	0.000175	0.582643	-0.000175	0.999788	0.354500	
624	1.000443	0.000083	-0.590441	-0.000083	1.000443	0.234941	
625	0.999797	0.000281	0.179855	-0.000281	0.999797	0.725358	
626	1.000380	0.000016	-0.345353	-0.000016	1.000380	-0.445527	
627	1.000129	0.000120	0.085242	-0.000120	1.000129	0.349545	
628	1.000676	0.000230	-0.858738	-0.000230	1.000676	0.743460	
629	1.000534	-0.000245	-0.930216	0.000245	1.000534	0.550489	
630	1.000744	-0.000290	-0.565634	0.000290	1.000744	0.042581	
631	1.000413	-0.000148	-0.488139	0.000148	1.000413	0.140805	
632	1.000719	0.000012	-0.532985	-0.000012	1.000719	0.060593	
633	1.000661	0.000182	-1.007520	-0.000182	1.000661	0.632251	
634	1.000734	0.000187	-0.842823	-0.000187	1.000734	0.374749	
635	1.000135	-0.000199	-0.087562	0.000199	1.000135	0.467387	
636	1.000217	0.000035	-0.176836	-0.000035	1.000217	-0.038626	
637	0.999866	0.000282	0.533837	-0.000282	0.999866	0.035190	
638	1.000711	0.000347	-0.824300	-0.000347	1.000711	0.507710	
639	1.000137	0.000273	-0.237692	-0.000273	1.000137	0.943805	
640	1.000561	-0.000156	-0.221102	0.000156	1.000561	0.047857	
641	1.000136	0.000173	-0.355144	-0.000173	1.000136	0.413486	
642	1.000899	0.000045	-0.836406	-0.000045	1.000899	-0.127886	
643	1.000358	-0.000459	-0.140058	0.000459	1.000358	-0.374767	
644	1.000968	-0.000267	-1.079816	0.000267	1.000968	-0.492874	
645	1.000311	-0.000170	-0.683265	0.000170	1.000311	0.090939	
646	1.001395	0.000078	-1.256987	-0.000078	1.001395	0.134570	
647	1.000625	0.000030	-0.775164	-0.000030	1.000625	0.111373	
648	1.000115	-0.000205	-0.116520	0.000205	1.000115	-0.475455	
649	0.999992	-0.000092	0.003838	0.000092	0.999992	-0.091308	
650	1.000359	-0.000090	-0.363405	0.000090	1.000359	0.399725	
651	1.000855	-0.000290	-1.046702	0.000290	1.000855	0.043347	
652	1.000756	0.000009	-0.721371	-0.000009	1.000756	-0.130405	
653	1.000499	-0.000249	-0.534297	0.000249	1.000499	-0.707036	
654	1.000903	-0.000364	-0.919082	0.000364	1.000903	-0.824747	
655	1.000226	-0.000196	-0.293199	0.000196	1.000226	0.082477	
656	1.000686	-0.000174	-0.811429	0.000174	1.000686	-0.060114	
657	1.000213	-0.000026	-0.338142	0.000026	1.000213	0.409559	
658	1.000359	-0.000122	-0.216397	0.000122	1.000359	0.135178	
659	1.000097	0.000022	0.290636	-0.000022	1.000097	0.359620	
660	1.001737	0.001013	-1.971513	-0.001013	1.001737	0.593536	
661	0.999882	0.000142	-0.279272	-0.000142	0.999882	0.521926	
662	1.000713	0.000320	-0.609001	-0.000320	1.000713	0.604931	
663	1.000289	0.000587	-0.469511	-0.000587	1.000289	1.131899	
664	1.000507	0.000225	-0.587364	-0.000225	1.000507	-0.526108	
665	1.000166	0.000210	-0.066933	-0.000210	1.000166	0.442909	
666	1.000356	0.000100	-0.246329	-0.000100	1.000356	0.289931	
667	1.000487	-0.000160	-0.548651	0.000160	1.000487	-0.047257	
668	1.000900	-0.000252	-0.882058	0.000252	1.000900	0.005565	
669	1.000707	0.000137	-0.491792	-0.000137	1.000707	0.155314	
670	1.001467	0.000689	-1.590891	-0.000689	1.001467	0.230344	
671	1.001192	0.000326	-1.467301	-0.000326	1.001192	0.909313	
672	1.001654	0.000663	-1.786735	-0.000663	1.001654	1.182246	
673	1.000241	0.000051	-0.227965	-0.000051	1.000241	0.282055	
674	1.000502	0.000138	-0.355141	-0.000138	1.000502	0.138401	
675	1.000154	-0.000014	0.242845	0.000014	1.000154	0.178764	
676	1.000747	-0.000025	-0.470825	0.000025	1.000747	-0.072267	
677	1.000912	-0.000405	-0.855373	0.000405	1.000912	-0.556001	
678	1.000681	-0.000269	-0.531702	0.000269	1.000681	-0.235437	
679	1.000210	-0.000196	-0.011685	0.000196	1.000210	-0.049247	
680	1.000760	-0.000189	-0.018117	0.000189	1.000760	-0.043716	
681	1.000087	-0.000287	-0.435675	0.000287	1.000087	0.211232	
682	1.000749	0.000489	-0.764886	-0.000489	1.000749	0.574382	
683	1.000739	0.000269	-0.830075	-0.000269	1.000739	0.432483	
684	1.000667	0.000038	-0.326617	-0.000038	1.000667	0.436276	
685	1.000224	-0.000175	-0.053581	0.000175	1.000224	0.525315	
686	1.000502	0.000146	-0.320768	-0.000146	1.000502	0.368669	
687	1.000852	0.000676	-0.892175	-0.000676	1.000852	0.909066	
688	1.000846	0.000893	-1.031525	-0.000893	1.000846	0.641895	
689	1.000579	0.000279	-0.353307	-0.000279	1.000579	0.594803	
690	1.000921	0.000324	-1.066120	-0.000324	1.000921	0.235845	
691	1.000208	-0.000227	0.229649	0.000227	1.000208	0.587402	
692	1.000754	-0.000224	0.078795	0.000224	1.000754	-0.707944	
693	1.000496	0.000019	-0.803406	-0.000019	1.000496	-0.066273	
694	1.000834	0.000106	-0.184158	-0.000106	1.000834	0.045110	
695	1.001157	-0.000152	-0.363854	0.000152	1.001157	-0.025990	
696	1.000312	-0.000530	-0.402658	0.000530	1.000312	0.000027	
697	1.000388	-0.000043	-0.267640	0.000043	1.000388	0.171361	
698	1.000358	0.000370	-0.325906	-0.000370	1.000358	0.529109	
699	1.000605	0.000236	-0.892353	-0.000236	1.000605	0.075685	
700	1.001439	0.000458	-1.445738	-0.000458	1.001439	0.259557	
701	1.000676	0.000198	-0.606435	-0.000198	1.000676	0.300769	
702	1.000902	0.000097	-0.751723	-0.000097	1.000902	-0.289377	
703	1.000892	-0.000500	-0.519914	0.000500	1.000892	-1.413495	
704	1.000624	-0.000149	-0.616511	0.000149	1.000624	-0.236886	
705	1.000431	-0.000182	-0.290380	0.000182	1.000431	-0.553246	
706	1.000418	-0.000299	-0.376865	0.000299	1.000418	-0.262531	
707	1.000561	0.000029	-0.326163	-0.000029	1.000561	0.164781	
708	1.001094	-0.000151	-1.250789	0.000151	1.001094	0.488279	
709	1.000630	-0.000034	-0.831403	0.000034	1.000630	0.061894	
710	1.000418	-0.000049	-0.092602	0.000049	1.000418	0.208016	
711	1.000632	0.000060	-0.557480	-0.000060	1.000632	0.401278	
712	1.000613	0.000022	-0.417579	-0.000022	1.000613	-0.130827	
713	0.999955	0.000068	0.194850	-0.000068	0.999955	-0.361289	
714	1.000777	0.000061	-0.729857	-0.000061	1.000777	0.051330	
715	1.000511	0.000075	-0.421787	-0.000075	1.000511	0.080811	
716	1.000466	-0.000154	-0.238103	0.000154	1.000466	-0.298141	
717	1.000614	-0.000207	-0.665802	0.000207	1.000614	-0.164908	
718	1.000704	-0.000189	-0.757209	0.000189	1.000704	-0.331681	
719	1.000574	-0.000304	-0.565947	0.000304	1.000574	-0.306646	
720	1.000445	-0.000306	-0.442433	0.000306	1.000445	-0.289761	
721	1.000368	-0.000223	-0.166348	0.000223	1.000368	-0.316416	
722	1.000527	-0.000083	-0.332635	0.000083	1.000527	-0.112740	
723	1.000631	-0.000184	-0.736379	0.000184	1.000631	-0.189089	
724	0.999874	-0.000029	0.277671	0.000029	0.999874	-0.063333	
725	1.000457	0.000260	-0.586268	-0.000260	1.000457	0.426243	
726	0.999890	0.000275	0.322652	-0.000275	0.999890	0.566200	
727	1.000675	0.000249	-0.870430	-0.000249	1.000675	0.374447	
728	1.000440	0.000370	-0.510538	-0.000370	1.000440	0.190270	
729	1.000029	0.000110	0.313930	-0.000110	1.000029	0.297195	
730	1.000355	0.000069	-0.399281	-0.000069	1.000355	0.174691	
731	1.000529	0.000328	-0.746905	-0.000328	1.000529	0.573424	
732	1.000640	0.000090	-0.850470	-0.000090	1.000640	0.090714	
733	1.000711	0.000070	-0.663835	-0.000070	1.000711	0.165646	
734	1.000345	0.000106	-0.041613	-0.000106	1.000345	0.030360	
735	1.000577	-0.000164	-0.504237	0.000164	1.000577	-0.218037	
736	1.000545	-0.000123	-0.538655	0.000123	1.000545	-0.249535	
737	1.000669	-0.000136	-0.697958	0.000136	1.000669	0.200108	
738	1.000712	-0.000059	-0.803299	0.000059	1.000712	-0.112553	
739	1.000303	0.000116	-0.292641	-0.000116	1.000303	0.429098	
740	1.000512	-0.000159	-0.497244	0.000159	1.000512	-0.317791	
741	1.000994	-0.000294	-0.947821	0.000294	1.000994	-0.429334	
742	1.000566	-0.000081	-0.275838	0.000081	1.000566	0.163534	
743	1.000238	-0.000036	-0.304375	0.000036	1.000238	0.001426	
744	1.000560	-0.000049	-0.587360	0.000049	1.000560	-0.585053	
745	1.000175	-0.000163	-0.025427	0.000163	1.000175	-0.081705	
746	1.000778	-0.000183	-1.029472	0.000183	1.000778	-0.158977	
747	1.000255	-0.000336	-0.039298	0.000336	1.000255	-0.149874	
748	1.000569	-0.000309	-0.890046	0.000309	1.000569	-0.108486	
749	1.000332	-0.000063	-0.244259	0.000063	1.000332	0.331186	
750	1.000424	-0.000002	-0.110813	0.000002	1.000424	-0.464571	
751	1.000314	-0.000152	-0.298935	0.000152	1.000314	-0.057313	
752	1.000403	0.000108	-0.391100	-0.000108	1.000403	0.584227	
753	1.000433	0.000422	-0.406683	-0.000422	1.000433	0.917091	
754	1.000497	-0.000005	-0.295501	0.000005	1.000497	-0.028615	
755	1.000195	0.000368	-0.226752	-0.000368	1.000195	0.718175	
756	1.000584	0.000200	-0.456792	-0.000200	1.000584	-0.161484	
757	1.000597	-0.000138	-0.913714	0.000138	1.000597	-0.178141	
758	1.000298	-0.000046	-0.328130	0.000046	1.000298	0.519264	
759	0.999756	0.000086	0.775773	-0.000086	0.999756	0.442208	
760	1.001162	-0.000362	-0.540087	0.000362	1.001162	-0.989815	
761	1.000463	-0.000493	-0.592072	0.000493	1.000463	-0.564095	
762	1.000737	-0.000173	-0.287290	0.000173	1.000737	0.192405	
763	1.000417	-0.000515	-0.591176	0.000515	1.000417	-0.360090	
764	1.000934	-0.000141	-0.876685	0.000141	1.000934	-0.204781	
765	1.000402	0.000041	-0.299416	-0.000041	1.000402	0.224312	
766	1.000551	0.000138	-0.569136	-0.000138	1.000551	0.142016	
767	1.000806	-0.000214	-0.765846	0.000214	1.000806	-0.190672	
768	1.001120	0.000043	-1.202784	-0.000043	1.001120	0.117559	
769	1.000497	-0.000014	-0.395617	0.000014	1.000497	0.302145	
770	1.000420	-0.000034	-0.121750	0.000034	1.000420	0.016246	
771	1.000274	-0.000064	-0.116174	0.000064	1.000274	0.006885	
772	1.000745	0.000091	-0.536398	-0.000091	1.000745	0.049931	
773	1.000662	-0.000112	-0.581455	0.000112	1.000662	-0.056489	
774	1.000728	-0.000046	-0.519142	0.000046	1.000728	0.084761	
775	1.000649	-0.000145	-0.982236	0.000145	1.000649	0.012075	
776	1.001049	0.000022	-0.888852	-0.000022	1.001049	-0.249712	
777	1.000473	-0.000237	-0.200875	0.000237	1.000473	-0.234545	
778	1.000830	-0.000272	-0.842909	0.000272	1.000830	-0.040489	
779	1.000415	-0.000034	-1.434703	0.000034	1.000415	-0.743422	
780	1.001186	-0.000175	-0.368350	0.000175	1.001186	-0.407718	
781	1.000294	-0.000335	-0.579712	0.000335	1.000294	0.101149	
782	1.000836	-0.000267	-0.416803	0.000267	1.000836	-0.305769	
783	1.000274	-0.000224	0.049191	0.000224	1.000274	0.029039	
784	1.001365	-0.000356	-1.610723	0.000356	1.001365	-0.751656	
785	1.000293	-0.000201	0.022133	0.000201	1.000293	0.023363	
786	1.000555	-0.000119	0.008879	0.000119	1.000555	0.125363	
787	1.000429	-0.000331	-0.670951	0.000331	1.000429	-0.355127	
788	1.000970	0.000111	-0.992023	-0.000111	1.000970	0.333200	
789	1.000407	-0.000188	-0.325629	0.000188	1.000407	-0.049268	
790	1.000489	0.000057	-0.193476	-0.000057	1.000489	0.163284	
791	1.000312	0.000149	0.017048	-0.000149	1.000312	0.303675	
792	1.000723	-0.000143	-0.743912	0.000143	1.000723	-0.380691	
793	1.000617	0.000033	-0.753869	-0.000033	1.000617	0.067870	
794	1.001076	-0.000068	-1.450426	0.000068	1.001076	-0.209362	
795	1.000071	0.000053	0.254717	-0.000053	1.000071	0.172128	
796	1.001396	-0.000087	-1.520828	0.000087	1.001396	-0.033125	
797	1.000817	0.000156	-1.034270	-0.000156	1.000817	0.864970	
798	1.000808	-0.000361	-0.836568	0.000361	1.000808	-0.395104	
799	1.000641	-0.000041	-0.429857	0.000041	1.000641	0.033413	
800	1.000783	-0.000071	-0.907062	0.000071	1.000783	-0.077266	
801	1.000285	-0.000172	-0.218432	0.000172	1.000285	-0.259330	
802	1.000797	0.000081	-0.212084	-0.000081	1.000797	-0.442220	
803	1.000389	0.000047	-0.781498	-0.000047	1.000389	0.398685	
804	1.000762	-0.000230	-0.862174	0.000230	1.000762	-0.306069	
805	1.000393	-0.000544	-0.381773	0.000544	1.000393	0.240912	
806	1.000841	0.000007	-0.418041	-0.000007	1.000841	-0.824597	
807	1.000165	0.000225	-0.096179	-0.000225	1.000165	0.789040	
808	1.001103	0.000116	-1.455136	-0.000116	1.001103	0.168693	
809	1.000535	-0.000104	-0.426528	0.000104	1.000535	0.339121	
810	1.000393	0.000180	-0.316724	-0.000180	1.000393	-0.079221	
811	1.000167	0.000036	-0.080523	-0.000036	1.000167	0.401890	
812	1.000422	0.000056	-0.234762	-0.000056	1.000422	0.351655	
813	1.000651	-0.000054	-0.401794	0.000054	1.000651	0.000845	
814	1.000728	-0.000082	-0.974384	0.000082	1.000728	-0.143860	
815	1.000705	-0.000244	-0.512561	0.000244	1.000705	0.091790	
816	1.000330	-0.000109	-0.095819	0.000109	1.000330	-0.093291	
817	1.000257	-0.000107	-0.195028	0.000107	1.000257	0.054403	
818	1.000508	0.000033	-0.511786	-0.000033	1.000508	0.313554	
819	1.000029	-0.000022	0.242858	0.000022	1.000029	0.966457	
820	1.000289	-0.000016	-0.121244	0.000016	1.000289	-0.119449	
821	1.000446	-0.000160	-0.590830	0.000160	1.000446	0.009292	
822	1.000580	0.000128	-0.345447	-0.000128	1.000580	0.273877	
823	1.000230	-0.000001	-0.046978	0.000001	1.000230	0.074166	
824	1.000642	-0.000009	-0.111544	0.000009	1.000642	-0.004288	
825	1.000004	0.000118	0.654744	-0.000118	1.000004	0.666468	
826	1.000075	-0.000268	0.163205	0.000268	1.000075	0.368349	
827	1.000236	0.000048	-0.194820	-0.000048	1.000236	0.226783	
828	1.000559	0.000030	-0.197731	-0.000030	1.000559	-0.083803	
829	1.000099	0.000295	0.011653	-0.000295	1.000099	0.759491	
830	1.000390	0.000043	-0.372705	-0.000043	1.000390	0.488453	
831	1.000150	-0.000057	-0.045313	0.000057	1.000150	0.649295	
832	1.000676	0.000553	-0.633464	-0.000553	1.000676	0.535124	
833	1.000205	0.000219	0.436701	-0.000219	1.000205	0.232669	
834	1.000622	0.000284	-0.440407	-0.000284	1.000622	0.519550	
835	1.000272	0.000436	-0.257343	-0.000436	1.000272	1.056581	
836	1.000253	0.000170	-0.214193	-0.000170	1.000253	0.477160	
837	1.000076	-0.000059	0.060103	0.000059	1.000076	0.415380	
838	1.000570	0.000428	0.117951	-0.000428	1.000570	0.653779	
839	1.000152	-0.000174	0.122973	0.000174	1.000152	0.644142	
840	1.000438	0.000466	-0.973783	-0.000466	1.000438	-0.337197	
841	1.000036	-0.000019	0.766358	0.000019	1.000036	0.119729	
842	1.000302	-0.000032	-0.327863	0.000032	1.000302	0.339888	
843	1.000312	0.000069	-0.491214	-0.000069	1.000312	1.188927	
844	1.001077	-0.000351	-0.981789	0.000351	1.001077	-0.122339	
845	1.000148	0.000148	-1.030198	-0.000148	1.000148	1.070386	
846	1.001114	0.000390	-0.987456	-0.000390	1.001114	-0.120777	
847	1.000426	0.000511	-0.181578	-0.000511	1.000426	0.784440	
848	1.000772	0.000053	-0.644105	-0.000053	1.000772	-0.137655	
849	1.000334	-0.000066	0.171456	0.000066	1.000334	-0.085922	
850	1.000855	0.000009	-1.407742	-0.000009	1.000855	-1.058784	
851	1.000294	0.000176	-0.084341	-0.000176	1.000294	0.257859	
852	1.000832	0.000013	-0.131629	-0.000013	1.000832	-0.337775	
853	1.000390	-0.000048	-0.739168	0.000048	1.000390	0.337218	
854	1.000517	-0.000025	-0.435876	0.000025	1.000517	-0.263209	
855	1.000478	0.000187	-0.259037	-0.000187	1.000478	-0.067657	
856	1.000875	0.000069	-0.691693	-0.000069	1.000875	-1.013481	
857	1.000171	0.000077	0.098246	-0.000077	1.000171	-0.153561	
858	1.001028	0.000001	-0.896015	-0.000001	1.001028	0.606968	
859	1.000028	-0.000537	0.126326	0.000537	1.000028	1.084931	
860	1.000764	-0.000263	-0.702592	0.000263	1.000764	-0.954946	
861	1.000539	0.000111	-0.425854	-0.000111	1.000539	-0.186360	
862	1.000951	-0.000148	-0.427279	0.000148	1.000951	-0.556664	
863	1.000462	-0.000268	-0.301648	0.000268	1.000462	0.064057	
864	1.000679	-0.000512	-0.928269	0.000512	1.000679	-0.000851	
865	1.000216	0.000071	-0.032481	-0.000071	1.000216	0.448170	
866	1.000583	-0.000024	0.377308	0.000024	1.000583	-0.898550	
867	1.000251	0.000056	-0.641535	-0.000056	1.000251	0.184523	
868	1.000417	0.000053	-0.523007	-0.000053	1.000417	0.091958	
869	1.000196	-0.000135	0.001204	0.000135	1.000196	-0.136328	
870	1.000626	-0.000135	-0.675094	0.000135	1.000626	0.056183	
871	1.000258	-0.000093	-0.095938	0.000093	1.000258	0.094062	
872	1.000475	0.000089	-0.221491	-0.000089	1.000475	-0.332650	
873	1.000416	-0.000154	-0.363688	0.000154	1.000416	-0.368250	
874	1.000214	-0.000209	0.068339	0.000209	1.000214	-0.239064	
875	1.000325	-0.000104	-0.316674	0.000104	1.000325	-0.234850	
876	1.000755	-0.000097	-0.877163	0.000097	1.000755	0.099389	
877	1.000128	-0.000093	0.048180	0.000093	1.000128	0.250663	
878	1.000700	-0.000018	-0.497860	0.000018	1.000700	0.090306	
879	1.000602	-0.000057	-0.271990	0.000057	1.000602	-0.221244	
880	1.000662	0.000066	-0.358235	-0.000066	1.000662	0.420472	
881	1.000354	-0.000248	-0.093957	0.000248	1.000354	0.496097	
882	1.000604	0.000237	-0.565851	-0.000237	1.000604	0.565923	
883	1.000193	-0.000291	-0.263102	0.000291	1.000193	1.241744	
884	1.000578	0.000118	-0.192400	-0.000118	1.000578	0.906057	
885	1.000221	-0.000314	-0.451491	0.000314	1.000221	0.689976	
886	1.000504	0.000386	-0.130575	-0.000386	1.000504	0.784148	
887	1.000183	0.000026	0.369275	-0.000026	1.000183	0.354447	
888	1.000889	0.000351	-0.934456	-0.000351	1.000889	0.781451	
889	1.000680	0.000260	-1.004225	-0.000260	1.000680	1.340721	
890	1.001310	0.000250	-1.499807	-0.000250	1.001310	0.596659	
891	1.000413	0.000276	-0.370467	-0.000276	1.000413	1.336016	
892	1.000747	0.000162	-0.592477	-0.000162	1.000747	0.209852	
893	1.000425	0.000268	-0.316551	-0.000268	1.000425	1.750613	
894	1.000710	0.000157	-0.200466	-0.000157	1.000710	0.805014	
895	1.000306	0.000175	-0.410942	-0.000175	1.000306	1.664092	
896	1.000762	0.000523	-0.537999	-0.000523	1.000762	0.622223	
897	1.000157	0.000239	-0.198463	-0.000239	1.000157	0.866411	
898	1.000717	0.000032	-0.014571	-0.000032	1.000717	0.946939	
899	1.000023	0.000244	0.287143	-0.000244	1.000023	1.562904	
900	1.000695	0.000153	-0.735783	-0.000153	1.000695	0.910936	
901	1.000285	-0.000021	-0.122161	0.000021	1.000285	1.218216	
902	1.000766	0.000479	-0.567166	-0.000479	1.000766	1.394803	
903	1.000465	0.000366	-0.381322	-0.000366	1.000465	1.501185	
904	1.000876	0.000407	-0.899445	-0.000407	1.000876	1.335864	
905	1.000490	0.000358	-0.159086	-0.000358	1.000490	0.987009	
906	1.000881	0.000430	-0.607381	-0.000430	1.000881	0.799701	
907	1.000325	0.000365	-0.178847	-0.000365	1.000325	0.932189	
908	1.000736	-0.000539	-0.281793	0.000539	1.000736	0.395681	
909	1.000352	0.000306	-0.228388	-0.000306	1.000352	0.904347	
910	1.000847	0.000147	-0.482582	-0.000147	1.000847	0.444401	
911	1.000429	0.000141	0.143505	-0.000141	1.000429	0.805460	
912	1.000961	-0.000080	-0.831231	0.000080	1.000961	0.931958	
913	1.000379	-0.000450	-0.147778	0.000450	1.000379	0.943241	
914	1.000928	0.000166	-0.665517	-0.000166	1.000928	0.708574	
915	1.000626	0.000039	-0.031539	-0.000039	1.000626	0.500768	
916	1.001154	0.000045	-0.479945	-0.000045	1.001154	-0.297424	
917	1.000322	0.000102	-0.189642	-0.000102	1.000322	0.591049	
918	1.001203	-0.000022	-0.593673	0.000022	1.001203	0.293565	
919	1.000558	0.000020	-0.083430	-0.000020	1.000558	0.824265	
920	1.001117	0.000039	-0.972546	-0.000039	1.001117	0.533913	
921	1.000259	-0.000212	-0.349674	0.000212	1.000259	1.689626	
922	1.000903	-0.000150	-0.407351	0.000150	1.000903	0.834993	
923	1.000630	0.000457	-0.410295	-0.000457	1.000630	-0.396784	
924	1.001170	0.000049	-0.994618	-0.000049	1.001170	-0.529328	
925	1.000584	-0.000003	-0.201203	0.000003	1.000584	0.996406	
926	1.001028	0.000086	-0.928559	-0.000086	1.001028	0.904388	
927	1.000514	0.000011	-0.246908	-0.000011	1.000514	0.079526	
928	1.000896	0.000058	-0.576012	-0.000058	1.000896	0.013124	
929	1.000469	0.000066	-0.229628	-0.000066	1.000469	0.784038	
930	1.001020	0.000378	-1.341304	-0.000378	1.001020	0.113557	
931	1.000464	0.000115	-0.560242	-0.000115	1.000464	0.422649	
932	1.001013	0.000298	-0.983385	-0.000298	1.001013	0.613578	
933	1.000507	0.000461	-0.945429	-0.000461	1.000507	0.606673	
934	1.001016	0.000424	-0.810705	-0.000424	1.001016	1.045625	
935	1.000689	0.000198	-0.157411	-0.000198	1.000689	0.810532	
936	1.001190	0.000220	-1.409564	-0.000220	1.001190	0.129589	
937	1.000556	0.000256	-1.174607	-0.000256	1.000556	0.648228	
938	1.001001	0.000053	-0.451179	-0.000053	1.001001	0.336483	
939	1.000604	0.000328	-0.238908	-0.000328	1.000604	1.075071	
940	1.001285	-0.000056	-1.171037	0.000056	1.001285	-0.344412	
941	1.000463	0.000331	-0.970161	-0.000331	1.000463	0.820385	
942	1.001335	0.000212	-0.751289	-0.000212	1.001335	0.381236	
943	1.000696	0.000082	-0.846997	-0.000082	1.000696	0.305146	
944	1.001097	0.000320	-0.879216	-0.000320	1.001097	0.244994	
945	1.000714	0.000429	-0.312924	-0.000429	1.000714	1.106878	
946	1.001332	0.000414	-1.257790	-0.000414	1.001332	0.284337	
947	1.000776	0.000544	-0.663676	-0.000544	1.000776	0.974757	
948	1.001226	0.000250	-1.448219	-0.000250	1.001226	0.179078	
949	1.000574	0.000395	-0.744055	-0.000395	1.000574	0.405293	
950	1.001094	0.000273	-0.914627	-0.000273	1.001094	0.269053	
951	1.000539	-0.000178	-0.348616	0.000178	1.000539	0.486462	
952	1.001078	0.000265	-1.145803	-0.000265	1.001078	0.134484	
953	1.000624	0.000100	-0.853586	-0.000100	1.000624	0.087124	
954	1.000780	0.000246	-0.664070	-0.000246	1.000780	0.025992	
955	1.000573	-0.000081	-0.488905	0.000081	1.000573	0.060159	
956	1.000816	0.000283	-0.552685	-0.000283	1.000816	0.255276	
957	1.000534	0.000364	-1.020595	-0.000364	1.000534	1.107243	
958	1.000828	0.000484	-0.635877	-0.000484	1.000828	0.813939	
959	1.000661	0.000909	-0.474613	-0.000909	1.000661	1.366089	
960	1.000816	0.000425	-0.619827	-0.000425	1.000816	0.407561	
961	1.000567	0.000413	-0.487403	-0.000413	1.000567	0.719413	
962	1.000955	0.000606	-0.609238	-0.000606	1.000955	0.981320	
963	1.000761	0.000232	-0.481104	-0.000232	1.000761	0.226207	
964	1.001379	0.000576	-1.475660	-0.000576	1.001379	0.615676	
965	1.000675	0.000382	-1.076670	-0.000382	1.000675	0.895752	
966	1.001110	0.000368	-0.703678	-0.000368	1.001110	0.421889	
967	1.000798	0.000212	-0.486828	-0.000212	1.000798	-0.008110	
968	1.000640	0.000329	-0.692433	-0.000329	1.000640	0.236957	
969	1.000352	0.000340	-0.628230	-0.000340	1.000352	0.640863	
970	1.000948	0.000365	-0.881542	-0.000365	1.000948	0.284297	
971	1.000702	0.000400	-0.485389	-0.000400	1.000702	0.519688	
972	1.001075	0.000343	-0.993380	-0.000343	1.001075	0.315139	
973	1.000699	0.000604	-0.438604	-0.000604	1.000699	1.017946	
974	1.001156	0.000314	-1.092658	-0.000314	1.001156	0.021262	
975	1.000872	0.000293	-0.876423	-0.000293	1.000872	0.556256	
976	1.000903	0.000268	-0.995533	-0.000268	1.000903	0.728337	
977	1.000519	0.000421	-0.505767	-0.000421	1.000519	0.693880	
978	1.000920	0.000396	-0.203930	-0.000396	1.000920	0.099988	
979	1.000513	0.000389	-0.533411	-0.000389	1.000513	0.499532	
980	1.000873	0.000468	-1.118616	-0.000468	1.000873	0.808644	
981	1.000795	0.000645	-0.663047	-0.000645	1.000795	0.596680	
982	1.000738	0.000168	-0.514528	-0.000168	1.000738	0.323654	
983	1.000460	0.000121	-0.405962	-0.000121	1.000460	0.405919	
984	1.000738	0.000330	-0.695823	-0.000330	1.000738	0.496328	
985	1.000700	0.000444	-0.624437	-0.000444	1.000700	0.713029	
986	1.000906	0.000293	-0.885623	-0.000293	1.000906	0.326520	
987	1.000648	0.000550	-0.331803	-0.000550	1.000648	0.709683	
988	1.001371	0.000261	-0.878284	-0.000261	1.001371	0.163495	
989	1.000291	0.000542	-0.038079	-0.000542	1.000291	0.940924	
990	1.000639	0.000002	-0.590942	-0.000002	1.000639	0.094437	
991	1.000332	-0.000020	0.009876	0.000020	1.000332	0.375481	
992	1.000623	0.000110	-0.090085	-0.000110	1.000623	0.047392	
993	1.000597	0.000318	-0.645440	-0.000318	1.000597	0.202028	
994	1.000849	0.000353	-0.757706	-0.000353	1.000849	0.134099	
995	1.000718	0.000185	-0.628389	-0.000185	1.000718	0.340745	
996	1.000842	0.000087	-1.101304	-0.000087	1.000842	0.044732	
997	1.000399	0.000181	-0.883170	-0.000181	1.000399	0.433750	
998	1.000813	0.000204	-0.192564	-0.000204	1.000813	0.333817	
999	1.000549	0.000139	-0.488912	-0.000139	1.000549	0.250326	
1000	1.000605	0.000245	-0.417971	-0.000245	1.000605	-0.089744	
1001	1.000496	0.000218	-0.343890	-0.000218	1.000496	0.492138	
1002	1.000464	0.000327	-0.391474	-0.000327	1.000464	0.529422	
1003	1.000453	0.000290	-0.244786	-0.000290	1.000453	0.217883	
1004	1.000880	0.000409	-0.765591	-0.000409	1.000880	0.287077	
1005	1.000671	0.000396	-0.909978	-0.000396	1.000671	0.435681	
1006	1.000579	0.000143	-0.126317	-0.000143	1.000579	-0.239960	
1007	1.000489	0.000085	-0.147623	-0.000085	1.000489	-0.108895	
1008	1.000685	0.000167	-0.426474	-0.000167	1.000685	0.076233	
1009	1.000568	0.000241	-0.511214	-0.000241	1.000568	0.163962	
1010	1.000746	-0.000033	-0.307491	0.000033	1.000746	0.047843	
1011	1.000368	0.000297	-0.408527	-0.000297	1.000368	0.245172	
1012	1.000543	0.000407	-0.665194	-0.000407	1.000543	0.277961	
1013	1.000279	0.000317	-0.078552	-0.000317	1.000279	0.242871	
1014	1.000689	0.000165	-0.530096	-0.000165	1.000689	0.284557	
1015	1.000445	0.000124	-0.296869	-0.000124	1.000445	0.572079	
1016	1.000859	0.000426	-0.557023	-0.000426	1.000859	-0.346994	
1017	1.000500	0.000127	-0.251781	-0.000127	1.000500	0.123822	
1018	1.001018	0.000006	-0.985757	-0.000006	1.001018	0.335918	
1019	1.000337	0.000045	-0.120554	-0.000045	1.000337	0.425957	
1020	1.000615	0.000243	-0.460217	-0.000243	1.000615	-0.162531	
1021	1.000313	0.000236	-0.558911	-0.000236	1.000313	0.178509	
1022	1.000920	0.000363	-0.643857	-0.000363	1.000920	0.275821	
1023	0.999948	0.000219	-0.214880	-0.000219	0.999948	0.188821	
1024	1.000740	0.000090	-1.202432	-0.000090	1.000740	0.172445	
1025	0.999551	-0.000407	0.432561	0.000407	0.999551	0.229921	
1026	1.000845	0.000557	-0.594887	-0.000557	1.000845	-0.391801	
1027	1.000417	0.000481	-0.364714	-0.000481	1.000417	0.186614	
1028	1.000881	0.000322	-0.632104	-0.000322	1.000881	0.084558	
1029	1.000557	0.000398	-0.855671	-0.000398	1.000557	0.469277	
1030	1.000606	0.000410	-0.662245	-0.000410	1.000606	0.532029	
1031	1.000407	0.000241	-0.255103	-0.000241	1.000407	0.338829	
1032	1.000595	0.000069	-0.669050	-0.000069	1.000595	-0.032247	
1033	1.000426	0.000701	-1.000807	-0.000701	1.000426	1.425820	
1034	1.000501	0.000376	-0.522591	-0.000376	1.000501	0.768753	
1035	1.000160	0.000352	-0.069419	-0.000352	1.000160	0.263088	
1036	1.000524	0.000445	-0.433137	-0.000445	1.000524	0.215705	
1037	1.000291	0.000138	-0.670976	-0.000138	1.000291	0.724879	
1038	1.000603	0.000441	-0.482316	-0.000441	1.000603	-0.262221	
1039	0.999798	-0.000057	-0.146409	0.000057	0.999798	0.449107	
1040	1.000536	0.000047	-0.406411	-0.000047	1.000536	0.576715	
1041	1.000122	0.000452	0.116331	-0.000452	1.000122	0.256574	
1042	1.000799	0.000504	-0.769214	-0.000504	1.000799	-0.067608	
1043	1.000085	0.000343	-0.625085	-0.000343	1.000085	0.923250	
1044	1.000514	0.000160	-0.312479	-0.000160	1.000514	0.333169	
1045	1.000484	0.000451	-0.266005	-0.000451	1.000484	0.590428	
1046	1.000701	0.000022	-0.779513	-0.000022	1.000701	0.676909	
1047	0.999979	0.000186	0.545012	-0.000186	0.999979	0.972762	
1048	1.000693	0.000401	-0.389191	-0.000401	1.000693	0.260703	
1049	1.000227	0.000195	-0.138355	-0.000195	1.000227	-0.153612	
1050	1.000725	0.000097	-0.016341	-0.000097	1.000725	0.244511	
1051	0.999879	0.000047	0.313791	-0.000047	0.999879	0.723677	
1052	1.000652	-0.000165	0.041877	0.000165	1.000652	-0.219909	
1053	1.000022	0.000136	-0.390206	-0.000136	1.000022	0.735305	
1054	1.000368	0.000136	-0.232108	-0.000136	1.000368	-0.019403	
1055	1.000509	0.000203	-0.380116	-0.000203	1.000509	0.351776	
1056	1.000577	-0.000010	-1.292115	0.000010	1.000577	0.763472	
1057	0.999995	0.000644	0.375064	-0.000644	0.999995	1.242257	
1058	1.000259	0.000499	0.105940	-0.000499	1.000259	0.568575	
1059	0.999428	-0.000602	0.958699	0.000602	0.999428	0.333868	
1060	1.000669	0.000410	-0.614257	-0.000410	1.000669	0.474198	
1061	1.000403	0.000397	-0.608785	-0.000397	1.000403	-0.357383	
1062	1.000380	-0.000064	0.066116	0.000064	1.000380	-0.115617	
1063	1.000364	-0.000016	-0.299299	0.000016	1.000364	0.212887	
1064	1.000309	0.000087	-0.382771	-0.000087	1.000309	0.338180	
1065	1.000213	-0.000096	0.006046	0.000096	1.000213	-0.399769	
1066	1.000725	0.000167	-0.591955	-0.000167	1.000725	-0.054236	
1067	0.999996	-0.000012	0.144919	0.000012	0.999996	0.136604	
1068	1.000574	0.000197	-0.708159	-0.000197	1.000574	-0.004805	
1069	1.000175	0.000135	-0.613903	-0.000135	1.000175	0.678421	
1070	1.000677	0.000356	-0.978333	-0.000356	1.000677	0.326615	
1071	1.000342	0.000424	-0.034052	-0.000424	1.000342	0.431057	
1072	1.001031	0.000236	-0.709123	-0.000236	1.001031	-0.232118	
1073	1.000325	0.000241	-0.258425	-0.000241	1.000325	0.171087	
1074	1.000762	0.000060	-0.699349	-0.000060	1.000762	0.199771	
1075	1.000572	0.000141	-0.552045	-0.000141	1.000572	0.285001	
1076	1.000458	-0.000010	-0.254400	0.000010	1.000458	-0.137239	
1077	1.000461	0.000060	-0.634079	-0.000060	1.000461	0.032419	
1078	1.000235	-0.000192	0.185523	0.000192	1.000235	-0.106595	
1079	1.000696	0.000223	-0.569094	-0.000223	1.000696	-0.621434	
1080	1.000711	0.000088	-0.490023	-0.000088	1.000711	-0.203933	
1081	1.000620	0.000057	-0.622478	-0.000057	1.000620	0.713042	
1082	1.000711	0.000269	-0.868852	-0.000269	1.000711	0.075993	
1083	1.000187	0.000197	0.178002	-0.000197	1.000187	0.124021	
1084	1.000535	-0.000085	-0.632551	0.000085	1.000535	-0.684306	
1085	1.000717	0.000373	-0.505304	-0.000373	1.000717	0.440288	
1086	1.000360	0.000293	-0.114375	-0.000293	1.000360	0.127014	
1087	1.000593	0.000036	-0.556925	-0.000036	1.000593	0.084689	
1088	1.000699	0.000039	-0.546785	-0.000039	1.000699	0.123955	
1089	1.000836	-0.000145	-0.448781	0.000145	1.000836	-0.163897	
1090	1.000414	0.000122	-0.198898	-0.000122	1.000414	-0.538959	
1091	1.000359	0.000080	-0.153952	-0.000080	1.000359	-0.050698	
1092	1.000486	0.000089	-0.356414	-0.000089	1.000486	0.292605	
1093	0.999948	0.000237	0.027125	-0.000237	0.999948	0.521364	
1094	1.000518	0.000372	-0.449471	-0.000372	1.000518	0.137150	
1095	1.000884	0.000513	-0.760902	-0.000513	1.000884	0.329793	
1096	1.000532	0.000485	-0.549297	-0.000485	1.000532	0.139926	
1097	1.000732	0.000773	-0.661110	-0.000773	1.000732	0.633886	
1098	1.000300	0.000211	-0.005259	-0.000211	1.000300	0.469088	
1099	0.999863	0.000179	0.061478	-0.000179	0.999863	0.389636	
1100	1.000487	0.000461	-0.689461	-0.000461	1.000487	-0.377860	
1101	0.999848	0.000126	0.431252	-0.000126	0.999848	0.337882	
1102	1.000356	0.000235	-0.503525	-0.000235	1.000356	0.370422	
1103	1.000424	0.000401	-0.150303	-0.000401	1.000424	0.445385	
1104	1.000259	-0.000148	0.069133	0.000148	1.000259	-0.751623	
1105	1.000439	0.000346	-0.441829	-0.000346	1.000439	0.454819	
1106	1.000697	0.000204	-0.734376	-0.000204	1.000697	-0.039516	
1107	1.000328	0.000520	-0.643084	-0.000520	1.000328	0.449243	
1108	1.000865	0.000241	-0.874621	-0.000241	1.000865	0.209169	
1109	1.000573	0.000403	-0.648978	-0.000403	1.000573	0.416227	
1110	1.000637	0.000152	-0.377918	-0.000152	1.000637	0.119040	
1111	1.000652	0.000292	-0.473892	-0.000292	1.000652	0.316633	
1112	1.000585	0.000181	-0.529223	-0.000181	1.000585	-0.066494	
1113	1.000537	0.000239	-0.108359	-0.000239	1.000537	0.127649	
1114	1.000662	0.000121	-0.412155	-0.000121	1.000662	0.314278	
1115	1.000109	0.000078	0.009212	-0.000078	1.000109	-0.008536	
1116	1.000474	0.000510	-0.061333	-0.000510	1.000474	0.049415	
1117	1.000017	0.000082	-0.394207	-0.000082	1.000017	0.105025	
1118	1.000565	0.000379	-0.484637	-0.000379	1.000565	0.541510	
1119	1.000129	0.000237	0.326781	-0.000237	1.000129	0.693695	
1120	1.000860	0.000422	-1.102468	-0.000422	1.000860	-0.381926	
1121	1.000396	0.000429	-0.213138	-0.000429	1.000396	-0.036145	
1122	1.000827	0.000205	-0.611408	-0.000205	1.000827	-0.045617	
1123	1.000120	0.000306	-0.217905	-0.000306	1.000120	0.117686	
1124	1.000395	-0.000200	-0.902255	0.000200	1.000395	-0.178535	
1125	0.999794	-0.000054	-0.098496	0.000054	0.999794	0.200243	
1126	1.000912	0.000402	-0.319311	-0.000402	1.000912	-0.469648	
1127	1.000347	-0.000150	-0.250672	0.000150	1.000347	-0.140285	
1128	1.000283	-0.000022	-0.092808	0.000022	1.000283	0.229951	
1129	1.000176	0.000080	-0.397972	-0.000080	1.000176	0.164428	
1130	1.000712	0.000303	-0.752785	-0.000303	1.000712	-0.404791	
1131	1.000396	0.000155	0.229269	-0.000155	1.000396	0.199244	
1132	1.000744	0.000158	-0.769384	-0.000158	1.000744	0.043591	
1133	1.000591	0.000120	-0.620492	-0.000120	1.000591	0.156537	
1134	1.000834	0.000136	-1.270021	-0.000136	1.000834	0.054414	
1135	0.999909	0.000067	-0.203406	-0.000067	0.999909	0.244469	
1136	1.000615	0.000318	-0.608121	-0.000318	1.000615	-0.338120	
1137	1.000307	0.000091	-0.435046	-0.000091	1.000307	0.300675	
1138	1.000672	-0.000034	-0.934357	0.000034	1.000672	-0.072978	
1139	1.000021	0.000132	-0.425247	-0.000132	1.000021	0.437721	
1140	1.000167	0.000105	-0.151336	-0.000105	1.000167	-0.403941	
1141	0.999883	-0.000168	-0.211552	0.000168	0.999883	-0.401910	
1142	1.000444	0.000102	-0.117220	-0.000102	1.000444	0.174631	
1143	0.999431	-0.000279	0.650559	0.000279	0.999431	-0.312887	
1144	1.000402	0.000117	-0.214167	-0.000117	1.000402	-0.645976	
1145	0.999689	-0.000316	-0.102881	0.000316	0.999689	-0.101620	
1146	1.000449	0.000100	-0.867274	-0.000100	1.000449	0.092954	
1147	1.000043	-0.000101	-0.099341	0.000101	1.000043	-0.225496	
1148	1.000447	-0.000323	-0.667560	0.000323	1.000447	-0.178498	
1149	1.000039	0.000108	-0.376149	-0.000108	1.000039	0.313279	
1150	1.000608	-0.000218	-0.553082	0.000218	1.000608	-0.791630	
1151	1.000076	-0.000077	0.006618	0.000077	1.000076	-0.222443	
1152	1.000444	0.000088	-0.701754	-0.000088	1.000444	0.095573	
1153	0.999832	-0.000007	0.058622	0.000007	0.999832	0.426906	
1154	1.000141	-0.000074	0.179087	0.000074	1.000141	-0.134494	
1155	0.999686	0.000177	0.372007	-0.000177	0.999686	-0.164274	
1156	1.000368	-0.000039	-0.476413	0.000039	1.000368	-0.195802	
1157	1.000044	0.000043	-0.138646	-0.000043	1.000044	0.102018	
1158	1.000394	-0.000290	-0.367577	0.000290	1.000394	-0.753473	
1159	0.999585	0.000250	0.119916	-0.000250	0.999585	0.557423	
1160	1.000366	0.000077	-0.418892	-0.000077	1.000366	-0.503004	
1161	0.999979	-0.000201	-0.043780	0.000201	0.999979	0.260032	
1162	1.000337	0.000140	-0.917599	-0.000140	1.000337	0.148363	
1163	0.999835	0.000168	-0.099535	-0.000168	0.999835	0.348214	
1164	1.000522	0.000036	-0.723802	-0.000036	1.000522	0.166193	
1165	1.000115	0.000241	-0.184893	-0.000241	1.000115	0.327357	
1166	1.000432	0.000155	-0.842058	-0.000155	1.000432	0.186750	
1167	1.000277	0.000147	-0.365872	-0.000147	1.000277	0.235081	
1168	1.000419	0.000140	-0.578852	-0.000140	1.000419	0.365292	
1169	0.999690	-0.000017	0.185969	0.000017	0.999690	0.059258	
1170	1.000249	0.000258	-0.427629	-0.000258	1.000249	-0.433865	
1171	1.000091	-0.000077	-0.079611	0.000077	1.000091	-0.016942	
1172	1.000572	-0.000083	-0.718273	0.000083	1.000572	-0.164127	
1173	0.999929	0.000141	-0.353303	-0.000141	0.999929	-0.025623	
1174	1.000195	-0.000014	-0.358413	0.000014	1.000195	0.213434	
1175	1.000073	-0.000196	0.258928	0.000196	1.000073	0.081564	
1176	1.000285	0.000073	-0.510637	-0.000073	1.000285	0.062492	
1177	1.000335	-0.000163	-0.901753	0.000163	1.000335	-0.210359	
1178	1.000116	-0.000121	-0.305975	0.000121	1.000116	-0.094697	
1179	1.000644	-0.000026	-0.265139	0.000026	1.000644	-0.013115	
1180	1.000177	-0.000099	-0.215853	0.000099	1.000177	-0.177726	
1181	1.000047	0.000008	-0.054033	-0.000008	1.000047	-0.082322	
1182	0.999896	-0.000154	0.255444	0.000154	0.999896	-0.294515	
1183	1.000022	0.000249	-0.254785	-0.000249	1.000022	0.479450	
1184	1.000407	0.000025	-0.582899	-0.000025	1.000407	-0.121197	
1185	0.999649	0.000172	-0.054172	-0.000172	0.999649	0.328539	
1186	1.000277	-0.000022	-0.154582	0.000022	1.000277	-0.145600	
1187	0.999996	-0.000163	0.131024	0.000163	0.999996	-0.173949	
1188	1.000475	-0.000307	-0.552070	0.000307	1.000475	-0.296204	
1189	1.000344	0.000169	-1.147572	-0.000169	1.000344	0.401395	
1190	1.000201	-0.000197	0.130423	0.000197	1.000201	-0.167722	
1191	1.000109	-0.000001	0.036648	0.000001	1.000109	0.265471	
1192	1.000368	-0.000088	-0.239784	0.000088	1.000368	0.106341	
1193	0.999985	-0.000098	0.203447	0.000098	0.999985	-0.028725	
1194	1.000402	0.000021	-0.339644	-0.000021	1.000402	-0.172541	
1195	0.999781	0.000159	-0.278914	-0.000159	0.999781	0.693355	
1196	1.000429	-0.000364	-0.067252	0.000364	1.000429	-0.669329	
1197	0.999881	-0.000324	0.434548	0.000324	0.999881	0.370193	
1198	1.000383	-0.000107	-0.439139	0.000107	1.000383	-0.141551	
1199	1.000103	-0.000232	0.282726	0.000232	1.000103	-0.275866	
1200	1.000359	-0.000109	-0.279732	0.000109	1.000359	-0.208466	
1201	1.000421	-0.000348	-0.765093	0.000348	1.000421	-0.173145	
1202	1.000924	0.000029	-0.826589	-0.000029	1.000924	-0.202140	
1203	1.000277	-0.000393	-0.225342	0.000393	1.000277	0.105305	
1204	1.000800	-0.000082	-0.766440	0.000082	1.000800	0.149066	
1205	0.999828	-0.000167	-0.015928	0.000167	0.999828	-0.215835	
1206	1.000705	0.000146	-0.457581	-0.000146	1.000705	0.032953	
1207	0.999910	-0.000152	-0.099004	0.000152	0.999910	-0.169773	
1208	1.000290	-0.000127	-0.192539	0.000127	1.000290	-0.112724	
1209	0.999732	-0.000153	0.278019	0.000153	0.999732	0.479121	
1210	1.000455	-0.000017	-0.563037	0.000017	1.000455	-0.004404	
1211	1.000014	0.000034	-0.117430	-0.000034	1.000014	-0.017136	
1212	1.000171	-0.000113	0.212948	0.000113	1.000171	0.049559	
1213	1.000165	-0.000204	-0.044471	0.000204	1.000165	-0.099912	
1214	1.000574	0.000007	-0.475217	-0.000007	1.000574	0.214858	
1215	1.000003	-0.000198	0.197302	0.000198	1.000003	0.448493	
1216	1.000327	-0.000006	-0.310801	0.000006	1.000327	-0.445286	
1217	1.000397	-0.000068	-0.545467	0.000068	1.000397	-0.288073	
1218	1.000394	-0.000339	-0.628578	0.000339	1.000394	-0.302682	
1219	0.999911	-0.000236	0.070208	0.000236	0.999911	-0.168820	
1220	1.000368	-0.000318	-0.212131	0.000318	1.000368	-0.256661	
1221	1.000012	-0.000321	0.048240	0.000321	1.000012	-0.397724	
1222	1.000457	-0.000176	-0.479045	0.000176	1.000457	-0.370028	
1223	1.000004	-0.000497	0.274502	0.000497	1.000004	-0.536229	
1224	1.000376	-0.000644	-0.345832	0.000644	1.000376	-1.111058	
1225	1.000102	-0.000372	-0.092392	0.000372	1.000102	-0.215099	
1226	1.000534	-0.000106	-0.531007	0.000106	1.000534	-0.112980	
1227	1.000021	-0.000385	-0.050356	0.000385	1.000021	-0.207213	
1228	1.000388	-0.000458	-0.460403	0.000458	1.000388	0.152140	
1229	1.000279	0.000001	-0.201078	-0.000001	1.000279	0.638030	
1230	1.000386	-0.000037	-0.275501	0.000037	1.000386	-0.557222	
1231	0.999976	-0.000051	0.397512	0.000051	0.999976	-0.478007	
1232	1.000406	-0.000164	-0.744136	0.000164	1.000406	-0.234899	
1233	0.999986	-0.000324	0.037167	0.000324	0.999986	-0.224008	
1234	1.000385	-0.000183	-0.686365	0.000183	1.000385	-0.309564	
1235	0.999851	-0.000216	0.568339	0.000216	0.999851	-0.229964	
1236	1.000388	-0.000070	-0.544413	0.000070	1.000388	-0.829218	
1237	0.999727	-0.000183	0.334424	0.000183	0.999727	-0.520338	
1238	1.000533	-0.000119	-0.866894	0.000119	1.000533	-0.270488	
1239	1.000074	-0.000150	-0.523772	0.000150	1.000074	0.063876	
1240	1.000291	0.000059	-0.462267	-0.000059	1.000291	-0.377363	
1241	1.000102	-0.000224	0.047718	0.000224	1.000102	-0.124390	
1242	1.000828	-0.000072	-1.003292	0.000072	1.000828	-0.323827	
1243	1.000058	0.000302	-0.225441	-0.000302	1.000058	-0.214974	
1244	1.000549	-0.000166	-0.031707	0.000166	1.000549	-0.321051	
1245	1.000083	-0.000725	0.030625	0.000725	1.000083	-0.082065	
1246	1.000307	-0.000068	-0.668916	0.000068	1.000307	-0.115748	
1247	1.000153	-0.000422	0.087939	0.000422	1.000153	-0.661305	
1248	1.000396	-0.000151	-0.183467	0.000151	1.000396	-0.653508	
1249	1.000261	-0.000021	-0.590280	0.000021	1.000261	-0.227878	
1250	1.000593	-0.000366	-0.611993	0.000366	1.000593	-0.443510	
1251	1.000157	-0.000303	-0.258233	0.000303	1.000157	-0.431111	
1252	1.000868	-0.000041	-0.629388	0.000041	1.000868	-0.147985	
1253	1.000380	-0.000022	-0.501330	0.000022	1.000380	-0.199780	
1254	1.000473	-0.000134	-0.589906	0.000134	1.000473	-0.352945	
1255	1.000384	-0.000347	-0.524642	0.000347	1.000384	-0.255108	
1256	1.000762	-0.000331	-1.079233	0.000331	1.000762	-0.323879	
1257	1.000116	-0.000506	0.090026	0.000506	1.000116	-0.428564	
1258	1.000405	-0.000204	-0.400080	0.000204	1.000405	-0.271393	
1259	1.000493	-0.000219	-0.574917	0.000219	1.000493	-0.151999	
1260	1.000289	-0.000260	-0.247562	0.000260	1.000289	-0.341491	
1261	1.000069	0.000031	-0.138719	-0.000031	1.000069	-0.179083	
1262	1.000316	-0.000173	-0.406318	0.000173	1.000316	-0.314751	
1263	1.000217	-0.000120	-0.420778	0.000120	1.000217	-0.166833	
1264	1.000289	-0.000155	-0.421882	0.000155	1.000289	-0.284487	
1265	1.000286	-0.000114	-0.356849	0.000114	1.000286	-0.113984	
1266	1.000400	-0.000061	-0.342063	0.000061	1.000400	-0.206645	
1267	1.000153	-0.000398	0.013028	0.000398	1.000153	-0.175361	
1268	1.000608	-0.000656	-0.620383	0.000656	1.000608	-0.720578	
1269	1.000290	-0.000295	-0.965588	0.000295	1.000290	0.016021	
1270	1.000649	-0.000364	-0.260053	0.000364	1.000649	-0.452927	
1271	1.000279	-0.000011	-0.449387	0.000011	1.000279	0.073745	
1272	1.000340	-0.000115	-0.204644	0.000115	1.000340	-0.724658	
1273	1.000287	0.000061	-0.371144	-0.000061	1.000287	0.099376	
1274	1.000590	-0.000150	-0.232608	0.000150	1.000590	-0.092113	
1275	1.000124	-0.000010	-0.160903	0.000010	1.000124	-0.027050	
1276	1.000390	-0.000102	-0.436430	0.000102	1.000390	-0.274418	
1277	1.000247	-0.000050	-0.301516	0.000050	1.000247	-0.078402	
1278	1.000523	-0.000304	-0.838520	0.000304	1.000523	-0.448229	
1279	1.000258	-0.000027	-0.739271	0.000027	1.000258	-0.452385	
1280	1.000848	-0.000336	-0.953964	0.000336	1.000848	-0.074430	
1281	1.000133	-0.000371	-0.249150	0.000371	1.000133	-0.226236	
1282	1.000412	-0.000204	-0.419673	0.000204	1.000412	-0.153158	
1283	1.000260	-0.000045	-0.384900	0.000045	1.000260	-0.089353	
1284	1.000306	-0.000029	-0.527316	0.000029	1.000306	0.119999	
1285	1.000399	-0.000017	-0.607251	0.000017	1.000399	-0.176003	
1286	1.000319	-0.000040	-0.172239	0.000040	1.000319	-0.026943	
1287	1.000247	0.000120	-0.385917	-0.000120	1.000247	0.007785	
1288	1.000261	-0.000028	-0.358151	0.000028	1.000261	-0.280188	
1289	1.000337	0.000130	-0.293033	-0.000130	1.000337	0.044515	
1290	1.000349	-0.000060	-0.413362	0.000060	1.000349	-0.225153	
1291	1.000588	0.000254	-1.113723	-0.000254	1.000588	0.401540	
1292	1.000421	-0.000197	-0.361310	0.000197	1.000421	-0.428294	
1293	1.000396	-0.000173	-0.386702	0.000173	1.000396	-0.256846	
1294	1.000409	-0.000294	-0.511078	0.000294	1.000409	-0.425315	
1295	1.000230	-0.000222	-0.155612	0.000222	1.000230	-0.248935	
1296	1.000251	-0.000162	-0.333676	0.000162	1.000251	-0.044638	
1297	1.000132	-0.000257	-0.280061	0.000257	1.000132	-0.242612	
1298	1.000462	-0.000066	-0.597347	0.000066	1.000462	0.130586	
1299	1.000138	-0.000031	0.064294	0.000031	1.000138	0.636031	
1300	1.000085	-0.000167	-0.330869	0.000167	1.000085	-0.518049	
1301	0.999995	-0.000037	-0.192316	0.000037	0.999995	0.091571	
1302	1.000324	-0.000029	-0.190003	0.000029	1.000324	-0.091718	
1303	1.000095	-0.000158	0.296512	0.000158	1.000095	-0.196505	
1304	1.000615	-0.000118	-0.704000	0.000118	1.000615	0.025858	
1305	1.000270	-0.000023	-0.172340	0.000023	1.000270	0.445851	
1306	1.000468	-0.000076	-0.406374	0.000076	1.000468	0.324064	
1307	1.000245	0.000092	-0.426761	-0.000092	1.000245	0.052355	
1308	1.000863	0.000322	-1.125970	-0.000322	1.000863	0.198977	
1309	1.000174	0.000052	-0.080172	-0.000052	1.000174	-0.006618	
1310	1.000245	0.000100	-0.283874	-0.000100	1.000245	0.027735	
1311	1.000014	-0.000207	-0.009125	0.000207	1.000014	-0.199926	
1312	1.000718	0.000154	-0.838778	-0.000154	1.000718	0.290019	
1313	0.999936	-0.000342	0.040608	0.000342	0.999936	-0.114170	
1314	1.000419	-0.000121	-0.222953	0.000121	1.000419	-0.284858	
1315	1.000410	-0.000349	-0.393866	0.000349	1.000410	-0.263036	
1316	1.000550	-0.000218	-0.456278	0.000218	1.000550	-0.182711	
1317	1.000406	-0.000105	-0.378853	0.000105	1.000406	-0.164551	
1318	1.000814	0.000131	-0.677873	-0.000131	1.000814	0.000515	
1319	1.000001	0.000112	0.126837	-0.000112	1.000001	0.461281	
1320	1.000223	0.000014	-0.289532	-0.000014	1.000223	0.354186	
1321	0.999852	-0.000191	0.156168	0.000191	0.999852	0.559046	
1322	1.000354	0.000011	-0.342934	-0.000011	1.000354	-0.123368	
1323	1.000019	0.000307	-0.105509	-0.000307	1.000019	-0.122719	
1324	1.000622	-0.000080	-1.047113	0.000080	1.000622	-0.633351	
1325	0.999692	-0.000368	0.389918	0.000368	0.999692	0.243875	
1326	1.000344	-0.000260	-0.202116	0.000260	1.000344	0.024169	
1327	0.999850	-0.000383	0.383713	0.000383	0.999850	-0.499097	
1328	1.000259	-0.000182	-0.463520	0.000182	1.000259	-0.355919	
1329	0.999943	-0.000088	0.080403	0.000088	0.999943	-0.141534	
1330	1.000135	-0.000062	-0.055511	0.000062	1.000135	-0.144631	
1331	0.999799	0.000032	0.036127	-0.000032	0.999799	0.296754	
1332	1.000471	0.000003	-0.788064	-0.000003	1.000471	0.019585	
1333	1.000012	0.000080	0.072538	-0.000080	1.000012	0.015272	
1334	1.000329	0.000164	-0.127800	-0.000164	1.000329	-0.083694	
1335	0.999956	0.000094	-0.383205	-0.000094	0.999956	0.168987	
1336	1.000451	-0.000169	-0.397494	0.000169	1.000451	-0.246569	
1337	0.999973	-0.000264	-0.017360	0.000264	0.999973	-0.154033	
1338	1.000733	0.000086	-1.282734	-0.000086	1.000733	-0.229492	
1339	0.999961	-0.000220	0.075112	0.000220	0.999961	-0.054902	
1340	1.000577	-0.000375	-0.308173	0.000375	1.000577	-0.074693	
1341	0.999563	-0.000234	0.174630	0.000234	0.999563	-0.062001	
1342	1.000324	0.000049	-0.174370	-0.000049	1.000324	-0.367027	
1343	1.000198	-0.000051	-0.129099	0.000051	1.000198	0.335436	
1344	1.000176	-0.000235	-0.214417	0.000235	1.000176	-0.395106	
1345	1.000059	0.000156	-0.189151	-0.000156	1.000059	0.424897	
1346	1.000377	0.000036	-0.294306	-0.000036	1.000377	-0.221342	
1347	1.000067	-0.000013	0.082657	0.000013	1.000067	0.253569	
1348	1.000541	-0.000208	-0.597492	0.000208	1.000541	-0.270804	
1349	1.000054	-0.000310	-0.175300	0.000310	1.000054	-0.216270	
1350	1.000705	-0.000322	0.132417	0.000322	1.000705	-0.392961	
1351	1.000244	-0.000332	0.154015	0.000332	1.000244	-0.362222	
1352	1.000633	-0.000324	-0.943733	0.000324	1.000633	-0.434972	
1353	1.000116	-0.000325	-0.134622	0.000325	1.000116	-0.548069	
1354	1.000298	-0.000065	-0.248948	0.000065	1.000298	-0.231374	
1355	1.000024	-0.000267	0.127935	0.000267	1.000024	-0.552593	
1356	1.000178	-0.000307	0.085972	0.000307	1.000178	-0.650755	
1357	1.000368	0.000032	-0.203297	-0.000032	1.000368	-0.105325	
1358	1.000522	-0.000185	-0.257459	0.000185	1.000522	-0.246710	
1359	1.000268	0.000029	-0.429552	-0.000029	1.000268	0.211724	
1360	1.000520	0.000031	-0.201494	-0.000031	1.000520	-0.096805	
1361	1.000283	-0.000251	-0.089943	0.000251	1.000283	-0.379036	
1362	1.001011	-0.000262	-0.925329	0.000262	1.001011	-0.348397	
1363	1.000125	-0.000108	-0.043460	0.000108	1.000125	-0.175662	
1364	1.000314	0.000152	-0.200125	-0.000152	1.000314	0.148041	
1365	0.999882	0.000127	0.194881	-0.000127	0.999882	0.108504	
1366	0.999928	-0.000028	0.189852	0.000028	0.999928	-0.141297	
1367	0.999278	0.000182	1.202582	-0.000182	0.999278	0.283491	
1368	1.000955	-0.000169	-0.890620	0.000169	1.000955	-1.023627	
1369	0.999542	-0.000417	0.466240	0.000417	0.999542	-0.154539	
1370	0.999994	-0.000148	0.494234	0.000148	0.999994	0.166557	
1371	0.999813	-0.000340	0.404427	0.000340	0.999813	-0.154923	
1372	1.000284	-0.000508	0.156392	0.000508	1.000284	-0.571092	
1373	0.999501	-0.000269	1.000462	0.000269	0.999501	0.585010	
1374	1.000481	-0.000333	-0.641678	0.000333	1.000481	-0.451831	
1375	1.000100	-0.000262	-0.193244	0.000262	1.000100	-0.081988	
1376	1.000504	-0.000116	-0.872515	0.000116	1.000504	0.026032	
1377	1.000192	-0.000329	0.186378	0.000329	1.000192	-0.862821	
1378	1.000708	-0.000176	-0.092368	0.000176	1.000708	-0.251430	
1379	1.000006	-0.000182	-0.187164	0.000182	1.000006	0.034710	
1380	1.000485	0.000138	-0.557866	-0.000138	1.000485	-0.430312	
1381	1.000354	-0.000394	-0.459993	0.000394	1.000354	-0.784255	
1382	1.000670	-0.000171	-0.272597	0.000171	1.000670	-0.002839	
1383	1.000435	-0.000409	-0.237700	0.000409	1.000435	-0.450221	
1384	1.001016	-0.000445	-0.949081	0.000445	1.001016	-0.858966	
1385	1.000642	-0.000382	-0.525457	0.000382	1.000642	-0.494929	
1386	1.001177	-0.000111	-1.221019	0.000111	1.001177	-0.007903	
1387	1.000813	0.000013	-0.880267	-0.000013	1.000813	0.129213	
1388	1.000796	-0.000236	-1.081872	0.000236	1.000796	-0.492312	
1389	1.000180	-0.000032	-0.134471	0.000032	1.000180	0.145516	
1390	1.000497	-0.000273	-0.405342	0.000273	1.000497	-0.759928	
1391	0.999989	-0.000118	0.162842	0.000118	0.999989	-0.111884	
1392	1.000707	-0.000252	-0.357406	0.000252	1.000707	-0.524232	
1393	1.000306	-0.000445	-0.655824	0.000445	1.000306	-0.345780	
1394	1.000743	-0.000129	-0.771032	0.000129	1.000743	-0.256431	
1395	1.000267	-0.000410	-0.152974	0.000410	1.000267	-0.392697	
1396	1.000889	-0.000612	-1.044424	0.000612	1.000889	-0.319909	
1397	1.000493	-0.000143	-0.828566	0.000143	1.000493	-0.103107	
1398	1.000679	-0.000441	-0.652411	0.000441	1.000679	-0.521857	
1399	1.000262	-0.000294	-0.706622	0.000294	1.000262	0.009204	
1400	1.001102	-0.000277	-1.279994	0.000277	1.001102	-0.273370	
1401	1.000292	-0.000293	-0.104328	0.000293	1.000292	-0.583579	
1402	1.000858	-0.000371	-0.948715	0.000371	1.000858	-0.810449	
1403	1.000371	-0.000489	-0.273172	0.000489	1.000371	-0.337836	
1404	1.000401	-0.000755	-0.536196	0.000755	1.000401	-0.444018	
1405	1.000276	-0.000519	-0.114674	0.000519	1.000276	-0.479390	
1406	1.000638	-0.000407	-0.899354	0.000407	1.000638	-0.572683	
1407	0.999844	-0.000465	0.649326	0.000465	0.999844	-0.484116	
1408	1.000846	-0.000432	-1.046239	0.000432	1.000846	-0.993954	
1409	1.000232	-0.000762	-0.943567	0.000762	1.000232	-0.414082	
1410	1.000655	-0.000394	-0.398934	0.000394	1.000655	-0.377244	
1411	1.000412	-0.000109	-0.454078	0.000109	1.000412	0.033067	
1412	1.000630	-0.000217	-0.631808	0.000217	1.000630	-0.336461	
1413	1.000685	-0.000378	-0.881503	0.000378	1.000685	-0.415364	
1414	1.000771	-0.000153	-0.959250	0.000153	1.000771	-1.042441	
1415	1.000331	-0.000704	-0.296907	0.000704	1.000331	-0.656571	
1416	1.000798	-0.000799	-0.911950	0.000799	1.000798	-0.515479	
1417	1.000112	-0.000619	-0.212246	0.000619	1.000112	-0.678351	
1418	1.000759	-0.000712	-0.396083	0.000712	1.000759	-1.654909	
1419	1.000138	-0.000351	-0.424808	0.000351	1.000138	-0.127382	
1420	1.000503	-0.000619	-0.438208	0.000619	1.000503	-0.914119	
1421	1.000251	-0.000549	-0.357145	0.000549	1.000251	-0.431687	
1422	1.000841	-0.000227	-1.472413	0.000227	1.000841	-0.135482	
1423	1.000228	-0.000322	0.299920	0.000322	1.000228	-0.867287	
1424	1.000829	-0.000014	-1.157609	0.000014	1.000829	-0.043571	
1425	1.000202	-0.000011	-0.485320	0.000011	1.000202	0.213986	
1426	1.000661	0.000048	-0.811474	-0.000048	1.000661	-0.056527	
1427	1.000074	-0.000056	-0.037020	0.000056	1.000074	-0.104416	
1428	1.001036	-0.000137	-1.203192	0.000137	1.001036	-0.372306	
1429	1.000443	-0.000087	-0.475786	0.000087	1.000443	-0.015391	
1430	1.001024	-0.000409	-1.002093	0.000409	1.001024	-0.417757	
1431	1.000373	-0.000273	-0.292217	0.000273	1.000373	-0.550306	
1432	1.000733	-0.000122	-1.152147	0.000122	1.000733	-0.958057	
1433	1.000519	-0.000286	-0.394140	0.000286	1.000519	-0.414402	
1434	1.000606	-0.000441	-0.837622	0.000441	1.000606	-0.472892	
1435	1.000529	-0.000306	-0.552105	0.000306	1.000529	-0.567074	
1436	1.000708	-0.000428	-0.200325	0.000428	1.000708	-1.163028	
1437	1.000340	-0.000586	-0.567945	0.000586	1.000340	-0.197107	
1438	1.000742	0.000094	-1.248715	-0.000094	1.000742	0.062547	
1439	1.000026	-0.000160	0.016255	0.000160	1.000026	-0.886216	
1440	1.000690	-0.000155	-0.800300	0.000155	1.000690	-0.179501	
1441	1.000505	0.000020	-0.667484	-0.000020	1.000505	0.150605	
1442	1.000539	-0.000067	-0.467755	0.000067	1.000539	-0.529215	
1443	1.000051	-0.000232	0.209849	0.000232	1.000051	-0.126269	
1444	1.000244	-0.000169	-0.148903	0.000169	1.000244	0.046355	
1445	1.000148	-0.000277	-0.101346	0.000277	1.000148	-0.500470	
1446	1.000508	-0.000025	-0.406547	0.000025	1.000508	-0.690090	
1447	1.000482	-0.000589	-0.418125	0.000589	1.000482	-0.719220	
1448	1.000685	-0.000130	-1.256987	0.000130	1.000685	-0.301483	
1449	1.000369	-0.000396	-0.108021	0.000396	1.000369	-0.755259	
1450	1.000884	-0.000144	-0.984819	0.000144	1.000884	-0.111124	
1451	1.000306	0.000015	-0.467088	-0.000015	1.000306	0.169745	
1452	1.000855	0.000287	-0.702788	-0.000287	1.000855	-0.579405	
1453	1.000316	0.000105	-0.113609	-0.000105	1.000316	-0.420824	
1454	1.000208	-0.000072	0.030213	0.000072	1.000208	-0.018306	
1455	1.000503	-0.000115	-0.598299	0.000115	1.000503	-0.192247	
1456	1.000556	-0.000311	-0.546475	0.000311	1.000556	-0.533275	
1457	1.000209	-0.000070	-0.257909	0.000070	1.000209	-0.318349	
1458	1.000953	-0.000189	-1.174134	0.000189	1.000953	-0.788245	
1459	1.000633	-0.000004	-0.345548	0.000004	1.000633	-0.388178	
1460	1.000768	-0.000456	-0.573553	0.000456	1.000768	-0.473637	
1461	1.000134	-0.000267	-0.164194	0.000267	1.000134	-0.207207	
1462	1.000770	0.000136	-0.593023	-0.000136	1.000770	-0.513063	
1463	1.000549	-0.000296	-0.599727	0.000296	1.000549	-0.860055	
1464	1.001255	0.000183	-1.093382	-0.000183	1.001255	-0.057533	
1465	1.000167	-0.000036	-0.151695	0.000036	1.000167	-0.073288	
1466	1.000203	-0.000081	-0.020706	0.000081	1.000203	-0.130865	
1467	1.000215	0.000125	-0.066781	-0.000125	1.000215	0.076749	
1468	1.000183	-0.000094	-0.072845	0.000094	1.000183	-0.234186	
1469	1.000021	-0.000019	0.527869	0.000019	1.000021	-0.426094	
1470	1.000327	-0.000200	-0.036658	0.000200	1.000327	-0.496018	
1471	0.999975	-0.000289	0.211189	0.000289	0.999975	0.166846	
1472	1.000541	0.000100	-0.340654	-0.000100	1.000541	-0.118864	
1473	1.000293	-0.000259	-0.212885	0.000259	1.000293	-0.272047	
1474	1.000844	0.000054	-0.489131	-0.000054	1.000844	-0.421522	
1475	1.000003	0.000212	0.448683	-0.000212	1.000003	0.315632	
1476	1.000894	-0.000163	-1.072273	0.000163	1.000894	-0.273503	
1477	1.000440	0.000071	-0.565645	-0.000071	1.000440	0.137228	
1478	1.001580	0.000144	-1.020142	-0.000144	1.001580	-0.641476	
1479	1.000047	0.000275	0.140438	-0.000275	1.000047	0.356621	
1480	1.000380	0.000244	-0.150838	-0.000244	1.000380	0.043530	
1481	0.999914	-0.000052	0.791106	0.000052	0.999914	-0.016347	
1482	1.000432	0.000179	-0.199310	-0.000179	1.000432	0.039010	
1483	0.999919	0.000148	0.455184	-0.000148	0.999919	0.185987	
1484	1.000243	-0.000084	-0.083990	0.000084	1.000243	-0.053660	
1485	1.000407	-0.000143	-0.362350	0.000143	1.000407	-0.171633	
1486	1.000538	-0.000258	-0.419701	0.000258	1.000538	-0.508186	
1487	0.999873	-0.000169	0.059876	0.000169	0.999873	-0.318228	
1488	1.000812	-0.000375	-0.208988	0.000375	1.000812	-0.788051	
1489	1.000123	-0.000242	-0.042162	0.000242	1.000123	-0.629261	
1490	1.001438	0.000044	-1.128437	-0.000044	1.001438	-0.002752	
1491	1.001057	-0.000018	-0.845890	0.000018	1.001057	-0.040648	
1492	1.000160	-0.000028	0.749249	0.000028	1.000160	-0.088971	
1493	1.000937	-0.000066	-1.380763	0.000066	1.000937	-0.048570	
1494	1.000614	-0.000009	-0.336861	0.000009	1.000614	-0.215495	
1495	1.000187	-0.000244	0.043508	0.000244	1.000187	-0.239746	
1496	1.000943	-0.000207	-0.897466	0.000207	1.000943	-0.436260	
1497	0.999782	-0.000053	0.504944	0.000053	0.999782	0.099159	
1498	1.000173	-0.000177	0.100566	0.000177	1.000173	-0.245458	
1499	1.000221	-0.000298	0.025608	0.000298	1.000221	-0.209180	
1500	1.000743	-0.000463	-0.582262	0.000463	1.000743	-0.482983	
1501	0.999973	-0.000342	0.217494	0.000342	0.999973	-0.337445	
1502	1.000415	-0.000199	-0.418563	0.000199	1.000415	-0.369703	
1503	0.999680	-0.000173	0.831732	0.000173	0.999680	-0.152888	
1504	1.001346	-0.000255	-1.282782	0.000255	1.001346	-0.218145	
1505	0.999881	-0.000447	0.451183	0.000447	0.999881	0.085857	
1506	1.000227	0.000024	-0.031914	-0.000024	1.000227	-0.069542	
1507	0.999837	-0.000110	0.028415	0.000110	0.999837	0.071291	
1508	1.000537	-0.000213	-0.706699	0.000213	1.000537	-0.548913	
1509	1.000111	0.000101	0.035038	-0.000101	1.000111	0.207900	
1510	1.000555	-0.000204	-0.220579	0.000204	1.000555	-0.695219	
1511	1.000199	-0.000113	0.204010	0.000113	1.000199	0.332259	
1512	1.001030	-0.000295	-0.383389	0.000295	1.001030	0.276936	
1513	1.000167	-0.000254	-0.184320	0.000254	1.000167	-0.123188	
1514	1.000818	-0.000232	-1.022029	0.000232	1.000818	-0.465690	
1515	1.000758	-0.000285	-0.469216	0.000285	1.000758	0.082769	
1516	1.000779	-0.000069	-0.582657	0.000069	1.000779	-0.265359	
1517	0.999955	-0.000107	0.399495	0.000107	0.999955	0.149117	
1518	1.000704	0.000098	-0.583096	-0.000098	1.000704	0.015658	
1519	1.000306	-0.000061	0.078407	0.000061	1.000306	-0.346159	
1520	1.000166	-0.000066	0.115424	0.000066	1.000166	-0.201307	
1521	1.000117	-0.000058	0.107982	0.000058	1.000117	0.472536	
1522	1.000529	-0.000139	-0.516936	0.000139	1.000529	-0.028004	
1523	1.000462	0.000001	-0.315911	-0.000001	1.000462	0.129416	
1524	1.000699	-0.000123	-0.749742	0.000123	1.000699	-0.361168	
1525	1.000266	0.000185	-0.647837	-0.000185	1.000266	-0.043362	
1526	1.000847	-0.000251	-0.560995	0.000251	1.000847	-0.585774	
1527	1.000292	-0.000264	-0.295784	0.000264	1.000292	0.010642	
1528	0.999890	-0.000156	0.192042	0.000156	0.999890	-0.080977	
1529	1.000505	-0.000477	-0.363958	0.000477	1.000505	-0.831949	
1530	1.000998	-0.000496	-1.086775	0.000496	1.000998	-1.027999	
1531	1.000049	-0.000070	-0.330698	0.000070	1.000049	0.205612	
1532	1.001303	0.000090	-1.034962	-0.000090	1.001303	-0.303405	
1533	1.000009	-0.000606	-0.358833	0.000606	1.000009	-0.584642	
1534	1.000562	-0.000078	-1.142950	0.000078	1.000562	0.071466	
1535	1.000186	0.000008	0.159664	-0.000008	1.000186	0.563683	
1536	1.000617	-0.000107	-0.295612	0.000107	1.000617	-0.820612	
1537	1.000212	0.000126	-0.428549	-0.000126	1.000212	0.016013	
1538	1.000532	-0.000148	-0.216566	0.000148	1.000532	-0.329644	
1539	1.000658	-0.000279	-0.774364	0.000279	1.000658	-0.398424	
1540	1.000932	-0.000184	-1.497449	0.000184	1.000932	-0.432324	
1541	1.000599	-0.000235	-0.988597	0.000235	1.000599	-0.355121	
1542	1.000568	-0.000168	-0.561576	0.000168	1.000568	-0.265907	
1543	1.000450	-0.000259	-0.267557	0.000259	1.000450	-0.517927	
1544	1.000463	0.000012	-0.544193	-0.000012	1.000463	-0.789752	
1545	1.000435	-0.000121	-0.643125	0.000121	1.000435	-0.157205	
1546	1.000406	-0.000153	-0.871278	0.000153	1.000406	-0.041167	
1547	1.000463	-0.000153	-0.525548	0.000153	1.000463	0.054888	
1548	1.000376	-0.000174	-0.243346	0.000174	1.000376	-0.135527	
1549	1.000117	0.000128	-1.048137	-0.000128	1.000117	0.409271	
1550	1.000552	-0.000004	-0.653625	0.000004	1.000552	-0.037958	
1551	1.000465	-0.000008	-0.349930	0.000008	1.000465	0.030884	
1552	1.000534	0.000042	-0.605703	-0.000042	1.000534	-0.187715	
1553	1.000800	0.000037	-1.383598	-0.000037	1.000800	-0.005246	
1554	1.000500	-0.000109	-0.555631	0.000109	1.000500	-0.120775	
1555	1.000267	0.000065	-0.740781	-0.000065	1.000267	-0.486363	
1556	1.000407	-0.000034	-0.585540	0.000034	1.000407	-0.198293	
1557	1.000413	-0.000164	-0.587479	0.000164	1.000413	-0.056259	
1558	1.000281	-0.000332	-0.917540	0.000332	1.000281	-0.444456	
1559	1.000532	-0.000034	-0.952095	0.000034	1.000532	-0.503852	
1560	1.000416	-0.000262	-0.396264	0.000262	1.000416	-0.729771	
1561	1.000592	-0.000048	-1.390036	0.000048	1.000592	-0.205629	
1562	1.000551	-0.000041	-0.432162	0.000041	1.000551	0.048077	
1563	1.000695	-0.000071	-0.953643	0.000071	1.000695	0.031139	
1564	1.000696	-0.000020	-0.578264	0.000020	1.000696	-0.027210	
1565	1.000365	-0.000066	-0.625416	0.000066	1.000365	0.047451	
1566	1.001105	0.000409	-1.451296	-0.000409	1.001105	0.043071	
1567	1.000382	0.000014	0.010506	-0.000014	1.000382	0.262884	
1568	1.000719	0.000354	-0.730274	-0.000354	1.000719	-0.268996	
1569	1.000554	-0.000005	-0.606527	0.000005	1.000554	-0.107849	
1570	1.000868	0.000119	-1.422571	-0.000119	1.000868	0.101453	
1571	1.000546	0.000014	-0.556582	-0.000014	1.000546	0.071927	
1572	1.000700	-0.000046	-0.814010	0.000046	1.000700	-0.224288	
1573	1.000337	-0.000114	-0.819855	0.000114	1.000337	0.138209	
1574	1.000598	-0.000232	-0.651023	0.000232	1.000598	-0.312325	
1575	1.000315	-0.000089	-0.360910	0.000089	1.000315	-0.001841	
1576	1.000829	0.000151	-0.580024	-0.000151	1.000829	-0.105293	
1577	1.000690	-0.000372	-0.826240	0.000372	1.000690	-0.316099	
1578	1.000834	-0.000095	-0.556002	0.000095	1.000834	0.253659	
1579	1.000542	0.000067	-1.369440	-0.000067	1.000542	0.290656	
1580	1.001068	-0.000021	-1.024812	0.000021	1.001068	-0.386616	
1581	1.000354	-0.000178	0.104818	0.000178	1.000354	-0.032452	
1582	1.000818	-0.000129	-0.626305	0.000129	1.000818	0.007046	
1583	1.000527	-0.000005	-0.543611	0.000005	1.000527	0.083143	
1584	1.000903	-0.000009	-0.563294	0.000009	1.000903	-0.382520	
1585	1.000595	-0.000219	-0.479850	0.000219	1.000595	-0.223222	
1586	1.000955	-0.000213	-0.764679	0.000213	1.000955	-0.442292	
1587	1.000526	-0.000248	-0.454509	0.000248	1.000526	-0.334598	
1588	1.001119	-0.000125	-0.540141	0.000125	1.001119	-0.338474	
1589	1.000645	-0.000371	-0.655408	0.000371	1.000645	-0.176726	
1590	1.001158	-0.000162	-0.883420	0.000162	1.001158	-0.063790	
1591	1.000728	-0.000228	-0.186981	0.000228	1.000728	0.342877	
1592	1.001083	-0.000144	-0.865008	0.000144	1.001083	-0.189923	
1593	1.000670	0.000098	-0.425115	-0.000098	1.000670	0.289818	
1594	1.000876	-0.000175	-0.696313	0.000175	1.000876	-0.233643	
1595	1.000562	0.000056	-0.453143	-0.000056	1.000562	-0.033244	
1596	1.001162	-0.000023	-0.457644	0.000023	1.001162	0.029587	
1597	1.000200	-0.000230	0.293129	0.000230	1.000200	0.445108	
1598	1.000962	-0.000193	-0.921067	0.000193	1.000962	-0.118001	
1599	1.000385	-0.000180	-0.012803	0.000180	1.000385	-0.199962	
1600	1.000884	-0.000261	-0.781929	0.000261	1.000884	-0.066876	
1601	1.000419	-0.000104	-0.346351	0.000104	1.000419	0.714433	
1602	1.000966	-0.000384	-0.754651	0.000384	1.000966	-0.475582	
1603	1.000611	-0.000257	-0.268049	0.000257	1.000611	0.018868	
1604	1.000930	-0.000437	-0.275232	0.000437	1.000930	0.008383	
1605	1.000432	-0.000303	-0.047850	0.000303	1.000432	-0.083591	
1606	1.000782	0.000067	-0.095167	-0.000067	1.000782	0.267754	
1607	1.000388	-0.000115	-0.790586	0.000115	1.000388	0.049860	
1608	1.001125	-0.000151	-0.795290	0.000151	1.001125	-0.202811	
1609	1.000487	-0.000127	-0.129457	0.000127	1.000487	0.681899	
1610	1.000979	-0.000244	-0.617845	0.000244	1.000979	-0.459084	
1611	1.000673	-0.000065	-0.564574	0.000065	1.000673	-0.346076	
1612	1.001336	-0.000447	-0.592057	0.000447	1.001336	-1.042698	
1613	1.000597	-0.000000	-0.207109	0.000000	1.000597	0.529234	
1614	1.001290	-0.000176	-1.781892	0.000176	1.001290	0.094614	
1615	1.000728	-0.000212	-0.441403	0.000212	1.000728	0.185979	
1616	1.001155	-0.000217	-0.562670	0.000217	1.001155	-0.389741	
1617	1.000958	0.000188	-0.684939	-0.000188	1.000958	-0.000517	
1618	1.001144	0.000078	-0.832724	-0.000078	1.001144	-0.131528	
1619	1.000804	-0.000049	-0.523499	0.000049	1.000804	0.045801	
1620	1.001053	-0.000416	-0.907986	0.000416	1.001053	-0.321154	
1621	1.000655	-0.000105	-0.846238	0.000105	1.000655	0.034819	
1622	1.001091	-0.000059	-0.362881	0.000059	1.001091	-0.014948	
1623	1.000853	-0.000212	-0.545469	0.000212	1.000853	-0.421433	
1624	1.000969	-0.000146	-1.026232	0.000146	1.000969	-0.314714	
1625	1.000518	-0.000280	-0.457065	0.000280	1.000518	-0.072864	
1626	1.000874	-0.000283	-0.910955	0.000283	1.000874	-0.266654	
1627	1.000516	-0.000305	-0.553420	0.000305	1.000516	-0.251590	
1628	1.000846	-0.000132	-0.715388	0.000132	1.000846	-0.205669	
1629	1.000512	-0.000207	-0.307028	0.000207	1.000512	-0.226549	
1630	1.000857	-0.000029	-1.006325	0.000029	1.000857	0.005879	
1631	1.000246	-0.000213	0.041524	0.000213	1.000246	-0.385052	
1632	1.000808	-0.000179	-0.825375	0.000179	1.000808	-0.972719	
1633	1.000303	-0.000367	-0.164564	0.000367	1.000303	-0.167143	
1634	1.000879	-0.000317	-0.752529	0.000317	1.000879	-0.361583	
1635	1.000434	-0.000377	-0.879977	0.000377	1.000434	-0.435545	
1636	1.001050	-0.000467	-0.613576	0.000467	1.001050	-0.493428	
1637	1.000349	-0.000174	-0.748152	0.000174	1.000349	-0.047896	
1638	1.000939	-0.000451	-0.642713	0.000451	1.000939	-0.777246	
1639	1.000575	-0.000187	-0.639896	0.000187	1.000575	-0.055729	
1640	1.000869	-0.000355	-0.593543	0.000355	1.000869	-0.475339	
1641	1.000345	-0.000038	-0.142210	0.000038	1.000345	0.254746	
1642	1.000572	-0.000322	-0.386544	0.000322	1.000572	0.423956	
1643	1.000222	0.000214	-0.028928	-0.000214	1.000222	0.029947	
1644	1.000564	-0.000004	-0.494608	0.000004	1.000564	-0.060908	
1645	1.000416	0.000105	-0.902383	-0.000105	1.000416	-0.190809	
1646	1.000418	-0.000071	-0.429773	0.000071	1.000418	-0.204593	
1647	1.000207	-0.000358	-0.300933	0.000358	1.000207	-0.785185	
1648	1.000170	0.000174	-0.150470	-0.000174	1.000170	0.518453	
1649	1.000381	-0.000295	-0.315081	0.000295	1.000381	-0.501740	
1650	1.000402	-0.000100	-0.439189	0.000100	1.000402	-0.366448	
1651	1.000323	-0.000110	-0.411560	0.000110	1.000323	0.036426	
1652	1.000225	0.000073	-0.727528	-0.000073	1.000225	0.461683	
1653	1.000269	0.000087	-0.295218	-0.000087	1.000269	0.225097	
1654	1.000406	0.000045	-0.443445	-0.000045	1.000406	0.009522	
1655	1.000420	0.000145	-0.463391	-0.000145	1.000420	0.120620	
1656	1.000442	0.000197	-0.703028	-0.000197	1.000442	-0.045208	
1657	1.000200	-0.000305	-0.456417	0.000305	1.000200	0.054870	
1658	1.000094	0.000079	-0.550424	-0.000079	1.000094	0.877226	
1659	1.000079	0.000104	0.097754	-0.000104	1.000079	-0.162232	
1660	1.000428	0.000074	0.042662	-0.000074	1.000428	-0.401821	
1661	1.000354	-0.000068	-0.655788	0.000068	1.000354	0.262820	
1662	1.000128	-0.000073	-0.343667	0.000073	1.000128	0.070412	
1663	1.000146	0.000090	-0.416978	-0.000090	1.000146	0.372131	
1664	1.000086	0.000074	-0.130281	-0.000074	1.000086	0.159586	
1665	1.000361	0.000319	-0.630719	-0.000319	1.000361	0.356671	
1666	1.000072	0.000013	0.224187	-0.000013	1.000072	-0.188631	
1667	1.000265	0.000247	-0.273997	-0.000247	1.000265	0.503030	
1668	1.000331	0.000244	-0.673274	-0.000244	1.000331	0.490589	
1669	1.000067	0.000055	-0.171733	-0.000055	1.000067	0.369022	
1670	1.000088	0.000046	0.028272	-0.000046	1.000088	0.431266	
1671	1.000215	0.000122	-0.147980	-0.000122	1.000215	0.115612	
1672	1.000177	0.000213	0.012596	-0.000213	1.000177	0.139015	
1673	1.000314	-0.000054	0.188347	0.000054	1.000314	0.067022	
1674	1.000284	0.000076	-0.240222	-0.000076	1.000284	0.576627	
1675	1.000204	-0.000187	-0.414037	0.000187	1.000204	0.234986	
1676	1.000188	0.000118	0.071884	-0.000118	1.000188	-0.153442	
1677	1.000453	0.000150	-0.266651	-0.000150	1.000453	0.050693	
1678	1.000391	0.000100	-1.015046	-0.000100	1.000391	0.484577	
1679	1.000520	0.000203	-0.558618	-0.000203	1.000520	0.362762	
1680	1.000365	0.000325	-0.344033	-0.000325	1.000365	0.632913	
1681	1.000245	0.000033	0.172069	-0.000033	1.000245	0.202894	
1682	1.000519	-0.000040	0.205018	0.000040	1.000519	-0.103628	
1683	1.000245	0.000130	0.056348	-0.000130	1.000245	0.827781	
1684	1.000401	-0.000018	-0.191227	0.000018	1.000401	0.280698	
1685	1.000296	0.000088	-0.340019	-0.000088	1.000296	0.374417	
1686	1.000436	0.000121	-0.273907	-0.000121	1.000436	0.280704	
1687	1.000133	0.000141	0.056263	-0.000141	1.000133	0.584816	
1688	1.000667	0.000138	-0.166101	-0.000138	1.000667	-0.036057	
1689	0.999993	-0.000056	0.603538	0.000056	0.999993	0.118197	
1690	1.000512	0.000122	-0.345587	-0.000122	1.000512	0.139490	
1691	1.000108	0.000189	0.082064	-0.000189	1.000108	0.341810	
1692	1.000406	0.000121	-0.432906	-0.000121	1.000406	0.144313	
1693	1.000355	0.000141	-0.347654	-0.000141	1.000355	0.603525	
1694	1.000405	-0.000042	-0.411087	0.000042	1.000405	-0.097629	
1695	1.000133	-0.000005	-0.123595	0.000005	1.000133	0.456303	
1696	1.000456	-0.000141	-0.057439	0.000141	1.000456	-0.147618	
1697	1.000041	-0.000106	0.489147	0.000106	1.000041	0.153525	
1698	1.000727	0.000074	-0.288815	-0.000074	1.000727	0.027268	
1699	1.000128	-0.000240	0.024942	0.000240	1.000128	0.064476	
1700	1.000388	0.000164	-0.295456	-0.000164	1.000388	0.288544	
1701	1.000211	0.000145	0.086008	-0.000145	1.000211	0.370728	
1702	1.000455	0.000106	-0.319289	-0.000106	1.000455	0.121647	
1703	1.000084	0.000085	0.152632	-0.000085	1.000084	0.104437	
1704	1.000659	0.000212	-0.516330	-0.000212	1.000659	0.217343	
1705	1.000455	0.000172	-0.282806	-0.000172	1.000455	0.215055	
1706	1.000592	0.000157	-0.488038	-0.000157	1.000592	0.229829	
1707	1.000123	0.000334	0.404501	-0.000334	1.000123	0.620379	
1708	1.000723	-0.000058	-0.618561	0.000058	1.000723	-0.245176	
1709	1.000316	0.000200	-0.292636	-0.000200	1.000316	0.378367	
1710	1.000511	0.000109	-0.333637	-0.000109	1.000511	0.066537	
1711	1.000301	0.000264	-0.341537	-0.000264	1.000301	0.385683	
1712	1.000625	0.000202	-0.050041	-0.000202	1.000625	0.445945	
1713	1.000190	0.000417	-0.054806	-0.000417	1.000190	0.811342	
1714	1.000563	0.000229	-0.261517	-0.000229	1.000563	0.153502	
1715	1.000324	0.000337	-0.017034	-0.000337	1.000324	0.414227	
1716	1.000859	0.000417	-0.737681	-0.000417	1.000859	0.217103	
1717	1.000457	0.000363	-0.438579	-0.000363	1.000457	0.512834	
1718	1.000563	0.000227	-0.376618	-0.000227	1.000563	0.178533	
1719	1.000236	0.000264	-0.009729	-0.000264	1.000236	0.337071	
1720	1.000668	0.000207	-0.648091	-0.000207	1.000668	0.183966	
1721	1.000419	0.000031	-0.436109	-0.000031	1.000419	0.065069	
1722	1.000574	0.000090	-0.389224	-0.000090	1.000574	0.065989	
1723	1.000240	0.000071	0.096086	-0.000071	1.000240	0.054760	
1724	1.000500	0.000050	-0.304825	-0.000050	1.000500	0.204616	
1725	1.000283	0.000055	-0.351385	-0.000055	1.000283	0.247933	
1726	1.000603	0.000018	-0.115967	-0.000018	1.000603	-0.054223	
1727	1.000405	0.000165	0.200472	-0.000165	1.000405	0.488847	
1728	1.000688	0.000381	-0.644887	-0.000381	1.000688	0.472366	
1729	0.999803	0.000050	0.858114	-0.000050	0.999803	0.446861	
1730	1.000941	0.000392	-0.942002	-0.000392	1.000941	0.483317	
1731	1.000484	0.000256	-0.382946	-0.000256	1.000484	0.624118	
1732	1.000948	0.000139	-0.481711	-0.000139	1.000948	-0.073767	
1733	1.000271	0.000212	-0.032933	-0.000212	1.000271	0.197137	
1734	1.000811	0.000109	-0.367328	-0.000109	1.000811	0.003948	
1735	1.000070	0.000113	0.455838	-0.000113	1.000070	0.279274	
1736	1.000653	-0.000127	-0.802224	0.000127	1.000653	0.002623	
1737	1.000195	-0.000069	-0.192492	0.000069	1.000195	0.152111	
1738	1.000427	-0.000090	-0.118131	0.000090	1.000427	0.158392	
1739	1.000340	0.000045	-0.099746	-0.000045	1.000340	0.396398	
1740	1.000909	-0.000076	-0.147999	0.000076	1.000909	-0.104283	
1741	1.000754	-0.000007	-0.600518	0.000007	1.000754	0.596446	
1742	1.000548	0.000292	-0.425335	-0.000292	1.000548	0.420226	
1743	1.000089	0.000300	0.639962	-0.000300	1.000089	0.100137	
1744	1.001817	0.000554	-1.645865	-0.000554	1.001817	-0.002076	
1745	1.000272	0.000513	-0.035656	-0.000513	1.000272	0.682075	
1746	1.000697	0.000322	0.115314	-0.000322	1.000697	-0.333079	
1747	1.000052	-0.000050	-0.049446	0.000050	1.000052	0.031628	
1748	1.000804	0.000180	-0.796436	-0.000180	1.000804	0.317458	
1749	1.000281	0.000230	-0.751220	-0.000230	1.000281	0.446132	
1750	1.000328	0.000066	-0.136645	-0.000066	1.000328	0.249596	
1751	1.000285	0.000064	-0.158163	-0.000064	1.000285	0.223461	
1752	1.000662	0.000300	-0.486639	-0.000300	1.000662	0.143370	
1753	1.000088	0.000244	0.173801	-0.000244	1.000088	0.227939	
1754	1.000407	0.000571	-0.264563	-0.000571	1.000407	0.359661	
1755	0.999996	0.000432	-0.024102	-0.000432	0.999996	1.134887	
1756	1.000284	0.000443	-0.325943	-0.000443	1.000284	0.674938	
1757	1.000676	0.000560	-0.545160	-0.000560	1.000676	0.497471	
1758	1.000862	0.000528	-0.586839	-0.000528	1.000862	0.135766	
1759	1.000557	0.000442	-0.645022	-0.000442	1.000557	0.213343	
1760	1.000964	0.000330	-1.085268	-0.000330	1.000964	0.139965	
1761	1.000362	0.000343	-0.539008	-0.000343	1.000362	0.573108	
1762	1.000506	0.000222	-0.351917	-0.000222	1.000506	0.600022	
1763	1.000478	0.000397	-0.047466	-0.000397	1.000478	0.798449	
1764	1.000465	-0.000006	-0.486954	0.000006	1.000465	-0.161796	
1765	1.000305	0.000783	-0.373268	-0.000783	1.000305	0.406703	
1766	1.000761	0.000252	-0.650349	-0.000252	1.000761	0.235185	
1767	1.000616	0.000258	-0.589052	-0.000258	1.000616	0.326649	
1768	1.000671	0.000299	-0.959526	-0.000299	1.000671	0.248374	
1769	1.000254	0.000632	-0.736137	-0.000632	1.000254	0.560496	
1770	1.000563	0.000306	-0.409427	-0.000306	1.000563	0.408455	
1771	1.000254	0.000027	-0.057044	-0.000027	1.000254	0.418463	
1772	1.000240	0.000057	-0.155368	-0.000057	1.000240	0.168051	
1773	1.000095	0.000209	-0.137245	-0.000209	1.000095	0.268799	
1774	1.000158	0.000110	0.052562	-0.000110	1.000158	0.209076	
1775	1.000290	0.000242	-0.352641	-0.000242	1.000290	0.367811	
1776	1.000414	0.000356	-0.299653	-0.000356	1.000414	0.213352	
1777	1.000483	0.000121	-0.393104	-0.000121	1.000483	0.544374	
1778	1.000728	0.000211	-0.792288	-0.000211	1.000728	0.181405	
1779	1.000167	0.000389	0.132372	-0.000389	1.000167	0.395516	
1780	1.000850	0.000495	-1.054543	-0.000495	1.000850	0.396737	
1781	0.999998	0.000143	-0.254202	-0.000143	0.999998	0.428798	
1782	1.000448	0.000242	-0.100778	-0.000242	1.000448	0.055844	
1783	0.999999	0.000142	0.036919	-0.000142	0.999999	0.566129	
1784	1.001109	0.000018	-1.155376	-0.000018	1.001109	-0.148588	
1785	1.000589	0.000297	-0.541431	-0.000297	1.000589	0.321072	
1786	1.000640	0.000433	-0.694610	-0.000433	1.000640	0.213684	
1787	1.000316	0.000257	-0.978030	-0.000257	1.000316	0.112590	
1788	1.000739	0.000324	-0.630297	-0.000324	1.000739	0.791026	
1789	1.001055	0.000217	-0.645820	-0.000217	1.001055	-0.125438	
1790	1.000593	0.000394	-0.826115	-0.000394	1.000593	-0.000075	
1791	1.000975	0.000308	-1.014272	-0.000308	1.000975	-0.113647	
1792	1.000785	0.000271	-1.039701	-0.000271	1.000785	0.398531	
1793	1.000841	0.000493	-0.670551	-0.000493	1.000841	0.756819	
1794	1.000376	0.000071	-0.336050	-0.000071	1.000376	0.056627	
1795	1.000529	0.000601	-0.864381	-0.000601	1.000529	0.230392	
1796	1.000464	0.000033	-1.092370	-0.000033	1.000464	0.291930	
1797	1.000730	0.000228	-1.038915	-0.000228	1.000730	-0.005533	
1798	1.000766	0.000317	-0.326074	-0.000317	1.000766	-0.080628	
1799	1.000403	-0.000210	0.009415	0.000210	1.000403	0.268035	
1800	1.000300	-0.000119	-0.323334	0.000119	1.000300	0.037928	
1801	1.000460	0.000031	-0.453961	-0.000031	1.000460	0.010664	
1802	1.000306	0.000063	-0.116656	-0.000063	1.000306	0.175436	
1803	1.000805	0.000111	-1.372669	-0.000111	1.000805	-0.083917	
1804	1.000484	0.000356	-0.306298	-0.000356	1.000484	0.512990	
1805	1.000372	0.000263	-0.194555	-0.000263	1.000372	0.095999	
1806	1.000486	0.000269	-0.323758	-0.000269	1.000486	0.383798	
1807	1.000415	0.000007	-0.596189	-0.000007	1.000415	0.116215	
1808	1.000366	0.000586	-0.409719	-0.000586	1.000366	0.816790	
1809	1.000355	0.000138	-0.284858	-0.000138	1.000355	0.299044	
1810	1.000248	-0.000006	0.066286	0.000006	1.000248	0.002222	
1811	1.000791	0.000298	-0.777644	-0.000298	1.000791	0.065744	
1812	1.000583	-0.000010	-0.864623	0.000010	1.000583	0.472611	
1813	1.000369	0.000117	-0.308834	-0.000117	1.000369	0.136797	
1814	1.000144	0.000132	0.113123	-0.000132	1.000144	-0.022003	
1815	1.000435	0.000126	-0.275555	-0.000126	1.000435	0.116692	
1816	1.000643	0.000389	-0.345426	-0.000389	1.000643	0.621309	
1817	1.000414	0.000306	-0.267966	-0.000306	1.000414	0.543373	
1818	1.000695	0.000078	-0.433029	-0.000078	1.000695	0.023826	
1819	1.000356	0.000137	-0.065267	-0.000137	1.000356	0.177680	
1820	1.000681	-0.000078	-0.446456	0.000078	1.000681	0.054119	
1821	1.000567	0.000164	-0.503522	-0.000164	1.000567	0.465378	
1822	1.000617	0.000044	-0.248471	-0.000044	1.000617	0.273432	
1823	1.000509	0.000122	-0.091247	-0.000122	1.000509	1.164697	
1824	1.000634	-0.000225	-0.564192	0.000225	1.000634	-0.266971	
1825	1.000209	0.000186	0.100597	-0.000186	1.000209	0.488986	
1826	1.000649	0.000173	-0.375232	-0.000173	1.000649	0.099141	
1827	1.000109	-0.000025	0.017022	0.000025	1.000109	0.147416	
1828	1.000658	0.000139	-0.295689	-0.000139	1.000658	0.741675	
1829	1.000103	0.000205	0.236860	-0.000205	1.000103	0.595867	
1830	1.000699	0.000131	-0.061163	-0.000131	1.000699	0.224655	
1831	1.000206	0.000418	0.163093	-0.000418	1.000206	0.860219	
1832	1.000576	0.000397	-0.466949	-0.000397	1.000576	0.390834	
1833	1.000193	-0.000065	-0.036641	0.000065	1.000193	0.525346	
1834	1.001165	0.000238	-1.236876	-0.000238	1.001165	0.456538	
1835	1.000410	0.000399	0.019904	-0.000399	1.000410	0.401488	
1836	1.000642	0.000005	-0.308256	-0.000005	1.000642	0.018027	
1837	1.000404	-0.000058	-0.237549	0.000058	1.000404	0.217235	
1838	1.000501	-0.000136	-0.243428	0.000136	1.000501	-0.029659	
1839	1.000440	-0.000045	-0.373993	0.000045	1.000440	0.362436	
1840	1.000670	0.000154	-0.677501	-0.000154	1.000670	0.284099	
1841	1.000441	-0.000024	-0.396705	0.000024	1.000441	0.827270	
1842	1.000598	0.000343	-0.685961	-0.000343	1.000598	0.105175	
1843	1.000440	0.000099	-0.201526	-0.000099	1.000440	0.401179	
1844	1.000587	0.000049	-0.513533	-0.000049	1.000587	0.433102	
1845	1.000268	0.000050	-0.195942	-0.000050	1.000268	1.148113	
1846	1.001099	0.000270	-0.086064	-0.000270	1.001099	-0.385612	
1847	1.000623	0.000240	-0.440920	-0.000240	1.000623	0.443731	
1848	1.000365	0.000257	-0.277015	-0.000257	1.000365	0.276549	
1849	1.000544	0.000344	-0.537229	-0.000344	1.000544	0.212466	
1850	1.000862	0.000212	-0.734898	-0.000212	1.000862	0.350513	
1851	1.000618	0.000298	-0.457288	-0.000298	1.000618	0.540379	
1852	1.000837	0.000283	-0.676813	-0.000283	1.000837	0.455483	
1853	1.000709	0.000299	-0.854880	-0.000299	1.000709	0.392775	
1854	1.000793	0.000156	-0.584304	-0.000156	1.000793	-0.015846	
1855	1.000615	0.000432	-0.539553	-0.000432	1.000615	0.523587	
1856	1.000783	0.000144	-0.734022	-0.000144	1.000783	0.155975	
1857	1.000445	0.000250	-0.396214	-0.000250	1.000445	0.844809	
1858	1.000639	0.000126	-0.518886	-0.000126	1.000639	0.220003	
1859	1.000501	0.000081	-0.269155	-0.000081	1.000501	0.637470	
1860	1.000655	0.000044	-0.395075	-0.000044	1.000655	-0.092293	
1861	1.000152	0.000232	0.000261	-0.000232	1.000152	0.572309	
1862	1.000950	0.000205	-0.664753	-0.000205	1.000950	0.422467	
1863	1.000529	0.000335	-0.261170	-0.000335	1.000529	0.838304	
1864	1.001020	0.000158	-0.483120	-0.000158	1.001020	0.306663	
1865	1.000656	0.000396	-0.690211	-0.000396	1.000656	0.662466	
1866	1.000850	0.000545	-0.603027	-0.000545	1.000850	0.388731	
1867	1.000744	0.000160	-0.600169	-0.000160	1.000744	0.373755	
1868	1.000837	0.000356	-0.782816	-0.000356	1.000837	0.301590	
1869	1.000300	0.000383	-0.082182	-0.000383	1.000300	0.432831	
1870	1.000986	0.000141	-0.653579	-0.000141	1.000986	-0.079853	
1871	1.000602	-0.000138	-0.505742	0.000138	1.000602	-0.158478	
1872	1.000936	0.000101	-0.661962	-0.000101	1.000936	-0.019348	
1873	1.000357	-0.000234	-0.336784	0.000234	1.000357	-0.116864	
1874	1.001255	-0.000368	-0.643394	0.000368	1.001255	-0.627152	
1875	1.000637	-0.000076	-0.777863	0.000076	1.000637	0.189885	
1876	1.000775	-0.000243	-0.646914	0.000243	1.000775	-0.323415	
1877	1.000763	-0.000040	-0.769332	0.000040	1.000763	0.432650	
1878	1.000896	0.000088	-0.809469	-0.000088	1.000896	0.070482	
1879	1.000538	-0.000142	-0.187296	0.000142	1.000538	-0.020606	
1880	1.001010	0.000128	-0.940014	-0.000128	1.001010	-0.053451	
1881	1.000808	0.000102	-0.753313	-0.000102	1.000808	0.441375	
1882	1.001021	0.000399	-0.996454	-0.000399	1.001021	0.305757	
1883	1.001090	0.000276	-0.949367	-0.000276	1.001090	0.185333	
1884	1.000833	0.000097	-0.772053	-0.000097	1.000833	-0.046097	
1885	1.000305	0.000167	-0.456502	-0.000167	1.000305	0.513744	
1886	1.000657	-0.000035	-0.988709	0.000035	1.000657	-0.082543	
1887	1.000183	0.000079	0.173009	-0.000079	1.000183	0.223303	
1888	1.000983	0.000277	-0.623705	-0.000277	1.000983	-0.039994	
1889	1.000244	-0.000107	-0.301672	0.000107	1.000244	0.161634	
1890	1.000627	-0.000047	-0.336925	0.000047	1.000627	-0.324591	
1891	1.000647	0.000017	-0.661347	-0.000017	1.000647	0.218956	
1892	1.000937	0.000133	-1.106608	-0.000133	1.000937	0.272135	
1893	1.000532	0.000394	-0.613641	-0.000394	1.000532	0.402480	
1894	1.000984	0.000372	-0.569666	-0.000372	1.000984	0.016734	
1895	1.000480	0.000381	-0.513893	-0.000381	1.000480	0.302048	
1896	1.001371	0.000260	-1.539324	-0.000260	1.001371	0.091377	
1897	1.000466	0.000432	-0.851101	-0.000432	1.000466	0.765591	
1898	1.000929	0.000222	-0.730840	-0.000222	1.000929	0.043835	
1899	1.000618	0.000224	-0.312387	-0.000224	1.000618	0.426532	
1900	1.000948	-0.000155	-1.235557	0.000155	1.000948	-0.258942	
1901	1.000539	-0.000225	-0.409586	0.000225	1.000539	-0.095678	
1902	1.000879	-0.000014	-0.817395	0.000014	1.000879	0.162652	
1903	1.000557	-0.000202	-0.475199	0.000202	1.000557	-0.222734	
1904	1.000838	0.000408	-0.938357	-0.000408	1.000838	0.506809	
1905	1.000387	-0.000227	-0.399941	0.000227	1.000387	-0.328801	
1906	1.000881	0.000349	-0.638884	-0.000349	1.000881	0.547200	
1907	1.000547	0.000228	-0.439236	-0.000228	1.000547	0.143316	
1908	1.001100	0.000393	-1.209507	-0.000393	1.001100	0.306326	
1909	1.000654	0.000303	-0.666686	-0.000303	1.000654	0.347237	
1910	1.000645	0.000240	-0.816724	-0.000240	1.000645	0.284321	
1911	1.000823	0.000557	-0.531007	-0.000557	1.000823	0.674222	
1912	1.000871	0.000186	-0.840401	-0.000186	1.000871	-0.015073	
1913	1.000557	0.000319	-0.443582	-0.000319	1.000557	0.303784	
1914	1.000821	0.000171	-0.697878	-0.000171	1.000821	0.058814	
1915	1.000666	0.000197	-0.729424	-0.000197	1.000666	0.399838	
1916	1.000716	0.000165	-0.446610	-0.000165	1.000716	0.351322	
1917	1.000576	0.000201	-0.570844	-0.000201	1.000576	0.502666	
1918	1.000689	0.000352	-0.406532	-0.000352	1.000689	0.147146	
1919	1.000085	-0.000085	0.047035	0.000085	1.000085	0.006230	
1920	1.000915	0.000409	-1.006202	-0.000409	1.000915	0.319367	
1921	1.000709	0.000309	-0.606480	-0.000309	1.000709	0.397663	
1922	1.001124	0.000373	-1.566707	-0.000373	1.001124	0.533339	
1923	1.000695	0.000150	-0.529742	-0.000150	1.000695	0.322744	
1924	1.000792	0.000209	-0.706101	-0.000209	1.000792	0.034592	
1925	1.000830	0.000312	-1.142989	-0.000312	1.000830	0.306883	
1926	1.000768	0.000027	-0.562091	-0.000027	1.000768	0.099491	
1927	1.000839	0.000039	-0.820236	-0.000039	1.000839	-0.309196	
1928	1.000696	0.000162	-0.571574	-0.000162	1.000696	0.351124	
1929	1.000794	-0.000191	-0.588812	0.000191	1.000794	-0.012335	
1930	1.000994	0.000133	-0.921263	-0.000133	1.000994	0.078621	
1931	1.001178	0.000213	-1.163072	-0.000213	1.001178	0.141595	
1932	1.000739	0.000336	-0.497202	-0.000336	1.000739	0.431767	
1933	1.000953	0.000224	-0.867697	-0.000224	1.000953	0.284921	
1934	1.000574	0.000181	-0.711647	-0.000181	1.000574	0.355783	
1935	1.001463	0.000360	-1.418964	-0.000360	1.001463	0.371747	
1936	1.001200	0.000519	-0.548321	-0.000519	1.001200	0.433167	
1937	1.001337	0.000304	-0.983461	-0.000304	1.001337	0.258303	
1938	1.000820	0.000394	-0.655856	-0.000394	1.000820	0.137183	
1939	1.000567	0.000344	-0.408070	-0.000344	1.000567	0.315307	
1940	1.001318	0.000495	-1.313496	-0.000495	1.001318	-0.222852	
1941	1.000391	0.000285	-0.227197	-0.000285	1.000391	-0.135457	
1942	1.001177	0.000488	-0.958540	-0.000488	1.001177	-0.575327	
1943	1.000425	0.000198	-0.277589	-0.000198	1.000425	0.046639	
1944	1.001067	-0.000180	-0.918916	0.000180	1.001067	-0.346376	
1945	1.000944	-0.000201	-1.102833	0.000201	1.000944	-0.066057	
1946	1.001007	0.000242	-1.217409	-0.000242	1.001007	0.065515	
1947	1.000737	0.000081	-0.790117	-0.000081	1.000737	0.056485	
1948	1.000895	0.000567	-0.830700	-0.000567	1.000895	0.068466	
1949	1.000899	0.000123	-0.939738	-0.000123	1.000899	0.245024	
1950	1.001138	0.000240	-1.195387	-0.000240	1.001138	0.003597	
1951	1.000579	0.000217	-0.309331	-0.000217	1.000579	-0.030648	
1952	1.001015	0.000474	-1.128078	-0.000474	1.001015	0.101120	
1953	1.000503	0.000053	-0.622385	-0.000053	1.000503	0.258966	
1954	1.000547	0.000376	-0.621335	-0.000376	1.000547	0.380839	
1955	1.000149	0.000489	-0.176363	-0.000489	1.000149	0.314462	
1956	1.000789	-0.000152	-0.596226	0.000152	1.000789	-0.239516	
1957	1.000601	0.000254	-1.052373	-0.000254	1.000601	0.729212	
1958	1.001367	0.000097	-1.257612	-0.000097	1.001367	-0.003062	
1959	1.000853	0.000284	-0.165586	-0.000284	1.000853	0.131811	
1960	1.000968	0.000114	-1.185984	-0.000114	1.000968	0.110426	
1961	0.999998	0.000118	-0.396291	-0.000118	0.999998	0.106883	
1962	1.000774	0.000318	-0.878561	-0.000318	1.000774	0.123199	
1963	1.000458	-0.000019	-0.910634	0.000019	1.000458	0.547765	
1964	1.000689	0.000226	-0.893910	-0.000226	1.000689	0.532627	
1965	1.000485	0.000186	-0.621916	-0.000186	1.000485	-0.040559	
1966	1.000840	0.000053	-0.838102	-0.000053	1.000840	-0.171230	
1967	1.000704	0.000249	-0.725620	-0.000249	1.000704	0.963211	
1968	1.000818	-0.000111	-0.417117	0.000111	1.000818	0.002757	
1969	1.000476	0.000422	-1.100282	-0.000422	1.000476	0.836440	
1970	1.000913	-0.000233	-0.637373	0.000233	1.000913	-0.452604	
1971	1.000854	0.000071	-0.820483	-0.000071	1.000854	0.173530	
1972	1.001010	0.000077	-1.073125	-0.000077	1.001010	0.126809	
1973	1.001028	0.000004	-1.216775	-0.000004	1.001028	0.126616	
1974	1.001240	0.000321	-1.307776	-0.000321	1.001240	0.490090	
1975	1.000754	-0.000197	-0.937966	0.000197	1.000754	0.027969	
1976	1.001048	0.000141	-0.950247	-0.000141	1.001048	0.345505	
1977	1.000613	-0.000052	-0.703855	0.000052	1.000613	0.028759	
1978	1.001167	0.000150	-0.861340	-0.000150	1.001167	0.035553	
1979	1.000624	0.000111	-0.841151	-0.000111	1.000624	0.468366	
1980	1.001071	-0.000013	-1.247604	0.000013	1.001071	0.318496	
1981	1.000293	0.000009	-0.336444	-0.000009	1.000293	0.647452	
1982	1.000944	-0.000210	-0.819419	0.000210	1.000944	-0.175328	
1983	1.000370	-0.000203	-0.408790	0.000203	1.000370	-0.452462	
1984	1.001376	-0.000002	-1.558931	0.000002	1.001376	-0.494767	
1985	1.000861	0.000068	-0.950771	-0.000068	1.000861	0.374471	
1986	1.000881	-0.000014	-0.914594	0.000014	1.000881	0.051799	
1987	1.000647	-0.000158	-0.886147	0.000158	1.000647	0.181470	
1988	1.001181	0.000100	-1.314271	-0.000100	1.001181	0.353846	
1989	1.000671	0.000034	-0.959897	-0.000034	1.000671	0.229643	
1990	1.000590	-0.000269	-0.220092	0.000269	1.000590	-0.395286	
1991	1.000747	0.000090	-0.746476	-0.000090	1.000747	0.243057	
1992	1.000998	-0.000205	-1.151752	0.000205	1.000998	-0.231869	
1993	1.000575	0.000038	-0.483179	-0.000038	1.000575	0.484336	
1994	1.000841	-0.000123	-0.709072	0.000123	1.000841	-0.353917	
1995	1.000660	0.000181	-0.741680	-0.000181	1.000660	0.335507	
1996	1.001458	0.000070	-1.616678	-0.000070	1.001458	0.212543	
1997	1.000312	-0.000387	-0.539176	0.000387	1.000312	0.055158	
1998	1.000931	-0.000103	-0.664481	0.000103	1.000931	-0.206768	
1999	1.000522	0.000160	-0.644170	-0.000160	1.000522	0.324022	
2000	1.000844	-0.000126	-0.916571	0.000126	1.000844	-0.239023	
2001	1.000944	-0.000043	-1.246251	0.000043	1.000944	0.174086	
2002	1.001499	0.000247	-1.357514	-0.000247	1.001499	0.255619	
2003	1.001188	0.000001	-1.185489	-0.000001	1.001188	0.036606	
2004	1.000993	0.000087	-1.183593	-0.000087	1.000993	0.203034	
2005	1.000933	0.000140	-0.872703	-0.000140	1.000933	0.350481	
2006	1.000924	0.000006	-1.007256	-0.000006	1.000924	-0.094162	
2007	1.001266	0.000116	-1.066415	-0.000116	1.001266	0.235390	
2008	1.001492	-0.000062	-1.689472	0.000062	1.001492	-0.001796	
2009	1.000864	0.000003	-0.794141	-0.000003	1.000864	0.084689	
2010	1.001103	-0.000097	-0.960364	0.000097	1.001103	-0.337276	
2011	1.000886	-0.000056	-0.677513	0.000056	1.000886	-0.307572	
2012	1.000866	-0.000196	-0.999900	0.000196	1.000866	-0.159574	
2013	1.000545	-0.000094	-0.536888	0.000094	1.000545	0.181575	
2014	1.001097	-0.000286	-1.291615	0.000286	1.001097	0.037856	
2015	1.000615	-0.000105	-0.710524	0.000105	1.000615	-0.021046	
2016	1.001125	-0.000077	-1.150792	0.000077	1.001125	0.000212	
2017	1.000734	-0.000265	-1.251882	0.000265	1.000734	0.127453	
2018	1.001281	0.000077	-1.228049	-0.000077	1.001281	0.004146	
2019	1.000791	0.000061	-0.931310	-0.000061	1.000791	0.147226	
2020	1.001367	0.000041	-1.024105	-0.000041	1.001367	-0.434661	
2021	1.001316	0.000069	-1.517811	-0.000069	1.001316	-0.161131	
2022	1.001116	-0.000223	-1.188363	0.000223	1.001116	-0.519309	
2023	1.000804	-0.000069	-0.928381	0.000069	1.000804	-0.097781	
2024	1.000451	-0.000143	-0.874947	0.000143	1.000451	-0.516737	
2025	1.001177	0.000020	-1.123153	-0.000020	1.001177	0.000931	
2026	1.000614	-0.000002	-0.693094	0.000002	1.000614	-0.104536	
2027	1.001328	0.000231	-1.421418	-0.000231	1.001328	-0.316116	
2028	1.001315	-0.000102	-1.845885	0.000102	1.001315	-0.343479	
2029	1.000808	0.000243	-0.936340	-0.000243	1.000808	0.677178	
2030	1.001188	-0.000359	-1.258484	0.000359	1.001188	-0.823571	
2031	1.000652	0.000361	-0.681318	-0.000361	1.000652	0.651306	
2032	1.001368	-0.000084	-2.029676	0.000084	1.001368	0.194063	
2033	1.000829	-0.000130	-0.960110	0.000130	1.000829	-0.040635	
2034	1.001081	0.000027	-1.088531	-0.000027	1.001081	-0.527849	
2035	1.000996	0.000164	-1.422989	-0.000164	1.000996	-0.374725	
2036	1.001573	-0.000157	-2.114017	0.000157	1.001573	-0.442313	
2037	1.000831	-0.000106	-1.590740	0.000106	1.000831	-0.217636	
2038	1.001209	-0.000047	-1.344219	0.000047	1.001209	-0.140046	
2039	1.000923	0.000061	-1.240083	-0.000061	1.000923	0.156312	
2040	1.001373	0.000309	-1.936199	-0.000309	1.001373	-0.469556	
2041	1.001157	0.000204	-1.260773	-0.000204	1.001157	-0.317899	
2042	1.001353	-0.000082	-1.721961	0.000082	1.001353	0.011783	
2043	1.000543	0.000647	-0.967823	-0.000647	1.000543	0.343613	
2044	1.001713	0.000225	-1.532313	-0.000225	1.001713	-0.070995	
2045	1.000655	-0.000232	-0.870864	0.000232	1.000655	0.237983	
2046	1.001283	-0.000091	-1.890686	0.000091	1.001283	-0.329960	
2047	1.000766	-0.000136	-0.959499	0.000136	1.000766	-0.188044	
2048	1.001254	0.000394	-1.900410	-0.000394	1.001254	-0.244198	
2049	1.000985	-0.000346	-0.985898	0.000346	1.000985	-0.136169	
2050	1.001261	-0.000079	-0.908323	0.000079	1.001261	-0.690395	
2051	1.000268	-0.000212	-0.792054	0.000212	1.000268	-0.029898	
2052	1.000427	0.000232	-0.335746	-0.000232	1.000427	-0.090636	
2053	1.000822	-0.000182	-0.746835	0.000182	1.000822	-0.501797	
2054	1.000525	-0.000143	-0.174132	0.000143	1.000525	-0.160945	
2055	1.000698	0.000032	-0.851318	-0.000032	1.000698	0.225440	
2056	1.001130	-0.000123	-1.330797	0.000123	1.001130	-0.215453	
2057	1.001036	0.000017	-1.124719	-0.000017	1.001036	-0.129193	
2058	1.001212	0.000049	-1.001891	-0.000049	1.001212	-0.343838	
2059	1.000917	-0.000263	-1.224057	0.000263	1.000917	-0.190626	
2060	1.001291	-0.000096	-1.416123	0.000096	1.001291	-0.517823	
2061	1.001147	-0.000311	-1.231692	0.000311	1.001147	-0.279121	
2062	1.001773	-0.000114	-2.431894	0.000114	1.001773	0.029435	
2063	1.000776	-0.000087	-0.526675	0.000087	1.000776	-0.218456	
2064	1.001228	-0.000192	-1.141037	0.000192	1.001228	-0.372219	
2065	1.001189	-0.000103	-1.388682	0.000103	1.001189	-0.434343	
2066	1.000891	0.000010	-0.752760	-0.000010	1.000891	-0.363531	
2067	1.000690	-0.000134	-1.105584	0.000134	1.000690	-0.026164	
2068	1.001175	0.000060	-1.141773	-0.000060	1.001175	0.051169	
2069	1.000518	0.000083	-0.486985	-0.000083	1.000518	0.214874	
2070	1.001402	0.000154	-1.483293	-0.000154	1.001402	-0.009391	
2071	1.000872	0.000065	-0.847870	-0.000065	1.000872	-0.407086	
2072	1.001153	0.000245	-1.666876	-0.000245	1.001153	0.454836	
2073	1.000577	-0.000485	-0.189761	0.000485	1.000577	0.195412	
2074	1.000973	-0.000160	-1.209225	0.000160	1.000973	-0.317443	
2075	1.000312	0.000142	-0.481563	-0.000142	1.000312	0.210630	
2076	1.001014	0.000031	-1.524830	-0.000031	1.001014	-0.005805	
2077	1.000543	-0.000040	-0.796720	0.000040	1.000543	-0.086223	
2078	1.001146	0.000315	-1.102592	-0.000315	1.001146	-0.448184	
2079	1.001023	0.000216	-1.057878	-0.000216	1.001023	0.021801	
2080	1.001399	0.000195	-1.625139	-0.000195	1.001399	0.585809	
2081	1.000562	0.000044	-0.938562	-0.000044	1.000562	0.342602	
2082	1.001085	0.000032	-1.575478	-0.000032	1.001085	-0.365297	
2083	1.000842	-0.000159	-1.198325	0.000159	1.000842	-0.332373	
2084	1.000809	-0.000360	-0.945720	0.000360	1.000809	-0.396043	
2085	1.000979	-0.000279	-1.040935	0.000279	1.000979	-0.296056	
2086	1.001373	0.000007	-1.546913	-0.000007	1.001373	-0.243559	
2087	1.000798	-0.000062	-1.147550	0.000062	1.000798	0.079528	
2088	1.001083	-0.000023	-1.017382	0.000023	1.001083	-0.039001	
2089	1.001098	-0.000045	-1.301275	0.000045	1.001098	-0.084078	
2090	1.001225	0.000279	-1.907265	-0.000279	1.001225	0.208735	
2091	1.000858	-0.000126	-1.134323	0.000126	1.000858	0.005745	
2092	1.001403	0.000615	-1.709487	-0.000615	1.001403	0.179618	
2093	1.001226	-0.000029	-1.372744	0.000029	1.001226	-0.043286	
2094	1.001222	-0.000029	-1.536369	0.000029	1.001222	-0.081572	
2095	1.000736	0.000136	-1.226659	-0.000136	1.000736	0.185357	
2096	1.001620	-0.000193	-1.901887	0.000193	1.001620	-0.391901	
2097	1.001001	-0.000022	-1.077979	0.000022	1.001001	0.009375	
2098	1.000843	-0.000125	-1.159845	0.000125	1.000843	-0.046992	
2099	1.000413	0.000041	-0.578186	-0.000041	1.000413	0.070965	
2100	1.000968	-0.000060	-1.037495	0.000060	1.000968	-0.516056	
2101	1.000595	0.000102	-1.265833	-0.000102	1.000595	0.227182	
2102	1.001110	0.000008	-0.994301	-0.000008	1.001110	-0.187136	
2103	1.001062	-0.000035	-1.254875	0.000035	1.001062	-0.225343	
2104	1.001814	0.000074	-1.767485	-0.000074	1.001814	-0.733726	
2105	1.000846	-0.000007	-1.114376	0.000007	1.000846	0.200521	
2106	1.001228	0.000252	-1.921751	-0.000252	1.001228	0.277665	
2107	1.000900	-0.000041	-0.966605	0.000041	1.000900	-0.043635	
2108	1.001268	-0.000283	-1.319944	0.000283	1.001268	-0.323357	
2109	1.000743	-0.000104	-0.650284	0.000104	1.000743	-0.009838	
2110	1.001197	-0.000112	-1.978435	0.000112	1.001197	-0.837257	
2111	1.000750	-0.000249	-0.671128	0.000249	1.000750	-0.009422	
2112	1.000880	-0.000210	-0.997038	0.000210	1.000880	-0.273410	
2113	1.001099	-0.000111	-1.907355	0.000111	1.001099	0.090482	
2114	1.000917	0.000103	-0.631031	-0.000103	1.000917	-0.442012	
2115	1.000743	-0.000146	-0.927749	0.000146	1.000743	-0.226281	
2116	1.001218	0.000086	-1.498714	-0.000086	1.001218	-0.400346	
2117	1.000533	0.000137	-1.447281	-0.000137	1.000533	-0.032960	
2118	1.001281	-0.000072	-1.557303	0.000072	1.001281	-0.437798	
2119	1.000803	0.000101	-0.583740	-0.000101	1.000803	-0.048423	
2120	1.000878	0.000027	-1.498855	-0.000027	1.000878	-0.294300	
2121	1.000665	0.000015	-1.442657	-0.000015	1.000665	0.109577	
2122	1.001118	-0.000091	-1.400103	0.000091	1.001118	-0.980254	
2123	1.000861	-0.000090	-0.829319	0.000090	1.000861	-0.212485	
2124	1.001550	0.000029	-2.000720	-0.000029	1.001550	-0.145104	
2125	1.001007	-0.000221	-0.755023	0.000221	1.001007	-0.286341	
2126	1.001399	-0.000054	-2.062046	0.000054	1.001399	-0.402234	
2127	1.000259	-0.000169	-0.468231	0.000169	1.000259	-0.157100	
2128	1.000887	0.000300	-0.781497	-0.000300	1.000887	-0.112292	
2129	1.000399	-0.000196	-0.534889	0.000196	1.000399	-0.462449	
2130	1.000888	-0.000042	-1.110889	0.000042	1.000888	0.152959	
2131	1.000355	0.000065	-1.035020	-0.000065	1.000355	0.177503	
2132	1.001034	-0.000047	-0.980850	0.000047	1.001034	-0.063900	
2133	1.000803	0.000158	-1.522353	-0.000158	1.000803	-0.081897	
2134	1.000549	0.000055	-0.251571	-0.000055	1.000549	-0.457579	
2135	1.000366	-0.000077	-0.548829	0.000077	1.000366	-0.073985	
2136	1.001125	0.000044	-1.618567	-0.000044	1.001125	-0.140729	
2137	1.000625	0.000375	-1.011013	-0.000375	1.000625	0.122452	
2138	1.001063	0.000117	-1.177503	-0.000117	1.001063	-0.686625	
2139	1.000786	-0.000115	-0.751411	0.000115	1.000786	0.058527	
2140	1.001646	0.000446	-1.671832	-0.000446	1.001646	-0.074983	
2141	1.000602	0.000287	-0.490499	-0.000287	1.000602	0.000737	
2142	1.001032	0.000181	-0.983598	-0.000181	1.001032	-0.080094	
2143	1.000738	0.000230	-0.846891	-0.000230	1.000738	-0.074879	
2144	1.001216	0.000262	-1.606616	-0.000262	1.001216	0.176481	
2145	1.000454	0.000069	-0.515753	-0.000069	1.000454	0.244513	
2146	1.001289	0.000513	-1.878256	-0.000513	1.001289	0.193669	
2147	1.000520	0.000325	-0.027160	-0.000325	1.000520	0.451249	
2148	1.001604	0.000366	-1.481595	-0.000366	1.001604	-0.489079	
2149	1.001004	0.000527	-1.309772	-0.000527	1.001004	0.818008	
2150	1.001549	0.000525	-1.512938	-0.000525	1.001549	0.210751	
2151	1.001166	0.000440	-1.083725	-0.000440	1.001166	0.325650	
2152	1.001221	0.000122	-1.654378	-0.000122	1.001221	-0.418647	
2153	1.000772	0.000008	-1.046503	-0.000008	1.000772	0.005078	
2154	1.001392	0.000142	-1.948865	-0.000142	1.001392	-0.190450	
2155	1.000557	0.000132	-0.805765	-0.000132	1.000557	0.051138	
2156	1.001114	0.000432	-1.267776	-0.000432	1.001114	-0.175340	
2157	1.000616	0.000225	-0.590812	-0.000225	1.000616	0.171280	
2158	1.001283	0.000376	-1.289763	-0.000376	1.001283	-0.360749	
2159	1.000954	0.000127	-1.197086	-0.000127	1.000954	0.089762	
2160	1.001899	0.000496	-1.868203	-0.000496	1.001899	0.136520	
2161	1.000625	0.000417	-0.897144	-0.000417	1.000625	0.256215	
2162	1.001301	0.000409	-0.697083	-0.000409	1.001301	0.217865	
2163	1.000870	0.000674	-1.369722	-0.000674	1.000870	0.432148	
2164	1.001144	0.000391	-1.240402	-0.000391	1.001144	0.027521	
2165	1.000607	0.000649	-0.746754	-0.000649	1.000607	0.764150	
2166	1.001217	0.000262	-1.577456	-0.000262	1.001217	-0.049422	
2167	1.000815	0.000651	-0.887052	-0.000651	1.000815	0.828340	
2168	1.001250	0.000584	-1.401996	-0.000584	1.001250	-0.043527	
2169	1.000769	0.000611	-0.980963	-0.000611	1.000769	0.579602	
2170	1.001264	0.000280	-1.383291	-0.000280	1.001264	-0.225911	
2171	1.000508	0.000171	-0.817356	-0.000171	1.000508	0.427652	
2172	1.000982	0.000102	-1.099578	-0.000102	1.000982	-0.021352	
2173	1.000674	0.000163	-0.469285	-0.000163	1.000674	0.092187	
2174	1.001179	0.000079	-1.291025	-0.000079	1.001179	-0.225623	
2175	1.000815	0.000260	-0.918877	-0.000260	1.000815	0.173937	
2176	1.001104	0.000182	-0.907960	-0.000182	1.001104	0.118460	
2177	1.000989	0.000284	-0.947764	-0.000284	1.000989	0.262876	
2178	1.001610	0.000545	-1.254367	-0.000545	1.001610	0.376658	
2179	1.000745	0.000306	-0.458231	-0.000306	1.000745	0.251076	
2180	1.001235	0.000318	-1.276185	-0.000318	1.001235	0.081839	
2181	1.000998	0.000383	-1.450142	-0.000383	1.000998	0.329369	
2182	1.001804	0.000616	-1.709780	-0.000616	1.001804	-0.134270	
2183	1.001317	0.000263	-1.228571	-0.000263	1.001317	0.113165	
2184	1.001483	-0.000066	-1.712439	0.000066	1.001483	-0.363008	
2185	1.001221	0.000252	-1.762770	-0.000252	1.001221	-0.076049	
2186	1.001337	0.000294	-1.140528	-0.000294	1.001337	-0.178058	
2187	1.001225	0.000074	-1.028257	-0.000074	1.001225	-0.013879	
2188	1.001113	-0.000018	-1.022042	0.000018	1.001113	-0.506142	
2189	1.000878	0.000369	-0.813446	-0.000369	1.000878	0.428915	
2190	1.001262	0.000296	-1.183538	-0.000296	1.001262	-0.093985	
2191	1.001177	0.000425	-1.071211	-0.000425	1.001177	0.375233	
2192	1.001218	0.000451	-1.068065	-0.000451	1.001218	0.241860	
2193	1.001271	0.000367	-1.600627	-0.000367	1.001271	0.481349	
2194	1.001802	0.000629	-1.859186	-0.000629	1.001802	0.617207	
2195	1.000990	0.000459	-0.986538	-0.000459	1.000990	0.347467	
2196	1.001381	0.000839	-1.269336	-0.000839	1.001381	0.618086	
2197	1.000568	0.000414	-1.044390	-0.000414	1.000568	0.151076	
2198	1.000887	0.000026	-0.618552	-0.000026	1.000887	0.074053	
2199	1.000827	0.000123	-0.895867	-0.000123	1.000827	0.171195	
2200	1.000712	0.000235	-0.470317	-0.000235	1.000712	0.089976	
2201	1.000910	0.000141	-1.081865	-0.000141	1.000910	-0.025749	
2202	1.000840	0.000256	-0.817891	-0.000256	1.000840	0.380521	
2203	1.000775	0.000069	-0.788423	-0.000069	1.000775	0.101019	
2204	1.000665	0.000178	-0.470237	-0.000178	1.000665	0.274529	
2205	1.001125	0.000253	-1.456435	-0.000253	1.001125	0.766152	
2206	1.000840	0.000247	-0.863256	-0.000247	1.000840	-0.024341	
2207	1.000641	0.000163	-0.839603	-0.000163	1.000641	-0.259214	
2208	1.001022	0.000341	-1.314883	-0.000341	1.001022	0.764925	
2209	1.000779	0.000277	-1.212762	-0.000277	1.000779	0.543440	
2210	1.000727	0.000049	-0.837366	-0.000049	1.000727	0.248451	
2211	1.000790	0.000134	-0.821399	-0.000134	1.000790	0.338132	
2212	1.000683	0.000021	-0.740112	-0.000021	1.000683	0.126949	
2213	1.000842	0.000281	-1.398331	-0.000281	1.000842	0.680969	
2214	1.000674	-0.000142	-0.435249	0.000142	1.000674	-0.453479	
2215	1.000785	0.000188	-0.594586	-0.000188	1.000785	0.027881	
2216	1.000875	0.000196	-0.924014	-0.000196	1.000875	0.101865	
2217	1.001008	0.000564	-1.387142	-0.000564	1.001008	0.505855	
2218	1.000523	0.000267	-0.492105	-0.000267	1.000523	0.323140	
2219	1.001291	0.000494	-1.331318	-0.000494	1.001291	0.738804	
2220	1.000544	0.000499	-0.770882	-0.000499	1.000544	1.151415	
2221	1.001075	0.000649	-1.095059	-0.000649	1.001075	0.489027	
2222	1.000961	0.000442	-1.086510	-0.000442	1.000961	0.467478	
2223	1.000458	0.000276	-0.440758	-0.000276	1.000458	0.810313	
2224	1.000715	0.000097	-0.887644	-0.000097	1.000715	0.226768	
2225	1.000679	0.000423	-0.739930	-0.000423	1.000679	0.358001	
2226	1.000847	0.000300	-0.914980	-0.000300	1.000847	0.330096	
2227	1.000671	0.000296	-0.908189	-0.000296	1.000671	0.527374	
2228	1.000936	0.000171	-1.099143	-0.000171	1.000936	0.048539	
2229	1.000570	0.000298	-1.063948	-0.000298	1.000570	0.371802	
2230	1.000994	0.000046	-0.945531	-0.000046	1.000994	0.317022	
2231	1.000614	0.000096	-0.638825	-0.000096	1.000614	0.175453	
2232	1.000951	0.000321	-0.841305	-0.000321	1.000951	0.475261	
2233	1.000811	0.000093	-0.930153	-0.000093	1.000811	0.005913	
2234	1.000992	0.000092	-1.662539	-0.000092	1.000992	1.023856	
2235	1.000380	0.000389	-0.586085	-0.000389	1.000380	0.423970	
2236	1.000967	0.000201	-0.899530	-0.000201	1.000967	-0.105223	
2237	1.000401	0.000282	-0.818171	-0.000282	1.000401	0.719698	
2238	1.000774	0.000045	-1.082727	-0.000045	1.000774	-0.026029	
2239	1.000490	0.000090	-0.334455	-0.000090	1.000490	0.177574	
2240	1.000966	0.000177	-1.112406	-0.000177	1.000966	0.044790	
2241	1.000651	0.000411	-1.051947	-0.000411	1.000651	0.365973	
2242	1.001063	0.000312	-1.318995	-0.000312	1.001063	0.362397	
2243	1.000666	0.000265	-0.957013	-0.000265	1.000666	0.300334	
2244	1.001147	0.000366	-1.259569	-0.000366	1.001147	0.388089	
2245	1.000653	0.000244	-0.870284	-0.000244	1.000653	0.158561	
2246	1.000894	0.000091	-0.997958	-0.000091	1.000894	-0.205268	
2247	1.000563	0.000251	-0.882357	-0.000251	1.000563	0.517389	
2248	1.000924	0.000019	-1.121393	-0.000019	1.000924	0.090830	
2249	1.000609	-0.000000	-1.152102	0.000000	1.000609	0.158139	
2250	1.001029	0.000112	-0.834102	-0.000112	1.001029	-0.296684	
2251	1.000359	0.000100	-0.578451	-0.000100	1.000359	-0.201633	
2252	1.000964	-0.000059	-0.675256	0.000059	1.000964	-0.872110	
2253	1.000582	-0.000224	-0.815340	0.000224	1.000582	-0.017178	
2254	1.000895	-0.000051	-1.621777	0.000051	1.000895	-0.080284	
2255	1.000525	-0.000043	-0.513067	0.000043	1.000525	-0.040977	
2256	1.001119	0.000146	-1.060293	-0.000146	1.001119	-0.522206	
2257	1.000719	-0.000129	-0.629112	0.000129	1.000719	-0.144186	
2258	1.001128	0.000181	-1.502766	-0.000181	1.001128	-0.013991	
2259	1.000446	-0.000125	-0.143471	0.000125	1.000446	-0.283211	
2260	1.000847	0.000217	-1.048973	-0.000217	1.000847	0.154564	
2261	1.000588	0.000226	-0.945802	-0.000226	1.000588	0.200236	
2262	1.001091	0.000316	-0.923067	-0.000316	1.001091	-0.311503	
2263	1.000518	-0.000306	-0.664538	0.000306	1.000518	0.111062	
2264	1.001022	0.000002	-1.070662	-0.000002	1.001022	-0.401788	
2265	1.000570	0.000123	-0.306643	-0.000123	1.000570	-0.170089	
2266	1.001136	-0.000126	-1.089826	0.000126	1.001136	-0.602818	
2267	1.000896	0.000179	-0.992906	-0.000179	1.000896	0.144651	
2268	1.001133	0.000099	-1.134396	-0.000099	1.001133	0.011450	
2269	1.000919	0.000212	-1.000022	-0.000212	1.000919	0.190516	
2270	1.001104	0.000621	-1.217579	-0.000621	1.001104	0.278259	
2271	1.000730	0.000268	-0.558636	-0.000268	1.000730	0.301996	
2272	1.000985	0.000242	-1.154946	-0.000242	1.000985	0.183084	
2273	1.000254	0.000235	-0.682991	-0.000235	1.000254	0.287288	
2274	1.001199	0.000166	-0.965466	-0.000166	1.001199	-0.313132	
2275	1.000645	0.000039	-0.384696	-0.000039	1.000645	-0.041496	
2276	1.001098	0.000077	-0.651022	-0.000077	1.001098	-0.307639	
2277	1.000653	-0.000048	-0.720895	0.000048	1.000653	0.002689	
2278	1.001103	0.000207	-1.123405	-0.000207	1.001103	0.394336	
2279	1.000778	0.000075	-0.673520	-0.000075	1.000778	0.213899	
2280	1.001245	0.000235	-1.250457	-0.000235	1.001245	0.428238	
2281	1.000553	0.000027	-0.744798	-0.000027	1.000553	0.718238	
2282	1.001056	0.000321	-0.874586	-0.000321	1.001056	0.298664	
2283	1.000977	0.000352	-0.856327	-0.000352	1.000977	0.430653	
2284	1.001637	0.000176	-1.340048	-0.000176	1.001637	-0.434239	
2285	1.000796	0.000051	-0.395138	-0.000051	1.000796	-0.401854	
2286	1.001343	0.000055	-1.755171	-0.000055	1.001343	-0.180231	
2287	1.000849	0.000062	-0.914575	-0.000062	1.000849	-0.237777	
2288	1.001374	0.000110	-1.266683	-0.000110	1.001374	-0.284725	
2289	1.000904	0.000107	-1.003513	-0.000107	1.000904	-0.050982	
2290	1.001012	-0.000395	-1.358894	0.000395	1.001012	-0.766196	
2291	1.000461	0.000024	-1.110702	-0.000024	1.000461	-0.000970	
2292	1.001320	0.000083	-0.838496	-0.000083	1.001320	-0.149498	
2293	1.000751	-0.000160	-0.806748	0.000160	1.000751	-0.237197	
2294	1.001193	0.000122	-1.042013	-0.000122	1.001193	-0.029880	
2295	1.000942	0.000084	-0.716784	-0.000084	1.000942	0.247640	
2296	1.001430	0.000195	-1.318051	-0.000195	1.001430	0.064701	
2297	1.000794	0.000132	-0.580991	-0.000132	1.000794	0.134566	
2298	1.001047	0.000069	-1.119600	-0.000069	1.001047	0.131837	
2299	1.000851	0.000160	-0.831483	-0.000160	1.000851	0.103467	
2300	1.001285	0.000361	-0.767070	-0.000361	1.001285	0.118125	
2301	1.000810	0.000202	-0.933799	-0.000202	1.000810	0.304316	
2302	1.001282	0.000266	-2.087462	-0.000266	1.001282	0.404461	
2303	1.000898	0.000257	-0.165283	-0.000257	1.000898	0.260435	
2304	1.001186	0.000207	-1.314881	-0.000207	1.001186	0.072493	
2305	1.000966	0.000342	-0.941076	-0.000342	1.000966	0.428311	
2306	1.000891	0.000187	-0.950466	-0.000187	1.000891	0.305593	
2307	1.000772	0.000315	-0.608574	-0.000315	1.000772	0.291414	
2308	1.001173	0.000340	-1.197251	-0.000340	1.001173	0.023770	
2309	1.000376	0.000440	-0.908635	-0.000440	1.000376	0.244154	
2310	1.001448	0.000229	-1.468872	-0.000229	1.001448	0.011070	
2311	1.000943	0.000082	-0.436233	-0.000082	1.000943	0.246589	
2312	1.001306	0.000177	-1.616691	-0.000177	1.001306	-0.166151	
2313	1.000874	0.000697	-1.031551	-0.000697	1.000874	0.599297	
2314	1.001043	0.000025	-0.695717	-0.000025	1.001043	-0.000523	
2315	1.000655	0.000323	-0.409123	-0.000323	1.000655	0.328535	
2316	1.001076	0.000348	-0.971371	-0.000348	1.001076	0.355152	
2317	1.000928	0.000354	-0.856163	-0.000354	1.000928	0.418239	
2318	1.000779	0.000552	-0.607749	-0.000552	1.000779	0.197746	
2319	1.000873	0.000206	-0.530456	-0.000206	1.000873	0.299321	
2320	1.001141	0.000353	-1.007657	-0.000353	1.001141	0.279845	
2321	1.000863	0.000258	-0.629435	-0.000258	1.000863	0.294153	
2322	1.001048	0.000191	-0.951068	-0.000191	1.001048	0.055900	
2323	1.000776	0.000414	-0.751477	-0.000414	1.000776	0.774288	
2324	1.000971	0.000360	-0.992302	-0.000360	1.000971	0.468985	
2325	1.000950	0.000226	-1.051051	-0.000226	1.000950	0.246224	
2326	1.001268	0.000421	-1.943526	-0.000421	1.001268	0.401282	
2327	0.999865	0.000312	-0.215996	-0.000312	0.999865	1.034200	
2328	1.001566	0.000451	-0.883530	-0.000451	1.001566	-0.387704	
2329	1.000957	0.000441	-0.709252	-0.000441	1.000957	0.501024	
2330	1.001283	0.000175	-1.498578	-0.000175	1.001283	-0.134538	
2331	1.001131	0.000616	-1.375041	-0.000616	1.001131	0.570621	
2332	1.000919	0.000220	-1.017467	-0.000220	1.000919	-0.094010	
2333	1.000247	0.000247	-0.045869	-0.000247	1.000247	0.889210	
2334	1.000611	-0.000054	-0.559747	0.000054	1.000611	-0.392345	
2335	1.000906	0.000193	-0.475885	-0.000193	1.000906	0.175548	
2336	1.001230	0.000019	-1.258986	-0.000019	1.001230	-0.238562	
2337	1.000900	0.000146	-0.540921	-0.000146	1.000900	0.378816	
2338	1.001041	-0.000095	-0.914647	0.000095	1.001041	-0.338450	
2339	1.000874	0.000153	-0.876283	-0.000153	1.000874	0.141088	
2340	1.001211	0.000096	-0.960516	-0.000096	1.001211	-0.125862	
2341	1.000737	0.000243	-0.967665	-0.000243	1.000737	0.313597	
2342	1.001204	0.000375	-0.850863	-0.000375	1.001204	0.344882	
2343	1.000699	0.000392	-0.823619	-0.000392	1.000699	0.485499	
2344	1.001244	0.000712	-1.630340	-0.000712	1.001244	0.746880	
2345	1.000409	0.000566	-0.243951	-0.000566	1.000409	0.316233	
2346	1.001436	0.000233	-1.786534	-0.000233	1.001436	-0.432276	
2347	1.000457	0.000649	-0.514774	-0.000649	1.000457	1.284472	
2348	1.000862	-0.000036	-1.005297	0.000036	1.000862	-0.214562	
2349	1.000810	0.000323	-0.705105	-0.000323	1.000810	0.515413	
2350	1.001071	0.000163	-1.525886	-0.000163	1.001071	-0.050541	
2351	1.000733	0.000007	-0.849713	-0.000007	1.000733	0.100583	
2352	1.001455	0.000289	-1.748493	-0.000289	1.001455	-0.000047	
2353	1.000538	0.000424	-0.325109	-0.000424	1.000538	0.565222	
2354	1.001401	0.000306	-1.319123	-0.000306	1.001401	0.045732	
2355	1.001102	0.000387	-1.064095	-0.000387	1.001102	0.268402	
2356	1.001081	0.000025	-1.178862	-0.000025	1.001081	-0.160376	
2357	0.999942	0.000383	-0.450267	-0.000383	0.999942	0.512792	
2358	1.001111	0.000126	-0.645075	-0.000126	1.001111	0.063642	
2359	1.000683	0.000057	-0.795496	-0.000057	1.000683	0.332110	
2360	1.001288	0.000151	-0.879405	-0.000151	1.001288	-0.542355	
2361	1.000820	-0.000098	-1.318172	0.000098	1.000820	-0.132951	
2362	1.000837	0.000394	-0.824710	-0.000394	1.000837	0.928377	
2363	1.001077	0.000074	-0.940077	-0.000074	1.001077	0.032628	
2364	1.001183	0.000523	-1.075850	-0.000523	1.001183	0.450520	
2365	1.000911	0.000176	-0.989233	-0.000176	1.000911	0.042554	
2366	1.000701	0.000294	-0.829827	-0.000294	1.000701	0.315790	
2367	1.000968	0.000437	-1.036207	-0.000437	1.000968	0.618699	
2368	1.000783	0.000487	-0.656762	-0.000487	1.000783	0.451563	
2369	1.000554	0.000571	-0.615648	-0.000571	1.000554	0.707167	
2370	1.000485	0.000218	-0.392480	-0.000218	1.000485	0.159370	
2371	1.001069	0.000799	-1.472003	-0.000799	1.001069	0.731109	
2372	1.000801	0.000457	-0.664753	-0.000457	1.000801	0.491381	
2373	1.000864	0.000349	-0.676076	-0.000349	1.000864	0.611554	
2374	1.000749	0.000338	-0.249095	-0.000338	1.000749	0.281333	
2375	1.000992	0.000608	-1.272045	-0.000608	1.000992	0.427014	
2376	1.000958	0.000400	-1.229843	-0.000400	1.000958	0.491271	
2377	1.000721	0.000263	-0.637062	-0.000263	1.000721	0.204149	
2378	1.000056	0.000367	0.118500	-0.000367	1.000056	0.243130	
2379	1.000705	0.000709	-0.282835	-0.000709	1.000705	0.667683	
2380	1.000964	0.000190	-0.916015	-0.000190	1.000964	0.055811	
2381	1.000774	0.000349	-0.627186	-0.000349	1.000774	0.430776	
2382	1.000969	0.000260	-0.733460	-0.000260	1.000969	0.762625	
2383	1.000962	0.000408	-0.807104	-0.000408	1.000962	0.639843	
2384	1.000673	-0.000036	-0.328206	0.000036	1.000673	-0.182829	
2385	1.000981	0.000883	-1.563090	-0.000883	1.000981	1.157721	
2386	1.000952	0.000256	-0.253596	-0.000256	1.000952	0.501775	
2387	1.000221	0.000345	0.369635	-0.000345	1.000221	0.754073	
2388	1.001259	0.000646	-1.355326	-0.000646	1.001259	0.962558	
2389	1.000721	0.001211	-1.307997	-0.001211	1.000721	1.715704	
2390	1.001292	0.000498	0.109202	-0.000498	1.001292	0.348461	
2391	1.000712	0.000734	-1.033221	-0.000734	1.000712	0.844035	
2392	1.000495	0.000155	-0.369785	-0.000155	1.000495	0.049495	
2393	1.000637	0.000980	-0.603062	-0.000980	1.000637	1.378942	
2394	1.000766	0.000216	-0.476031	-0.000216	1.000766	0.184460	
2395	1.000570	0.000469	-0.493097	-0.000469	1.000570	0.504592	
2396	1.000631	0.000341	-0.519695	-0.000341	1.000631	0.389598	
2397	1.000316	0.000214	-0.194584	-0.000214	1.000316	0.355925	
2398	1.000590	0.000537	-0.514099	-0.000537	1.000590	0.442787	
2399	1.000393	0.000102	-0.284506	-0.000102	1.000393	0.233564	
2400	1.000720	0.000363	-0.444273	-0.000363	1.000720	0.534302	
2401	1.000621	0.000485	-0.500477	-0.000485	1.000621	0.825906	
2402	1.000584	0.000226	-0.543763	-0.000226	1.000584	0.171009	
2403	1.000211	0.000115	-0.118955	-0.000115	1.000211	0.350299	
2404	1.001301	0.000343	-0.979457	-0.000343	1.001301	0.217835	
2405	1.000592	0.000342	-0.558044	-0.000342	1.000592	0.402644	
2406	1.000842	0.000401	-0.904999	-0.000401	1.000842	0.561527	
2407	1.000251	0.000075	-0.011231	-0.000075	1.000251	0.283523	
2408	1.000618	0.000285	-0.590650	-0.000285	1.000618	0.286935	
2409	1.000353	0.000303	-0.177447	-0.000303	1.000353	0.395804	
2410	1.000043	0.000246	0.155024	-0.000246	1.000043	0.375009	
2411	1.000287	0.000396	-0.320964	-0.000396	1.000287	0.918935	
2412	1.000385	0.000196	-0.169188	-0.000196	1.000385	0.213773	
2413	1.000274	0.000484	0.051193	-0.000484	1.000274	0.553419	
2414	1.000636	0.000442	-0.268724	-0.000442	1.000636	0.406772	
2415	1.000265	0.000202	0.290255	-0.000202	1.000265	0.732688	
2416	1.000504	0.000258	-0.480480	-0.000258	1.000504	0.127035	
2417	1.000065	0.000150	0.422939	-0.000150	1.000065	0.309524	
2418	1.000689	0.000084	-0.558378	-0.000084	1.000689	0.534560	
2419	0.999851	0.000153	-0.116284	-0.000153	0.999851	0.625424	
2420	1.000585	0.000217	-0.437872	-0.000217	1.000585	-0.141102	
2421	1.000337	-0.000021	-0.350452	0.000021	1.000337	0.488180	
2422	1.000404	-0.000018	-0.036267	0.000018	1.000404	0.380022	
2423	1.000045	0.000225	0.120094	-0.000225	1.000045	0.346415	
2424	1.000220	0.000033	-0.055042	-0.000033	1.000220	0.211091	
2425	0.999861	0.000120	0.527133	-0.000120	0.999861	0.587318	
2426	1.000460	0.000101	-0.545498	-0.000101	1.000460	0.053866	
2427	0.999949	0.000164	0.315929	-0.000164	0.999949	0.741354	
2428	1.000152	0.000059	-0.040615	-0.000059	1.000152	0.320293	
2429	1.000010	0.000296	0.145919	-0.000296	1.000010	0.643944	
2430	1.000420	0.000024	-0.345070	-0.000024	1.000420	0.009536	
2431	1.000077	-0.000094	0.151124	0.000094	1.000077	0.631813	
2432	1.000421	0.000287	-0.174383	-0.000287	1.000421	0.191916	
2433	1.000083	0.000078	-0.081335	-0.000078	1.000083	0.584050	
2434	1.000409	0.000050	0.140608	-0.000050	1.000409	0.273678	
2435	0.999822	0.000457	0.336119	-0.000457	0.999822	1.073434	
2436	1.000504	0.000179	-0.420606	-0.000179	1.000504	0.359682	
2437	1.000034	0.000427	-0.003734	-0.000427	1.000034	0.698961	
2438	1.000178	0.000342	0.251720	-0.000342	1.000178	0.397663	
2439	0.999973	0.000259	-0.233991	-0.000259	0.999973	0.584759	
2440	1.000235	0.000247	0.072412	-0.000247	1.000235	0.833735	
2441	0.999932	0.000101	0.813496	-0.000101	0.999932	0.422012	
2442	1.000311	0.000107	-0.171706	-0.000107	1.000311	0.314775	
2443	1.000177	0.000051	-0.089485	-0.000051	1.000177	0.181616	
2444	1.000350	0.000003	-0.038632	-0.000003	1.000350	0.523649	
2445	1.000238	0.000109	-0.096732	-0.000109	1.000238	0.484981	
2446	1.000359	0.000100	-0.018116	-0.000100	1.000359	-0.004979	
2447	1.000319	0.000259	-0.248549	-0.000259	1.000319	0.690416	
2448	1.000458	-0.000126	-0.239938	0.000126	1.000458	0.605656	
2449	1.000228	0.000380	-0.114101	-0.000380	1.000228	0.411383	
2450	1.000444	0.000191	-0.207118	-0.000191	1.000444	0.136597	
2451	1.000166	0.000235	-0.173077	-0.000235	1.000166	0.663519	
2452	1.000568	0.000115	-0.467876	-0.000115	1.000568	0.084107	
2453	0.999800	-0.000027	0.332568	0.000027	0.999800	0.573982	
2454	1.000516	-0.000135	-0.257622	0.000135	1.000516	0.019918	
2455	1.000188	-0.000011	-0.288726	0.000011	1.000188	0.609961	
2456	1.000297	0.000301	-0.040234	-0.000301	1.000297	0.063453	
2457	1.000120	-0.000036	0.040479	0.000036	1.000120	-0.006342	
2458	1.000465	0.000267	-0.202383	-0.000267	1.000465	0.584764	
2459	1.000016	0.000033	0.300848	-0.000033	1.000016	0.145742	
2460	1.000627	0.000238	-0.653227	-0.000238	1.000627	0.387367	
2461	1.000282	0.000194	0.114261	-0.000194	1.000282	1.001114	
2462	1.000481	0.000220	-0.433412	-0.000220	1.000481	0.461231	
2463	1.000179	0.000382	-0.114562	-0.000382	1.000179	0.772209	
2464	1.000822	0.000539	-0.506062	-0.000539	1.000822	0.573629	
2465	1.000294	0.000022	-0.090690	-0.000022	1.000294	0.086008	
2466	1.000221	0.000194	0.016883	-0.000194	1.000221	0.441366	
2467	1.000184	0.000258	-0.077286	-0.000258	1.000184	0.616450	
2468	1.000378	-0.000059	-0.274743	0.000059	1.000378	0.031454	
2469	1.000241	0.000352	-0.254573	-0.000352	1.000241	0.718523	
2470	1.000244	-0.000251	0.405119	0.000251	1.000244	0.259046	
2471	0.999954	0.000131	0.246273	-0.000131	0.999954	0.219169	
2472	1.000927	-0.000065	-1.067144	0.000065	1.000927	-0.048703	
2473	1.000034	0.000095	-0.026282	-0.000095	1.000034	0.841397	
2474	1.000636	-0.000156	-0.170500	0.000156	1.000636	-0.333643	
2475	1.000108	0.000143	-0.325285	-0.000143	1.000108	-0.057515	
2476	1.000525	-0.000182	-0.293958	0.000182	1.000525	-0.012325	
2477	1.000103	-0.000110	0.161175	0.000110	1.000103	0.019492	
2478	1.000265	-0.000098	-0.152248	0.000098	1.000265	-0.049914	
2479	1.000331	0.000079	-0.292320	-0.000079	1.000331	0.409553	
2480	1.000448	0.000078	-0.497342	-0.000078	1.000448	0.125767	
2481	1.000552	0.000187	-0.622517	-0.000187	1.000552	0.531149	
2482	1.000295	0.000033	-0.043042	-0.000033	1.000295	-0.506039	
2483	0.999809	0.000199	0.437502	-0.000199	0.999809	0.861609	
2484	1.000721	-0.000019	-0.565654	0.000019	1.000721	-0.028276	
2485	1.000461	-0.000013	-0.576248	0.000013	1.000461	0.169666	
2486	1.000400	0.000084	-0.052733	-0.000084	1.000400	-0.114110	
2487	1.000176	0.000161	-0.108613	-0.000161	1.000176	0.467750	
2488	1.000468	0.000065	-0.201433	-0.000065	1.000468	0.113458	
2489	1.000392	0.000114	-0.395146	-0.000114	1.000392	0.155860	
2490	1.000225	0.000132	0.119157	-0.000132	1.000225	0.351916	
2491	1.000466	0.000342	-0.136879	-0.000342	1.000466	0.577609	
2492	1.000379	0.000030	-0.433107	-0.000030	1.000379	0.252818	
2493	1.000112	0.000144	-0.131775	-0.000144	1.000112	0.244674	
2494	1.000619	0.000385	-0.648982	-0.000385	1.000619	0.571807	
2495	1.000232	0.000020	-0.044063	-0.000020	1.000232	0.082875	
2496	1.000774	0.000277	-0.202193	-0.000277	1.000774	0.181746	
2497	1.000022	-0.000225	-0.030643	0.000225	1.000022	-0.072314	
2498	1.000377	0.000061	-0.286171	-0.000061	1.000377	0.051082	
2499	1.000395	-0.000023	0.171624	0.000023	1.000395	0.326188	
2500	1.000455	-0.000034	-0.600435	0.000034	1.000455	0.063745	
2501	1.000364	0.000071	-0.342750	-0.000071	1.000364	0.429962	
2502	1.000483	0.000079	0.080778	-0.000079	1.000483	0.457982	
2503	1.000333	0.000250	0.108610	-0.000250	1.000333	0.369293	
2504	1.000630	0.000220	-0.985983	-0.000220	1.000630	0.022809	
2505	1.000685	0.000546	-0.567420	-0.000546	1.000685	0.411346	
2506	1.000635	0.000314	-0.447863	-0.000314	1.000635	0.133769	
2507	1.000553	0.000087	-0.326073	-0.000087	1.000553	-0.171410	
2508	1.000430	0.000125	-0.324838	-0.000125	1.000430	0.219756	
2509	1.000642	-0.000024	-0.315849	0.000024	1.000642	0.472620	
2510	1.000359	0.000121	-0.280560	-0.000121	1.000359	0.099230	
2511	1.000486	0.000035	-0.282376	-0.000035	1.000486	-0.486134	
2512	1.000390	-0.000075	-0.235995	0.000075	1.000390	0.256633	
2513	1.000246	0.000068	-0.291540	-0.000068	1.000246	0.238877	
2514	1.000510	-0.000233	-0.038071	0.000233	1.000510	-0.298197	
2515	1.000271	0.000017	0.136588	-0.000017	1.000271	0.346408	
2516	1.000542	-0.000071	-0.311347	0.000071	1.000542	-0.265144	
2517	1.000501	0.000169	-0.233818	-0.000169	1.000501	0.009849	
2518	1.000500	0.000079	-0.410067	-0.000079	1.000500	0.322754	
2519	1.000262	0.000017	-0.319161	-0.000017	1.000262	0.197055	
2520	1.000598	0.000121	-0.288857	-0.000121	1.000598	-0.387011	
2521	1.000354	0.000214	-0.234877	-0.000214	1.000354	0.277615	
2522	1.000621	-0.000059	-0.578326	0.000059	1.000621	0.366711	
2523	1.000391	0.000080	-0.437955	-0.000080	1.000391	0.125790	
2524	1.000499	0.000194	-0.427427	-0.000194	1.000499	0.255953	
2525	1.000197	0.000149	-0.237814	-0.000149	1.000197	0.287096	
2526	1.000509	0.000083	-0.528862	-0.000083	1.000509	0.020653	
2527	1.000207	0.000078	-0.237036	-0.000078	1.000207	-0.314461	
2528	1.000394	-0.000050	-0.347833	0.000050	1.000394	-0.247779	
2529	1.000342	-0.000021	-0.746335	0.000021	1.000342	-0.141674	
2530	1.001025	0.000415	-0.983544	-0.000415	1.001025	0.262094	
2531	1.000605	0.000233	-0.287006	-0.000233	1.000605	0.224415	
2532	1.000897	0.000249	-0.413764	-0.000249	1.000897	0.006843	
2533	1.000699	-0.000013	-0.943900	0.000013	1.000699	-0.216360	
2534	1.001002	0.000080	-1.354152	-0.000080	1.001002	-0.244862	
2535	1.000567	0.000231	-0.521471	-0.000231	1.000567	0.349818	
2536	1.000883	-0.000009	-0.756325	0.000009	1.000883	-0.197686	
2537	1.000513	0.000071	-0.566760	-0.000071	1.000513	-0.090190	
2538	1.000518	0.000021	-0.268219	-0.000021	1.000518	0.116877	
2539	1.000413	-0.000005	-0.609729	0.000005	1.000413	-0.119180	
2540	1.000463	0.000165	-0.060292	-0.000165	1.000463	0.215792	
2541	1.000290	0.000146	-0.064700	-0.000146	1.000290	0.243241	
2542	1.000461	0.000069	-0.493986	-0.000069	1.000461	0.054118	
2543	1.000215	0.000552	-0.200471	-0.000552	1.000215	0.126700	
2544	1.000513	-0.000124	-0.428968	0.000124	1.000513	-0.303351	
2545	1.000249	0.000099	-0.691437	-0.000099	1.000249	0.052337	
2546	1.000662	-0.000018	-0.278333	0.000018	1.000662	-0.765380	
2547	1.000283	-0.000041	0.205794	0.000041	1.000283	0.431291	
2548	1.000674	-0.000015	-0.472196	0.000015	1.000674	-0.081085	
2549	1.000284	-0.000018	-0.220664	0.000018	1.000284	-0.068768	
2550	1.000542	0.000130	-0.234124	-0.000130	1.000542	0.021144	
2551	1.000236	0.000029	-0.397333	-0.000029	1.000236	-0.096240	
2552	1.000463	-0.000068	-0.196788	0.000068	1.000463	0.041595	
2553	1.000121	-0.000040	0.104388	0.000040	1.000121	-0.060056	
2554	1.000634	0.000084	0.055706	-0.000084	1.000634	0.075854	
2555	1.000199	-0.000128	-0.132374	0.000128	1.000199	-0.114800	
2556	1.000542	0.000161	-0.455183	-0.000161	1.000542	0.078642	
2557	1.000433	0.000191	-0.490994	-0.000191	1.000433	0.315037	
2558	1.000544	0.000091	-0.556780	-0.000091	1.000544	-0.075684	
2559	1.000361	0.000288	-0.168733	-0.000288	1.000361	0.311445	
2560	1.000691	0.000326	-0.722180	-0.000326	1.000691	-0.246754	
2561	1.000300	0.000026	-0.232925	-0.000026	1.000300	0.122618	
2562	1.000527	0.000085	-0.533160	-0.000085	1.000527	0.040506	
2563	1.000251	0.000082	-0.163641	-0.000082	1.000251	0.139030	
2564	1.000703	-0.000134	-0.323499	0.000134	1.000703	-0.443740	
2565	1.000316	-0.000071	-0.566022	0.000071	1.000316	0.022848	
2566	1.000749	0.000168	-0.681802	-0.000168	1.000749	-0.324943	
2567	1.000172	-0.000127	0.180521	0.000127	1.000172	-0.118571	
2568	1.000821	0.000062	-1.276620	-0.000062	1.000821	-0.266817	
2569	0.999942	-0.000195	0.290321	0.000195	0.999942	-0.106365	
2570	1.000520	0.000075	-0.512822	-0.000075	1.000520	0.034732	
2571	1.000167	0.000006	0.021849	-0.000006	1.000167	0.072673	
2572	1.000643	-0.000059	-0.616783	0.000059	1.000643	-0.656688	
2573	1.000348	-0.000039	-0.723700	0.000039	1.000348	-0.053199	
2574	1.000636	-0.000070	-0.228561	0.000070	1.000636	-0.001977	
2575	1.000375	-0.000132	-0.312895	0.000132	1.000375	-0.031523	
2576	1.000713	-0.000026	-0.899470	0.000026	1.000713	-0.285280	
2577	1.000400	-0.000070	-0.397165	0.000070	1.000400	-0.151414	
2578	1.000675	0.000045	-0.614578	-0.000045	1.000675	-0.038141	
2579	1.000249	0.000030	-0.063034	-0.000030	1.000249	0.259185	
2580	1.000669	0.000026	-0.528236	-0.000026	1.000669	-1.058338	
2581	1.000488	0.000303	-1.506275	-0.000303	1.000488	-0.547750	
2582	1.000744	-0.000046	-0.527172	0.000046	1.000744	0.116317	
2583	1.000336	-0.000123	-0.114597	0.000123	1.000336	0.745360	
2584	1.000803	0.000067	-0.837977	-0.000067	1.000803	0.086126	
2585	1.000205	-0.000099	-0.365440	0.000099	1.000205	-0.120871	
2586	1.000738	0.000074	-1.256071	-0.000074	1.000738	-0.143610	
2587	1.000238	0.000210	0.032105	-0.000210	1.000238	0.370311	
2588	1.000857	0.000081	-0.904648	-0.000081	1.000857	0.026972	
2589	1.000384	0.000158	-0.623077	-0.000158	1.000384	0.320584	
2590	1.000627	-0.000057	-0.849324	0.000057	1.000627	-0.141782	
2591	1.000327	0.000130	-0.198044	-0.000130	1.000327	-0.077584	
2592	1.000671	0.000025	-0.783819	-0.000025	1.000671	-0.003349	
2593	1.000388	-0.000105	-0.336223	0.000105	1.000388	-0.182409	
2594	1.000779	0.000053	-0.716971	-0.000053	1.000779	-0.140896	
2595	1.000512	-0.000173	-0.780841	0.000173	1.000512	0.075397	
2596	1.000695	-0.000186	-0.459638	0.000186	1.000695	-0.038668	
2597	1.000325	-0.000021	-0.792961	0.000021	1.000325	0.372664	
2598	1.000651	0.000027	-0.281490	-0.000027	1.000651	0.070937	
2599	1.000412	0.000104	-0.418556	-0.000104	1.000412	0.095509	
2600	1.000793	0.000231	-1.130204	-0.000231	1.000793	0.336604	
2601	1.000432	0.000549	-0.454235	-0.000549	1.000432	1.247027	
2602	1.000585	0.000135	-0.589658	-0.000135	1.000585	0.439212	
2603	1.000327	-0.000020	-0.362952	0.000020	1.000327	0.056260	
2604	1.000884	0.000116	-1.415911	-0.000116	1.000884	0.272672	
2605	1.000183	0.000116	-0.587024	-0.000116	1.000183	0.612359	
2606	1.000778	0.000145	-0.689703	-0.000145	1.000778	-0.315217	
2607	1.000432	-0.000300	0.135215	0.000300	1.000432	-0.221763	
2608	1.000999	-0.000135	-0.722015	0.000135	1.000999	0.242211	
2609	1.000319	-0.000063	-0.528721	0.000063	1.000319	0.492377	
2610	1.000650	-0.000094	-0.509455	0.000094	1.000650	-0.131425	
2611	1.000363	-0.000106	-0.327284	0.000106	1.000363	-0.179680	
2612	1.000790	0.000084	-0.422930	-0.000084	1.000790	0.227835	
2613	1.000213	0.000006	-0.083176	-0.000006	1.000213	0.038264	
2614	1.000710	0.000127	-0.714221	-0.000127	1.000710	0.187794	
2615	1.000211	0.000002	-0.485770	-0.000002	1.000211	0.648215	
2616	1.000723	0.000000	-0.897785	-0.000000	1.000723	-0.015279	
2617	1.000365	-0.000079	-0.345970	0.000079	1.000365	-0.284769	
2618	1.000793	-0.000108	-1.114271	0.000108	1.000793	0.087767	
2619	1.000328	-0.000035	-0.404611	0.000035	1.000328	0.286414	
2620	1.000361	-0.000147	-0.376941	0.000147	1.000361	-0.085180	
2621	1.000196	-0.000099	-0.073862	0.000099	1.000196	-0.213832	
2622	1.000711	-0.000096	-0.359554	0.000096	1.000711	0.188895	
2623	1.000031	-0.000126	-0.412791	0.000126	1.000031	0.172677	
2624	1.000525	-0.000063	-0.798975	0.000063	1.000525	-0.383034	
2625	1.000051	-0.000120	0.365771	0.000120	1.000051	0.460227	
2626	1.000671	-0.000340	-0.293162	0.000340	1.000671	-0.318762	
2627	1.000250	-0.000102	-0.220243	0.000102	1.000250	-0.102293	
2628	1.000559	-0.000085	-0.612020	0.000085	1.000559	-0.294783	
2629	1.000204	-0.000162	-0.224259	0.000162	1.000204	-0.077282	
2630	1.000414	-0.000230	-0.434513	0.000230	1.000414	-0.205793	
2631	1.000241	-0.000231	-0.070316	0.000231	1.000241	-0.380622	
2632	1.000267	-0.000138	-0.406966	0.000138	1.000267	-0.186888	
2633	0.999817	-0.000343	-0.060237	0.000343	0.999817	-0.434050	
2634	1.000459	0.000061	-0.814250	-0.000061	1.000459	-0.173533	
2635	1.000133	-0.000154	-0.227904	0.000154	1.000133	-0.488087	
2636	1.000367	0.000018	-0.026726	-0.000018	1.000367	-0.487442	
2637	1.000385	-0.000138	-0.375461	0.000138	1.000385	-0.204301	
2638	1.000497	-0.000128	-1.189324	0.000128	1.000497	-0.058799	
2639	1.000339	-0.000161	-0.312914	0.000161	1.000339	-0.182660	
2640	1.000394	0.000058	-0.115745	-0.000058	1.000394	-0.311585	
2641	1.000617	0.000174	-0.691323	-0.000174	1.000617	-0.317098	
2642	1.000396	-0.000207	-0.691906	0.000207	1.000396	-0.269353	
2643	1.000018	-0.000181	-0.365178	0.000181	1.000018	0.045208	
2644	1.000175	-0.000038	0.081534	0.000038	1.000175	0.154733	
2645	1.000052	-0.000345	-0.472102	0.000345	1.000052	-0.521719	
2646	1.000049	-0.000211	-0.086847	0.000211	1.000049	-0.285112	
2647	0.999899	-0.000418	0.168401	0.000418	0.999899	-0.453895	
2648	1.000022	-0.000475	-0.099315	0.000475	1.000022	-0.462610	
2649	1.000063	-0.000116	-0.118853	0.000116	1.000063	-0.148932	
2650	1.000079	-0.000262	-0.253134	0.000262	1.000079	-0.573600	
2651	1.000164	-0.000149	-0.513145	0.000149	1.000164	-0.216415	
2652	0.999997	0.000017	-0.125331	-0.000017	0.999997	0.008001	
2653	0.999937	-0.000127	-0.085485	0.000127	0.999937	-0.094311	
2654	1.000064	-0.000118	-0.344199	0.000118	1.000064	-0.226011	
2655	0.999949	-0.000239	-0.272317	0.000239	0.999949	-0.381508	
2656	1.000264	-0.000106	-0.550356	0.000106	1.000264	-0.149180	
2657	0.999908	0.000018	-0.103621	-0.000018	0.999908	0.184002	
2658	1.000075	-0.000294	-0.115685	0.000294	1.000075	-0.374991	
2659	0.999917	-0.000023	-0.280930	0.000023	0.999917	0.275306	
2660	1.000161	-0.000154	-0.472766	0.000154	1.000161	0.040222	
2661	0.999665	-0.000248	-0.027939	0.000248	0.999665	0.247786	
2662	1.000240	-0.000123	-0.013530	0.000123	1.000240	-0.720284	
2663	0.999939	-0.000214	-0.173400	0.000214	0.999939	0.014713	
2664	1.000229	-0.000257	-0.547734	0.000257	1.000229	-0.224343	
2665	0.999676	-0.000204	-0.119176	0.000204	0.999676	0.044364	
2666	1.000050	-0.000139	-0.200367	0.000139	1.000050	0.081762	
2667	0.999889	-0.000113	-0.123637	0.000113	0.999889	0.010263	
2668	1.000109	-0.000101	-0.290573	0.000101	1.000109	0.013587	
2669	1.000108	-0.000072	-0.597579	0.000072	1.000108	1.014228	
2670	1.000114	-0.000078	-0.060668	0.000078	1.000114	-0.059389	
2671	0.999870	-0.000076	-0.140468	0.000076	0.999870	0.125873	
2672	1.000271	-0.000056	-0.204435	0.000056	1.000271	0.389452	
2673	0.999999	-0.000146	-0.304220	0.000146	0.999999	0.068409	
2674	1.000158	-0.000285	0.007749	0.000285	1.000158	-0.379262	
2675	1.000068	-0.000076	-0.091635	0.000076	1.000068	0.167974	
2676	1.000232	-0.000286	-0.158615	0.000286	1.000232	-0.048732	
2677	0.999907	-0.000344	0.083821	0.000344	0.999907	0.073033	
2678	1.000090	-0.000255	-0.015738	0.000255	1.000090	-0.167049	
2679	0.999885	-0.000303	-0.091350	0.000303	0.999885	-0.199826	
2680	1.000448	-0.000009	-0.447521	0.000009	1.000448	-0.307197	
2681	1.000110	-0.000349	-0.235940	0.000349	1.000110	-0.376249	
2682	1.000041	-0.000176	-0.208595	0.000176	1.000041	-0.132992	
2683	0.999997	-0.000241	-0.045459	0.000241	0.999997	0.081055	
2684	1.000345	-0.000104	-0.289962	0.000104	1.000345	-0.151290	
2685	0.999978	-0.000150	0.209463	0.000150	0.999978	-0.177959	
2686	1.000605	-0.000308	-0.279671	0.000308	1.000605	-0.764562	
2687	1.000004	-0.000314	-0.143049	0.000314	1.000004	0.027620	
2688	1.000159	-0.000318	-0.355441	0.000318	1.000159	-0.273519	
2689	1.000107	-0.000326	-0.185020	0.000326	1.000107	-0.170839	
2690	1.000212	-0.000189	-0.340053	0.000189	1.000212	-0.323927	
2691	0.999889	-0.000188	-0.067703	0.000188	0.999889	-0.167708	
2692	1.000424	-0.000203	-0.471644	0.000203	1.000424	-0.609024	
2693	1.000002	-0.000109	-0.733257	0.000109	1.000002	0.079993	
2694	1.000325	-0.000045	-0.598615	0.000045	1.000325	-0.162386	
2695	1.000262	0.000022	-0.358271	-0.000022	1.000262	-0.140158	
2696	1.000541	-0.000427	-0.642215	0.000427	1.000541	-0.925863	
2697	0.999799	-0.000001	-0.087572	0.000001	0.999799	-0.356560	
2698	1.000451	-0.000290	-0.900080	0.000290	1.000451	-0.627497	
2699	0.999921	-0.000313	-0.184039	0.000313	0.999921	-0.074061	
2700	1.000406	-0.000046	-0.589333	0.000046	1.000406	0.087332	
2701	0.999859	-0.000174	-0.315545	0.000174	0.999859	-0.162880	
2702	1.000309	-0.000116	-1.179287	0.000116	1.000309	-0.177979	
2703	0.999886	-0.000090	-0.224093	0.000090	0.999886	-0.883613	
2704	1.000536	-0.000162	-0.936624	0.000162	1.000536	-0.686539	
2705	1.000058	0.000003	-0.557685	-0.000003	1.000058	0.332041	
2706	1.000263	-0.000250	-0.052666	0.000250	1.000263	-0.252045	
2707	0.999903	0.000008	-0.453619	-0.000008	0.999903	-0.206599	
2708	1.000510	0.000061	-0.980812	-0.000061	1.000510	-0.795208	
2709	0.999915	-0.000331	-0.214495	0.000331	0.999915	-0.125804	
2710	1.000111	-0.000097	-0.341367	0.000097	1.000111	-0.399319	
2711	0.999932	-0.000094	-0.429745	0.000094	0.999932	-0.187871	
2712	1.000227	-0.000191	-0.908161	0.000191	1.000227	-0.004923	
2713	0.999701	-0.000307	0.181454	0.000307	0.999701	-0.326685	
2714	1.000067	-0.000187	-0.196585	0.000187	1.000067	-0.337162	
2715	0.999900	-0.000182	-0.380209	0.000182	0.999900	-0.109785	
2716	1.000146	-0.000225	-0.323636	0.000225	1.000146	-0.067810	
2717	0.999718	-0.000322	-0.068216	0.000322	0.999718	0.468354	
2718	1.000102	-0.000155	-0.336507	0.000155	1.000102	-0.155327	
2719	0.999913	-0.000155	-0.095664	0.000155	0.999913	0.012213	
2720	1.000173	0.000299	-1.020306	-0.000299	1.000173	-0.125099	
2721	0.999789	-0.000137	-0.162890	0.000137	0.999789	-0.133961	
2722	0.999964	0.000134	0.039264	-0.000134	0.999964	-0.609951	
2723	1.000119	-0.000322	-0.441631	0.000322	1.000119	-0.260071	
2724	0.999991	-0.000405	-0.208281	0.000405	0.999991	-0.181920	
2725	1.000147	-0.000191	-0.895099	0.000191	1.000147	-0.437966	
2726	1.000086	-0.000602	-0.144716	0.000602	1.000086	-0.804966	
2727	1.000136	-0.000471	-0.306880	0.000471	1.000136	-0.366464	
2728	1.000073	-0.000466	-0.286624	0.000466	1.000073	-0.455045	
2729	1.000106	-0.000663	-0.276514	0.000663	1.000106	-1.013075	
2730	0.999972	-0.000386	-0.154341	0.000386	0.999972	-0.172291	
2731	1.000030	-0.000353	-0.057993	0.000353	1.000030	-0.443638	
2732	1.000169	-0.000397	-0.511817	0.000397	1.000169	-0.120523	
2733	1.000116	-0.000182	-0.336466	0.000182	1.000116	-0.341429	
2734	1.000260	0.000006	-0.504724	-0.000006	1.000260	-0.071072	
2735	1.000239	-0.000106	-0.402370	0.000106	1.000239	0.229111	
2736	1.000014	-0.000118	-0.121811	0.000118	1.000014	0.142111	
2737	0.999978	-0.000286	-0.060776	0.000286	0.999978	-0.396612	
2738	0.999903	-0.000330	-0.008268	0.000330	0.999903	-0.223736	
2739	0.999993	-0.000321	0.015560	0.000321	0.999993	-0.199943	
2740	1.000007	-0.000395	-0.086604	0.000395	1.000007	-0.412680	
2741	1.000036	-0.000492	-0.234401	0.000492	1.000036	-0.491371	
2742	0.999851	-0.000297	0.115811	0.000297	0.999851	-0.175677	
2743	0.999810	-0.000400	0.248491	0.000400	0.999810	0.003124	
2744	0.999945	-0.000556	-0.100400	0.000556	0.999945	-0.966407	
2745	0.999856	-0.000247	0.057644	0.000247	0.999856	-0.370614	
2746	1.000163	-0.000076	-0.047560	0.000076	1.000163	-0.791906	
2747	0.999618	-0.000216	-0.239862	0.000216	0.999618	-0.033444	
2748	1.000148	-0.000171	-0.177284	0.000171	1.000148	0.004624	
2749	0.999955	-0.000375	-0.038362	0.000375	0.999955	-0.080982	
2750	1.000271	-0.000202	-0.256849	0.000202	1.000271	-0.179983	
2751	1.000130	-0.000352	-0.293638	0.000352	1.000130	-0.373600	
2752	1.000383	-0.000372	-0.456388	0.000372	1.000383	-0.494808	
2753	0.999986	-0.000380	0.017763	0.000380	0.999986	-0.471105	
2754	1.000314	-0.000414	-0.525856	0.000414	1.000314	-0.652011	
2755	0.999916	-0.000415	-0.421745	0.000415	0.999916	-0.440391	
2756	1.000299	-0.000002	-1.170063	0.000002	1.000299	-0.345790	
2757	1.000075	-0.000372	-0.525152	0.000372	1.000075	-0.655895	
2758	1.000047	-0.000014	-0.177761	0.000014	1.000047	-0.400699	
2759	1.000296	-0.000388	-0.541880	0.000388	1.000296	-0.993144	
2760	1.000366	-0.000114	-1.440794	0.000114	1.000366	-1.350015	
2761	0.999985	-0.000780	-0.613637	0.000780	0.999985	0.103902	
2762	1.000105	-0.000378	-0.464103	0.000378	1.000105	0.182338	
2763	0.999812	-0.000218	-0.556218	0.000218	0.999812	-0.541608	
2764	1.000405	-0.000294	-1.360006	0.000294	1.000405	-2.146763	
2765	0.999905	-0.000583	-2.334637	0.000583	0.999905	-0.793442	
2766	1.000395	0.000068	-1.611458	-0.000068	1.000395	-1.175230	
2767	0.999703	-0.000536	-0.269267	0.000536	0.999703	-1.565929	
2768	1.000496	-0.001326	-2.544731	0.001326	1.000496	-2.031799	
2769	0.999496	0.000675	-0.750091	-0.000675	0.999496	0.409563	
2770	1.000517	-0.000594	-2.921827	0.000594	1.000517	-3.215455	
2771	0.999935	-0.000995	-3.100570	0.000995	0.999935	-1.290507	
2772	1.000208	-0.000115	0.100883	0.000115	1.000208	-0.877730	
2773	0.999869	-0.000299	0.073517	0.000299	0.999869	-2.371718	
2774	1.000121	-0.000704	-1.193287	0.000704	1.000121	-1.816492	
2775	1.000473	-0.000695	0.598159	0.000695	1.000473	1.155609	
2776	1.000242	-0.001229	0.258426	0.001229	1.000242	-0.718878	
2777	0.999901	-0.000720	-1.554943	0.000720	0.999901	0.708042	
2778	1.000406	0.000684	-0.195821	-0.000684	1.000406	-1.214174	
2779	1.000217	-0.000229	-1.563404	0.000229	1.000217	-2.134866	
2780	1.000468	-0.000658	-0.205928	0.000658	1.000468	-0.190200	
2781	0.999719	0.000528	1.907322	-0.000528	0.999719	-0.299062	
